interaction_id,user_id,restaurant_id,interaction_type,rating,timestamp
I000001,U0368,R0118,rated,3.0,2024-06-05 13:49:00
I000002,U0085,R0295,saved,,2024-10-10 15:51:00
I000003,U0360,R0274,saved,,2025-01-13 21:58:00
I000004,U0090,R0039,viewed,,2024-06-29 01:27:00
I000005,U0254,R0195,rated,4.0,2024-06-22 21:15:00
I000006,U0248,R0151,viewed,,2024-11-19 18:25:00
I000007,U0435,R0250,viewed,,2024-08-23 10:19:00
I000008,U0182,R0055,visited,5.0,2024-06-30 00:06:00
I000009,U0221,R0252,viewed,,2024-03-19 13:07:00
I000010,U0468,R0250,saved,,2024-05-08 07:30:00
I000011,U0203,R0192,viewed,,2024-04-03 17:51:00
I000012,U0337,R0225,viewed,,2024-08-10 00:22:00
I000013,U0453,R0102,viewed,,2024-03-09 12:26:00
I000014,U0492,R0137,viewed,,2024-09-10 21:45:00
I000015,U0473,R0200,rated,4.0,2025-02-09 00:08:00
I000016,U0393,R0122,visited,,2024-11-01 23:00:00
I000017,U0223,R0246,visited,,2024-05-06 19:09:00
I000018,U0374,R0262,viewed,,2024-02-28 08:44:00
I000019,U0127,R0220,saved,,2025-02-18 03:44:00
I000020,U0097,R0077,viewed,,2024-01-20 08:12:00
I000021,U0476,R0075,saved,,2024-02-16 01:24:00
I000022,U0209,R0269,saved,,2024-04-28 07:21:00
I000023,U0219,R0246,saved,,2024-01-27 09:07:00
I000024,U0138,R0187,visited,,2024-06-12 01:11:00
I000025,U0021,R0001,visited,4.0,2024-08-29 08:58:00
I000026,U0311,R0052,viewed,,2024-09-08 11:21:00
I000027,U0156,R0058,viewed,,2024-10-09 04:21:00
I000028,U0122,R0142,viewed,,2025-03-30 03:08:00
I000029,U0323,R0062,rated,4.0,2025-03-28 20:52:00
I000030,U0474,R0051,visited,5.0,2025-01-06 15:48:00
I000031,U0023,R0066,saved,,2024-05-09 17:22:00
I000032,U0459,R0188,saved,,2024-08-11 02:30:00
I000033,U0490,R0290,rated,3.0,2024-04-07 23:52:00
I000034,U0204,R0254,rated,5.0,2024-02-08 05:28:00
I000035,U0400,R0200,viewed,,2024-04-04 00:10:00
I000036,U0005,R0263,saved,,2024-09-25 08:19:00
I000037,U0437,R0113,viewed,,2024-03-01 05:14:00
I000038,U0024,R0274,viewed,,2024-03-16 08:59:00
I000039,U0108,R0274,saved,,2024-11-19 19:23:00
I000040,U0453,R0282,viewed,,2024-11-09 09:20:00
I000041,U0113,R0144,rated,4.0,2024-10-02 21:55:00
I000042,U0399,R0299,saved,,2024-07-14 20:16:00
I000043,U0446,R0283,visited,5.0,2024-04-14 18:40:00
I000044,U0119,R0223,visited,5.0,2024-04-02 14:11:00
I000045,U0418,R0091,viewed,,2025-01-08 05:41:00
I000046,U0145,R0011,rated,4.0,2025-02-22 12:43:00
I000047,U0312,R0097,viewed,,2024-05-05 14:58:00
I000048,U0331,R0207,viewed,,2025-01-07 00:38:00
I000049,U0052,R0194,viewed,,2024-01-07 20:59:00
I000050,U0023,R0068,viewed,,2024-03-14 20:38:00
I000051,U0055,R0278,saved,,2024-12-28 02:12:00
I000052,U0158,R0170,viewed,,2024-10-05 22:17:00
I000053,U0322,R0279,visited,5.0,2024-05-31 03:32:00
I000054,U0454,R0213,visited,5.0,2024-08-06 12:09:00
I000055,U0367,R0058,rated,4.0,2024-04-24 03:18:00
I000056,U0310,R0078,viewed,,2024-11-03 05:43:00
I000057,U0076,R0164,viewed,,2025-02-11 15:52:00
I000058,U0492,R0143,viewed,,2024-03-06 05:49:00
I000059,U0198,R0181,visited,,2024-07-30 19:50:00
I000060,U0326,R0171,visited,,2024-07-15 13:35:00
I000061,U0121,R0186,rated,5.0,2024-01-09 11:35:00
I000062,U0031,R0179,visited,,2024-03-12 09:29:00
I000063,U0468,R0216,visited,4.0,2024-03-11 03:44:00
I000064,U0014,R0218,saved,,2024-12-05 18:04:00
I000065,U0245,R0081,viewed,,2024-02-10 07:04:00
I000066,U0358,R0154,rated,4.0,2024-08-15 20:44:00
I000067,U0007,R0147,viewed,,2024-11-24 01:38:00
I000068,U0385,R0089,viewed,,2025-03-02 13:43:00
I000069,U0217,R0081,viewed,,2024-07-12 04:47:00
I000070,U0113,R0201,saved,,2024-10-13 19:53:00
I000071,U0040,R0240,visited,,2024-07-13 05:03:00
I000072,U0412,R0191,saved,,2024-02-25 03:04:00
I000073,U0186,R0172,viewed,,2024-10-04 03:04:00
I000074,U0327,R0017,viewed,,2024-10-18 18:02:00
I000075,U0289,R0248,saved,,2024-06-07 00:22:00
I000076,U0460,R0258,visited,3.0,2024-10-27 12:30:00
I000077,U0301,R0020,viewed,,2024-08-25 02:56:00
I000078,U0083,R0257,visited,,2025-01-28 10:28:00
I000079,U0403,R0068,viewed,,2025-03-14 13:02:00
I000080,U0457,R0199,rated,4.0,2024-11-06 02:09:00
I000081,U0291,R0255,viewed,,2025-01-27 09:35:00
I000082,U0445,R0045,viewed,,2024-03-27 09:10:00
I000083,U0035,R0144,visited,4.0,2024-12-29 14:16:00
I000084,U0187,R0147,rated,3.0,2024-12-14 04:28:00
I000085,U0126,R0288,visited,5.0,2024-03-22 18:25:00
I000086,U0438,R0038,visited,,2024-06-27 14:29:00
I000087,U0239,R0056,saved,,2024-07-22 13:12:00
I000088,U0206,R0169,viewed,,2024-11-05 15:13:00
I000089,U0360,R0244,viewed,,2024-10-06 04:30:00
I000090,U0075,R0110,viewed,,2024-11-03 12:03:00
I000091,U0243,R0110,rated,3.0,2025-01-23 21:27:00
I000092,U0043,R0073,viewed,,2024-06-01 22:28:00
I000093,U0343,R0133,viewed,,2024-08-07 10:48:00
I000094,U0153,R0085,rated,2.0,2024-09-03 15:34:00
I000095,U0288,R0102,saved,,2024-11-11 04:20:00
I000096,U0341,R0163,visited,,2024-09-12 10:07:00
I000097,U0406,R0209,saved,,2024-08-18 04:40:00
I000098,U0231,R0297,saved,,2024-04-06 13:44:00
I000099,U0111,R0179,viewed,,2024-12-13 18:00:00
I000100,U0190,R0187,visited,,2025-03-20 03:44:00
I000101,U0256,R0234,saved,,2025-02-28 17:27:00
I000102,U0268,R0172,viewed,,2024-08-07 11:11:00
I000103,U0413,R0054,viewed,,2024-07-29 03:31:00
I000104,U0384,R0279,viewed,,2024-10-24 01:42:00
I000105,U0149,R0216,visited,,2024-02-28 06:54:00
I000106,U0241,R0064,saved,,2024-08-25 13:58:00
I000107,U0421,R0203,saved,,2024-04-24 16:18:00
I000108,U0003,R0213,viewed,,2025-02-08 11:53:00
I000109,U0308,R0163,rated,5.0,2024-08-08 07:35:00
I000110,U0499,R0201,saved,,2025-02-28 01:51:00
I000111,U0478,R0296,rated,4.0,2024-07-18 23:11:00
I000112,U0224,R0119,rated,5.0,2024-09-15 03:40:00
I000113,U0082,R0166,viewed,,2024-08-11 00:40:00
I000114,U0395,R0079,saved,,2024-02-10 18:24:00
I000115,U0325,R0184,saved,,2024-04-23 09:12:00
I000116,U0414,R0194,visited,4.0,2024-03-14 20:01:00
I000117,U0063,R0055,viewed,,2024-04-02 02:04:00
I000118,U0107,R0201,saved,,2024-07-30 02:31:00
I000119,U0492,R0040,viewed,,2025-03-31 10:40:00
I000120,U0093,R0153,viewed,,2024-10-17 20:38:00
I000121,U0438,R0017,viewed,,2024-06-26 15:39:00
I000122,U0308,R0280,saved,,2024-05-10 03:12:00
I000123,U0111,R0187,viewed,,2024-06-16 04:14:00
I000124,U0043,R0065,viewed,,2024-02-17 11:45:00
I000125,U0283,R0151,visited,,2024-07-23 06:16:00
I000126,U0301,R0160,viewed,,2025-01-04 15:27:00
I000127,U0319,R0056,visited,,2024-07-10 20:52:00
I000128,U0033,R0231,viewed,,2024-09-18 08:37:00
I000129,U0450,R0272,viewed,,2024-04-02 10:27:00
I000130,U0405,R0096,viewed,,2024-12-02 11:23:00
I000131,U0075,R0161,saved,,2024-01-06 22:21:00
I000132,U0165,R0120,visited,,2024-09-26 06:06:00
I000133,U0102,R0101,visited,3.0,2024-05-20 13:07:00
I000134,U0064,R0232,viewed,,2024-07-15 07:36:00
I000135,U0011,R0146,saved,,2024-10-21 00:58:00
I000136,U0237,R0146,rated,4.0,2024-01-19 17:58:00
I000137,U0271,R0021,viewed,,2024-08-28 03:53:00
I000138,U0481,R0053,viewed,,2024-01-06 04:06:00
I000139,U0166,R0224,viewed,,2025-01-05 11:52:00
I000140,U0479,R0027,saved,,2024-02-26 01:19:00
I000141,U0039,R0136,visited,,2024-05-18 22:10:00
I000142,U0062,R0065,viewed,,2024-10-26 13:40:00
I000143,U0251,R0144,saved,,2024-04-25 02:16:00
I000144,U0039,R0254,viewed,,2024-04-20 14:52:00
I000145,U0198,R0097,viewed,,2025-02-20 18:48:00
I000146,U0390,R0160,visited,,2024-02-24 04:14:00
I000147,U0470,R0187,viewed,,2024-11-13 16:12:00
I000148,U0400,R0205,viewed,,2024-03-25 21:19:00
I000149,U0488,R0296,viewed,,2025-03-24 03:47:00
I000150,U0057,R0124,viewed,,2024-05-16 00:30:00
I000151,U0339,R0272,viewed,,2024-10-08 02:22:00
I000152,U0221,R0109,viewed,,2024-09-17 10:03:00
I000153,U0226,R0140,viewed,,2024-07-14 23:59:00
I000154,U0272,R0253,viewed,,2024-01-26 20:15:00
I000155,U0491,R0057,viewed,,2024-01-19 18:17:00
I000156,U0451,R0138,viewed,,2024-04-14 11:40:00
I000157,U0437,R0123,saved,,2024-03-26 05:21:00
I000158,U0461,R0234,viewed,,2024-08-30 13:21:00
I000159,U0452,R0040,saved,,2024-01-05 19:22:00
I000160,U0251,R0127,viewed,,2024-01-09 18:43:00
I000161,U0149,R0117,viewed,,2024-03-16 03:06:00
I000162,U0132,R0250,viewed,,2025-02-27 11:19:00
I000163,U0397,R0248,saved,,2025-01-07 20:01:00
I000164,U0338,R0073,viewed,,2024-10-22 23:44:00
I000165,U0499,R0221,rated,5.0,2024-04-09 12:40:00
I000166,U0231,R0270,visited,3.0,2024-06-18 12:37:00
I000167,U0214,R0142,viewed,,2024-09-23 22:21:00
I000168,U0497,R0005,saved,,2024-08-26 21:09:00
I000169,U0341,R0084,viewed,,2025-02-13 09:00:00
I000170,U0233,R0021,visited,5.0,2024-09-07 09:00:00
I000171,U0221,R0181,viewed,,2024-05-08 04:22:00
I000172,U0450,R0146,visited,,2024-10-14 04:05:00
I000173,U0366,R0139,saved,,2024-08-09 18:58:00
I000174,U0042,R0149,viewed,,2024-06-30 07:51:00
I000175,U0348,R0198,rated,4.0,2024-02-20 08:58:00
I000176,U0155,R0160,viewed,,2025-03-24 10:51:00
I000177,U0103,R0129,saved,,2024-06-03 09:05:00
I000178,U0237,R0280,saved,,2025-03-02 13:06:00
I000179,U0365,R0184,visited,,2024-07-29 14:01:00
I000180,U0468,R0287,saved,,2024-02-15 04:39:00
I000181,U0298,R0263,saved,,2024-10-16 09:03:00
I000182,U0387,R0202,saved,,2024-08-24 16:29:00
I000183,U0430,R0028,viewed,,2024-11-28 03:21:00
I000184,U0443,R0032,saved,,2024-09-18 23:45:00
I000185,U0028,R0105,visited,,2024-03-10 07:57:00
I000186,U0346,R0080,viewed,,2024-01-04 15:39:00
I000187,U0353,R0103,viewed,,2024-11-05 03:33:00
I000188,U0050,R0127,viewed,,2025-03-02 16:28:00
I000189,U0316,R0064,saved,,2024-04-04 04:52:00
I000190,U0382,R0124,rated,2.0,2024-10-06 06:30:00
I000191,U0246,R0149,viewed,,2024-10-28 15:23:00
I000192,U0342,R0141,visited,4.0,2024-08-01 13:09:00
I000193,U0015,R0146,saved,,2024-01-06 18:19:00
I000194,U0018,R0228,visited,,2024-08-27 23:29:00
I000195,U0258,R0108,rated,4.0,2024-07-18 16:04:00
I000196,U0369,R0289,visited,,2024-05-22 21:19:00
I000197,U0473,R0202,visited,,2024-08-29 19:42:00
I000198,U0425,R0207,viewed,,2025-01-10 05:14:00
I000199,U0050,R0055,saved,,2024-06-14 07:49:00
I000200,U0414,R0122,visited,,2024-07-15 13:59:00
I000201,U0294,R0285,viewed,,2024-08-12 21:18:00
I000202,U0116,R0104,visited,,2025-02-08 06:05:00
I000203,U0343,R0050,visited,,2024-07-03 13:36:00
I000204,U0280,R0037,saved,,2025-01-07 20:33:00
I000205,U0411,R0035,visited,,2024-10-18 02:08:00
I000206,U0401,R0265,viewed,,2024-04-28 01:38:00
I000207,U0277,R0170,visited,3.0,2025-02-28 08:24:00
I000208,U0361,R0184,visited,,2024-02-08 17:36:00
I000209,U0257,R0160,viewed,,2024-12-23 03:37:00
I000210,U0017,R0174,viewed,,2025-03-30 01:08:00
I000211,U0169,R0032,viewed,,2024-10-15 19:44:00
I000212,U0428,R0019,viewed,,2024-08-01 19:47:00
I000213,U0022,R0054,visited,,2024-08-08 15:19:00
I000214,U0401,R0117,viewed,,2025-01-31 06:34:00
I000215,U0027,R0199,visited,,2024-08-06 17:08:00
I000216,U0060,R0225,saved,,2024-07-07 11:12:00
I000217,U0122,R0119,viewed,,2024-07-30 23:48:00
I000218,U0128,R0030,viewed,,2024-04-02 09:02:00
I000219,U0067,R0204,viewed,,2024-02-09 02:16:00
I000220,U0481,R0279,saved,,2025-02-20 11:57:00
I000221,U0469,R0113,viewed,,2024-07-06 17:18:00
I000222,U0137,R0164,visited,3.0,2024-07-29 22:39:00
I000223,U0249,R0144,rated,4.0,2025-03-06 16:14:00
I000224,U0157,R0284,visited,,2024-03-13 01:15:00
I000225,U0233,R0059,visited,4.0,2024-10-28 12:19:00
I000226,U0424,R0044,rated,3.0,2024-07-15 15:01:00
I000227,U0023,R0115,viewed,,2024-08-08 17:03:00
I000228,U0339,R0157,saved,,2024-01-14 19:48:00
I000229,U0481,R0274,saved,,2024-10-17 16:16:00
I000230,U0474,R0122,viewed,,2025-02-13 21:17:00
I000231,U0020,R0141,saved,,2025-02-04 20:51:00
I000232,U0396,R0007,saved,,2024-06-13 08:54:00
I000233,U0092,R0228,viewed,,2024-08-26 01:22:00
I000234,U0246,R0285,viewed,,2024-02-10 08:57:00
I000235,U0313,R0283,viewed,,2024-04-02 08:49:00
I000236,U0403,R0142,viewed,,2024-04-26 20:11:00
I000237,U0076,R0026,saved,,2024-04-04 21:32:00
I000238,U0441,R0226,viewed,,2025-01-02 07:03:00
I000239,U0023,R0121,viewed,,2024-08-15 03:32:00
I000240,U0040,R0122,saved,,2025-02-28 21:26:00
I000241,U0074,R0013,saved,,2024-06-20 13:57:00
I000242,U0334,R0192,rated,4.0,2024-11-14 00:10:00
I000243,U0189,R0023,viewed,,2024-10-29 00:06:00
I000244,U0194,R0299,saved,,2024-07-14 20:05:00
I000245,U0271,R0027,visited,,2024-06-11 08:12:00
I000246,U0429,R0295,viewed,,2024-05-04 11:14:00
I000247,U0060,R0124,rated,3.0,2024-07-28 11:05:00
I000248,U0310,R0118,viewed,,2024-10-18 04:59:00
I000249,U0175,R0161,saved,,2024-09-15 04:36:00
I000250,U0449,R0233,viewed,,2024-05-14 17:45:00
I000251,U0182,R0066,saved,,2024-12-30 09:07:00
I000252,U0024,R0038,visited,,2024-07-28 20:28:00
I000253,U0380,R0224,viewed,,2024-03-09 23:11:00
I000254,U0371,R0261,rated,2.0,2024-10-30 18:23:00
I000255,U0346,R0233,viewed,,2024-09-17 23:37:00
I000256,U0144,R0050,viewed,,2024-01-25 18:33:00
I000257,U0433,R0219,viewed,,2025-01-22 05:09:00
I000258,U0022,R0108,viewed,,2025-03-26 19:20:00
I000259,U0051,R0178,viewed,,2024-05-20 15:28:00
I000260,U0115,R0087,visited,,2025-01-20 03:59:00
I000261,U0119,R0143,viewed,,2025-03-05 16:48:00
I000262,U0100,R0004,visited,4.0,2024-05-24 18:27:00
I000263,U0057,R0062,saved,,2024-05-14 02:55:00
I000264,U0263,R0038,saved,,2024-01-20 13:06:00
I000265,U0450,R0019,visited,3.0,2024-10-27 12:55:00
I000266,U0136,R0241,visited,,2024-05-24 04:12:00
I000267,U0439,R0110,viewed,,2024-10-12 19:13:00
I000268,U0364,R0092,visited,,2024-11-19 18:15:00
I000269,U0327,R0179,saved,,2024-04-02 09:53:00
I000270,U0119,R0150,saved,,2024-11-18 12:38:00
I000271,U0183,R0279,viewed,,2024-02-27 09:26:00
I000272,U0497,R0229,saved,,2024-02-29 05:29:00
I000273,U0352,R0121,viewed,,2024-04-20 13:03:00
I000274,U0288,R0166,saved,,2024-07-19 14:27:00
I000275,U0138,R0249,saved,,2025-02-23 01:19:00
I000276,U0230,R0210,rated,5.0,2024-10-01 06:49:00
I000277,U0315,R0169,visited,,2024-01-11 12:05:00
I000278,U0393,R0284,viewed,,2024-04-17 11:34:00
I000279,U0203,R0118,saved,,2024-07-10 10:26:00
I000280,U0482,R0007,viewed,,2024-09-26 03:32:00
I000281,U0204,R0249,viewed,,2024-01-13 07:40:00
I000282,U0396,R0127,saved,,2025-02-20 12:41:00
I000283,U0361,R0213,saved,,2024-10-04 19:58:00
I000284,U0406,R0201,saved,,2024-06-08 10:27:00
I000285,U0235,R0104,rated,4.0,2024-10-22 15:24:00
I000286,U0150,R0220,rated,5.0,2024-10-14 08:30:00
I000287,U0056,R0160,visited,,2024-02-18 17:10:00
I000288,U0043,R0073,visited,,2025-03-05 18:48:00
I000289,U0120,R0031,saved,,2024-06-08 23:21:00
I000290,U0428,R0078,saved,,2024-11-02 13:55:00
I000291,U0280,R0256,saved,,2024-06-13 14:45:00
I000292,U0218,R0040,saved,,2024-03-23 16:47:00
I000293,U0063,R0086,visited,4.0,2025-03-29 13:31:00
I000294,U0088,R0269,saved,,2024-10-07 13:25:00
I000295,U0005,R0152,rated,4.0,2025-01-03 21:17:00
I000296,U0191,R0289,viewed,,2024-09-24 21:13:00
I000297,U0412,R0191,saved,,2024-08-24 06:59:00
I000298,U0170,R0070,rated,3.0,2024-08-30 00:20:00
I000299,U0214,R0092,viewed,,2024-01-03 09:44:00
I000300,U0276,R0235,viewed,,2024-08-27 19:10:00
I000301,U0453,R0116,viewed,,2024-04-08 08:18:00
I000302,U0157,R0189,visited,3.0,2024-10-04 20:42:00
I000303,U0053,R0111,viewed,,2024-02-22 04:51:00
I000304,U0268,R0197,saved,,2024-10-30 19:17:00
I000305,U0495,R0243,viewed,,2024-04-28 06:05:00
I000306,U0476,R0076,visited,4.0,2024-02-09 01:08:00
I000307,U0262,R0226,viewed,,2024-06-03 16:48:00
I000308,U0194,R0198,visited,,2024-06-11 16:05:00
I000309,U0431,R0224,visited,,2024-12-16 03:35:00
I000310,U0178,R0218,saved,,2024-04-07 12:23:00
I000311,U0092,R0006,viewed,,2024-04-09 00:37:00
I000312,U0159,R0169,viewed,,2024-05-09 16:58:00
I000313,U0007,R0140,viewed,,2024-09-02 12:02:00
I000314,U0357,R0130,viewed,,2024-10-19 00:55:00
I000315,U0324,R0233,viewed,,2025-03-23 20:48:00
I000316,U0280,R0054,viewed,,2024-12-31 04:45:00
I000317,U0434,R0062,saved,,2024-02-01 10:06:00
I000318,U0440,R0279,visited,,2025-01-12 00:21:00
I000319,U0342,R0032,rated,5.0,2024-09-13 04:46:00
I000320,U0137,R0043,viewed,,2024-11-07 06:44:00
I000321,U0259,R0210,saved,,2025-03-04 00:19:00
I000322,U0141,R0288,viewed,,2024-10-17 22:05:00
I000323,U0290,R0238,visited,4.0,2024-02-14 05:20:00
I000324,U0404,R0006,visited,3.0,2025-01-05 07:19:00
I000325,U0072,R0290,viewed,,2024-04-06 08:56:00
I000326,U0133,R0226,viewed,,2024-10-23 11:22:00
I000327,U0324,R0088,visited,5.0,2024-10-02 18:13:00
I000328,U0360,R0223,visited,,2024-04-16 10:44:00
I000329,U0381,R0138,saved,,2024-05-12 06:29:00
I000330,U0240,R0166,viewed,,2024-10-28 01:20:00
I000331,U0360,R0054,rated,5.0,2024-01-05 05:26:00
I000332,U0463,R0052,viewed,,2024-03-24 14:34:00
I000333,U0096,R0012,saved,,2024-10-30 18:44:00
I000334,U0308,R0173,viewed,,2024-01-21 07:48:00
I000335,U0479,R0260,visited,4.0,2024-10-22 12:37:00
I000336,U0495,R0269,rated,4.0,2025-01-19 04:08:00
I000337,U0235,R0203,viewed,,2024-03-16 06:56:00
I000338,U0089,R0155,viewed,,2025-03-15 06:27:00
I000339,U0047,R0126,saved,,2025-02-01 11:00:00
I000340,U0245,R0082,visited,,2024-12-23 06:58:00
I000341,U0050,R0199,saved,,2024-03-09 12:49:00
I000342,U0374,R0218,visited,4.0,2024-12-08 23:37:00
I000343,U0092,R0121,viewed,,2025-02-25 00:39:00
I000344,U0331,R0118,viewed,,2024-04-18 09:27:00
I000345,U0093,R0218,viewed,,2024-12-11 15:02:00
I000346,U0134,R0216,viewed,,2024-09-21 03:29:00
I000347,U0413,R0043,saved,,2024-12-01 12:51:00
I000348,U0414,R0007,viewed,,2024-09-16 12:43:00
I000349,U0411,R0231,rated,3.0,2024-12-30 10:54:00
I000350,U0274,R0187,viewed,,2024-08-05 17:48:00
I000351,U0197,R0041,saved,,2024-12-28 18:16:00
I000352,U0238,R0145,visited,,2024-01-26 19:43:00
I000353,U0190,R0130,saved,,2025-01-27 00:34:00
I000354,U0137,R0092,viewed,,2024-08-16 10:19:00
I000355,U0326,R0019,saved,,2024-01-19 17:47:00
I000356,U0203,R0128,viewed,,2024-03-05 23:09:00
I000357,U0325,R0253,viewed,,2024-08-22 22:39:00
I000358,U0125,R0269,viewed,,2024-06-16 11:02:00
I000359,U0372,R0041,saved,,2024-06-03 13:25:00
I000360,U0316,R0264,rated,3.0,2024-12-21 01:23:00
I000361,U0294,R0243,visited,4.0,2024-12-18 05:17:00
I000362,U0140,R0003,viewed,,2024-07-31 21:08:00
I000363,U0141,R0137,visited,,2024-02-19 07:14:00
I000364,U0010,R0167,saved,,2025-01-07 22:38:00
I000365,U0424,R0236,visited,4.0,2024-07-18 15:59:00
I000366,U0286,R0007,saved,,2025-02-25 14:09:00
I000367,U0131,R0207,visited,,2024-11-19 15:35:00
I000368,U0177,R0043,rated,3.0,2024-07-08 09:18:00
I000369,U0385,R0162,viewed,,2024-03-20 19:37:00
I000370,U0436,R0064,viewed,,2024-02-26 18:18:00
I000371,U0181,R0112,saved,,2024-06-12 11:40:00
I000372,U0273,R0201,viewed,,2025-01-22 14:18:00
I000373,U0423,R0231,visited,,2024-01-02 17:53:00
I000374,U0172,R0238,visited,4.0,2024-10-24 20:26:00
I000375,U0499,R0215,visited,,2024-03-11 19:39:00
I000376,U0258,R0042,rated,4.0,2024-01-12 10:39:00
I000377,U0448,R0123,visited,,2024-06-14 04:18:00
I000378,U0034,R0016,viewed,,2024-05-05 21:38:00
I000379,U0466,R0082,saved,,2024-02-05 00:47:00
I000380,U0241,R0198,viewed,,2024-05-13 22:34:00
I000381,U0425,R0021,visited,,2024-11-28 14:27:00
I000382,U0404,R0064,visited,,2024-10-23 03:46:00
I000383,U0087,R0188,viewed,,2024-05-04 15:13:00
I000384,U0136,R0050,visited,,2024-12-29 15:48:00
I000385,U0126,R0134,saved,,2024-06-18 14:44:00
I000386,U0133,R0291,viewed,,2024-03-12 04:33:00
I000387,U0148,R0014,viewed,,2024-07-04 22:18:00
I000388,U0345,R0151,visited,5.0,2024-11-07 09:54:00
I000389,U0197,R0132,viewed,,2024-04-18 18:19:00
I000390,U0076,R0300,viewed,,2024-09-17 23:55:00
I000391,U0446,R0269,saved,,2024-07-13 00:42:00
I000392,U0485,R0034,viewed,,2024-04-24 04:17:00
I000393,U0380,R0104,viewed,,2024-11-16 03:21:00
I000394,U0127,R0126,saved,,2024-12-19 20:54:00
I000395,U0234,R0091,saved,,2024-10-09 08:05:00
I000396,U0107,R0117,rated,5.0,2024-09-01 14:06:00
I000397,U0275,R0027,saved,,2024-04-10 15:07:00
I000398,U0227,R0043,viewed,,2024-10-28 06:38:00
I000399,U0129,R0209,visited,5.0,2024-09-16 15:32:00
I000400,U0146,R0154,viewed,,2024-06-23 08:43:00
I000401,U0288,R0258,viewed,,2025-01-22 05:31:00
I000402,U0345,R0156,visited,3.0,2024-12-17 17:52:00
I000403,U0094,R0100,rated,4.0,2024-04-19 09:32:00
I000404,U0157,R0164,visited,,2024-11-08 06:36:00
I000405,U0345,R0080,viewed,,2024-07-21 05:54:00
I000406,U0081,R0081,viewed,,2024-08-30 20:38:00
I000407,U0157,R0171,rated,4.0,2024-06-10 14:19:00
I000408,U0393,R0141,saved,,2024-04-16 21:45:00
I000409,U0013,R0165,visited,,2025-01-13 06:51:00
I000410,U0141,R0055,viewed,,2025-01-05 15:46:00
I000411,U0485,R0024,visited,,2024-12-27 15:15:00
I000412,U0144,R0193,viewed,,2024-06-24 08:34:00
I000413,U0057,R0242,saved,,2024-06-15 23:26:00
I000414,U0288,R0046,saved,,2024-10-06 21:16:00
I000415,U0354,R0012,saved,,2025-03-21 22:45:00
I000416,U0110,R0095,viewed,,2024-07-04 10:12:00
I000417,U0347,R0133,visited,5.0,2024-03-02 20:26:00
I000418,U0031,R0263,saved,,2024-01-17 16:55:00
I000419,U0379,R0078,viewed,,2024-11-27 18:21:00
I000420,U0206,R0295,visited,3.0,2024-01-05 07:20:00
I000421,U0219,R0078,viewed,,2024-12-11 10:34:00
I000422,U0367,R0296,saved,,2024-04-15 09:11:00
I000423,U0337,R0107,viewed,,2024-05-18 07:59:00
I000424,U0484,R0226,rated,4.0,2024-01-14 14:55:00
I000425,U0381,R0107,viewed,,2024-07-23 06:13:00
I000426,U0395,R0195,viewed,,2024-03-30 16:58:00
I000427,U0297,R0265,saved,,2024-03-02 15:47:00
I000428,U0163,R0213,rated,4.0,2025-02-13 16:23:00
I000429,U0484,R0234,viewed,,2024-08-03 12:54:00
I000430,U0159,R0034,rated,2.0,2024-06-02 07:44:00
I000431,U0460,R0166,visited,4.0,2024-01-05 04:33:00
I000432,U0391,R0020,visited,,2024-12-04 09:23:00
I000433,U0215,R0089,viewed,,2024-03-18 23:51:00
I000434,U0415,R0093,visited,,2024-01-16 15:13:00
I000435,U0015,R0014,visited,2.0,2025-03-22 04:58:00
I000436,U0391,R0269,viewed,,2024-06-27 07:05:00
I000437,U0215,R0034,saved,,2024-07-31 17:28:00
I000438,U0069,R0001,visited,,2024-03-06 10:42:00
I000439,U0384,R0293,viewed,,2024-03-07 04:14:00
I000440,U0368,R0207,saved,,2024-05-07 07:16:00
I000441,U0095,R0155,rated,4.0,2024-12-08 18:33:00
I000442,U0137,R0068,viewed,,2024-03-15 18:47:00
I000443,U0428,R0122,viewed,,2024-10-19 15:30:00
I000444,U0440,R0177,rated,4.0,2024-10-22 12:28:00
I000445,U0280,R0226,viewed,,2025-01-28 16:59:00
I000446,U0096,R0131,visited,,2024-08-21 21:06:00
I000447,U0065,R0049,visited,5.0,2024-10-08 22:18:00
I000448,U0043,R0259,visited,,2024-09-18 06:09:00
I000449,U0272,R0269,viewed,,2024-10-03 07:44:00
I000450,U0485,R0272,viewed,,2024-12-14 05:40:00
I000451,U0486,R0206,visited,,2024-08-31 14:20:00
I000452,U0070,R0154,viewed,,2024-10-11 21:19:00
I000453,U0211,R0072,visited,,2025-02-17 07:25:00
I000454,U0201,R0100,visited,5.0,2024-05-21 04:57:00
I000455,U0300,R0078,viewed,,2024-05-21 10:00:00
I000456,U0278,R0233,visited,,2025-01-03 10:56:00
I000457,U0457,R0131,viewed,,2024-10-26 05:56:00
I000458,U0116,R0268,rated,3.0,2024-11-04 19:55:00
I000459,U0328,R0261,saved,,2024-05-08 11:05:00
I000460,U0249,R0125,saved,,2024-08-10 21:17:00
I000461,U0266,R0196,viewed,,2025-03-05 20:06:00
I000462,U0295,R0049,saved,,2024-07-03 18:43:00
I000463,U0294,R0268,viewed,,2025-02-16 20:47:00
I000464,U0013,R0169,visited,,2025-01-08 14:54:00
I000465,U0457,R0130,saved,,2024-06-29 07:17:00
I000466,U0229,R0025,saved,,2024-11-21 08:49:00
I000467,U0407,R0083,saved,,2024-10-07 20:20:00
I000468,U0439,R0046,visited,,2025-03-04 07:20:00
I000469,U0425,R0157,saved,,2024-11-23 12:20:00
I000470,U0319,R0255,rated,2.0,2024-04-13 08:54:00
I000471,U0166,R0009,saved,,2024-09-16 22:41:00
I000472,U0276,R0092,saved,,2024-04-11 02:05:00
I000473,U0126,R0281,rated,4.0,2024-01-14 15:14:00
I000474,U0427,R0113,viewed,,2024-11-27 06:09:00
I000475,U0007,R0152,viewed,,2024-11-09 15:53:00
I000476,U0291,R0099,visited,,2024-11-17 18:56:00
I000477,U0135,R0221,visited,,2024-06-12 17:22:00
I000478,U0040,R0069,visited,,2025-02-11 17:37:00
I000479,U0275,R0161,visited,2.0,2024-06-27 22:44:00
I000480,U0115,R0239,rated,5.0,2024-08-23 19:28:00
I000481,U0255,R0224,rated,4.0,2024-01-12 17:28:00
I000482,U0245,R0076,viewed,,2025-01-03 08:36:00
I000483,U0357,R0156,visited,,2024-07-27 04:49:00
I000484,U0184,R0062,viewed,,2024-02-02 16:26:00
I000485,U0170,R0046,viewed,,2024-12-24 21:24:00
I000486,U0413,R0209,viewed,,2025-03-09 10:11:00
I000487,U0050,R0160,saved,,2025-03-26 08:31:00
I000488,U0047,R0095,viewed,,2024-06-28 20:40:00
I000489,U0042,R0174,viewed,,2024-05-11 00:56:00
I000490,U0031,R0192,viewed,,2024-09-27 00:00:00
I000491,U0168,R0197,rated,3.0,2024-10-17 18:23:00
I000492,U0097,R0256,viewed,,2024-06-25 03:55:00
I000493,U0417,R0228,viewed,,2024-10-02 03:51:00
I000494,U0056,R0179,visited,2.0,2024-02-21 15:12:00
I000495,U0343,R0284,viewed,,2024-03-13 07:52:00
I000496,U0022,R0184,rated,5.0,2024-09-02 21:45:00
I000497,U0330,R0103,viewed,,2025-01-25 06:18:00
I000498,U0194,R0043,viewed,,2024-06-13 17:30:00
I000499,U0313,R0200,rated,3.0,2025-01-29 09:49:00
I000500,U0274,R0015,saved,,2024-04-06 11:34:00
I000501,U0038,R0105,saved,,2024-11-09 00:02:00
I000502,U0473,R0196,saved,,2024-05-28 00:57:00
I000503,U0200,R0117,rated,5.0,2024-01-23 04:09:00
I000504,U0364,R0159,rated,2.0,2025-01-12 08:26:00
I000505,U0212,R0194,rated,3.0,2025-02-22 15:16:00
I000506,U0251,R0035,saved,,2025-01-13 08:43:00
I000507,U0285,R0255,viewed,,2024-01-19 15:30:00
I000508,U0056,R0058,visited,4.0,2025-01-25 22:51:00
I000509,U0035,R0124,saved,,2025-01-13 04:28:00
I000510,U0306,R0022,saved,,2024-04-06 06:46:00
I000511,U0486,R0079,rated,4.0,2024-03-30 11:29:00
I000512,U0103,R0029,viewed,,2024-05-29 16:04:00
I000513,U0172,R0225,visited,,2024-11-04 16:18:00
I000514,U0286,R0083,rated,4.0,2024-01-30 03:43:00
I000515,U0165,R0190,visited,,2024-01-04 12:00:00
I000516,U0394,R0291,viewed,,2024-11-17 01:36:00
I000517,U0280,R0038,visited,,2024-10-19 20:24:00
I000518,U0145,R0199,saved,,2024-12-15 15:39:00
I000519,U0326,R0233,rated,4.0,2024-08-20 17:56:00
I000520,U0185,R0115,saved,,2024-03-30 12:16:00
I000521,U0452,R0083,viewed,,2025-02-16 09:09:00
I000522,U0022,R0236,rated,3.0,2025-03-12 07:25:00
I000523,U0065,R0181,saved,,2025-03-28 13:29:00
I000524,U0167,R0205,viewed,,2024-05-05 06:45:00
I000525,U0098,R0292,visited,,2024-11-12 11:57:00
I000526,U0158,R0110,viewed,,2024-10-04 20:28:00
I000527,U0154,R0212,saved,,2024-10-09 05:42:00
I000528,U0483,R0227,viewed,,2024-10-17 21:11:00
I000529,U0411,R0102,viewed,,2024-05-05 23:08:00
I000530,U0391,R0250,visited,,2025-01-11 20:56:00
I000531,U0019,R0050,viewed,,2024-01-05 01:21:00
I000532,U0462,R0183,viewed,,2024-04-19 09:53:00
I000533,U0411,R0288,visited,4.0,2024-03-01 17:58:00
I000534,U0317,R0210,visited,,2024-05-23 22:54:00
I000535,U0050,R0021,viewed,,2024-07-13 15:10:00
I000536,U0300,R0293,visited,,2024-12-09 18:22:00
I000537,U0454,R0190,viewed,,2024-06-02 21:25:00
I000538,U0470,R0077,visited,,2024-04-10 20:20:00
I000539,U0150,R0043,rated,4.0,2024-09-10 00:39:00
I000540,U0187,R0130,viewed,,2024-09-23 00:31:00
I000541,U0164,R0086,viewed,,2024-06-05 08:28:00
I000542,U0222,R0173,saved,,2025-01-23 21:29:00
I000543,U0338,R0042,viewed,,2025-03-22 19:00:00
I000544,U0377,R0294,saved,,2024-08-28 12:24:00
I000545,U0019,R0139,saved,,2025-02-15 16:54:00
I000546,U0402,R0218,viewed,,2024-06-26 23:16:00
I000547,U0459,R0059,viewed,,2025-01-25 03:15:00
I000548,U0039,R0091,viewed,,2025-02-14 07:49:00
I000549,U0045,R0039,viewed,,2025-02-17 10:55:00
I000550,U0466,R0037,saved,,2025-03-22 14:40:00
I000551,U0448,R0170,viewed,,2024-03-03 01:45:00
I000552,U0475,R0042,saved,,2024-02-16 00:27:00
I000553,U0406,R0120,saved,,2024-07-17 10:40:00
I000554,U0272,R0099,viewed,,2024-09-10 19:45:00
I000555,U0096,R0241,saved,,2025-03-18 01:28:00
I000556,U0095,R0260,viewed,,2024-04-11 08:09:00
I000557,U0039,R0097,saved,,2024-04-26 05:25:00
I000558,U0272,R0004,rated,5.0,2024-05-08 09:48:00
I000559,U0083,R0034,viewed,,2025-01-10 01:39:00
I000560,U0387,R0221,rated,5.0,2025-01-01 14:00:00
I000561,U0395,R0186,visited,,2024-10-18 08:46:00
I000562,U0430,R0164,saved,,2024-09-02 11:31:00
I000563,U0154,R0251,rated,2.0,2024-04-07 07:37:00
I000564,U0167,R0207,visited,,2024-03-13 23:48:00
I000565,U0196,R0077,viewed,,2025-02-09 21:57:00
I000566,U0095,R0112,viewed,,2024-03-17 08:21:00
I000567,U0438,R0282,viewed,,2024-11-06 23:31:00
I000568,U0312,R0149,visited,,2024-04-20 13:31:00
I000569,U0272,R0145,viewed,,2024-12-18 04:23:00
I000570,U0290,R0243,visited,,2024-04-17 10:44:00
I000571,U0120,R0161,rated,2.0,2024-08-31 08:35:00
I000572,U0451,R0049,viewed,,2024-06-13 02:33:00
I000573,U0457,R0137,viewed,,2024-04-08 08:45:00
I000574,U0031,R0243,saved,,2024-06-16 11:52:00
I000575,U0306,R0062,viewed,,2025-03-29 06:33:00
I000576,U0405,R0193,visited,5.0,2024-05-13 06:09:00
I000577,U0152,R0013,saved,,2024-08-03 02:23:00
I000578,U0196,R0285,viewed,,2024-06-09 03:59:00
I000579,U0141,R0234,saved,,2024-08-20 09:10:00
I000580,U0301,R0066,viewed,,2024-01-27 10:35:00
I000581,U0245,R0189,visited,4.0,2024-01-14 20:27:00
I000582,U0331,R0166,viewed,,2025-03-04 01:41:00
I000583,U0029,R0068,rated,4.0,2024-03-12 04:06:00
I000584,U0046,R0107,viewed,,2025-03-20 08:14:00
I000585,U0286,R0013,visited,5.0,2024-01-22 01:14:00
I000586,U0344,R0203,saved,,2024-09-09 00:42:00
I000587,U0425,R0085,viewed,,2024-01-04 20:47:00
I000588,U0319,R0145,viewed,,2024-07-17 05:53:00
I000589,U0168,R0134,saved,,2024-08-19 00:28:00
I000590,U0105,R0095,viewed,,2024-02-24 23:59:00
I000591,U0448,R0106,saved,,2025-01-17 09:53:00
I000592,U0453,R0130,viewed,,2024-01-07 06:53:00
I000593,U0093,R0171,visited,3.0,2024-06-16 14:25:00
I000594,U0408,R0128,viewed,,2024-01-01 00:39:00
I000595,U0477,R0001,saved,,2024-10-17 05:06:00
I000596,U0028,R0189,viewed,,2024-08-04 23:56:00
I000597,U0191,R0039,saved,,2024-06-01 01:57:00
I000598,U0062,R0155,visited,,2025-02-13 06:07:00
I000599,U0478,R0244,viewed,,2025-01-06 07:29:00
I000600,U0140,R0139,saved,,2024-02-02 23:44:00
I000601,U0079,R0111,visited,4.0,2024-09-11 13:53:00
I000602,U0239,R0212,viewed,,2024-01-23 21:04:00
I000603,U0492,R0144,rated,4.0,2024-04-13 08:01:00
I000604,U0381,R0025,viewed,,2024-07-07 14:52:00
I000605,U0242,R0279,saved,,2024-07-09 23:35:00
I000606,U0277,R0075,visited,,2024-10-24 12:23:00
I000607,U0076,R0254,visited,,2024-02-14 19:16:00
I000608,U0454,R0071,saved,,2024-08-26 14:48:00
I000609,U0277,R0082,visited,,2025-02-09 06:52:00
I000610,U0279,R0022,saved,,2024-05-10 17:42:00
I000611,U0167,R0192,saved,,2024-12-02 12:14:00
I000612,U0353,R0055,saved,,2024-03-20 22:57:00
I000613,U0356,R0157,viewed,,2025-02-26 06:34:00
I000614,U0098,R0013,viewed,,2024-04-16 05:52:00
I000615,U0398,R0037,viewed,,2024-03-01 13:22:00
I000616,U0339,R0207,saved,,2024-06-24 12:23:00
I000617,U0107,R0156,saved,,2024-09-01 20:39:00
I000618,U0395,R0051,saved,,2025-03-26 11:43:00
I000619,U0252,R0014,rated,4.0,2025-01-23 02:30:00
I000620,U0130,R0279,viewed,,2025-03-01 22:40:00
I000621,U0473,R0049,rated,5.0,2024-05-03 19:30:00
I000622,U0018,R0166,saved,,2025-03-13 14:13:00
I000623,U0315,R0211,saved,,2024-10-30 21:49:00
I000624,U0015,R0260,viewed,,2024-08-25 08:44:00
I000625,U0275,R0025,viewed,,2024-09-21 15:11:00
I000626,U0462,R0232,viewed,,2024-05-28 19:21:00
I000627,U0496,R0040,viewed,,2024-01-03 12:49:00
I000628,U0382,R0091,viewed,,2024-04-03 07:21:00
I000629,U0486,R0060,viewed,,2025-01-14 19:36:00
I000630,U0013,R0225,saved,,2024-08-08 00:45:00
I000631,U0269,R0189,viewed,,2024-08-30 01:17:00
I000632,U0035,R0034,visited,,2024-08-31 12:32:00
I000633,U0449,R0071,viewed,,2024-10-19 05:42:00
I000634,U0060,R0287,viewed,,2024-06-02 04:47:00
I000635,U0360,R0201,viewed,,2025-02-07 00:07:00
I000636,U0097,R0244,saved,,2024-03-29 12:35:00
I000637,U0440,R0262,saved,,2024-09-01 16:04:00
I000638,U0290,R0085,saved,,2025-03-05 20:23:00
I000639,U0477,R0192,visited,,2025-01-18 04:30:00
I000640,U0331,R0081,viewed,,2024-09-11 02:27:00
I000641,U0021,R0190,viewed,,2024-11-28 10:19:00
I000642,U0241,R0262,saved,,2025-03-05 22:37:00
I000643,U0310,R0294,viewed,,2024-12-20 15:21:00
I000644,U0305,R0263,visited,2.0,2024-05-02 18:12:00
I000645,U0179,R0157,viewed,,2024-12-12 13:17:00
I000646,U0353,R0152,saved,,2024-12-30 17:35:00
I000647,U0165,R0105,visited,5.0,2025-01-05 23:56:00
I000648,U0150,R0127,saved,,2025-03-01 10:11:00
I000649,U0455,R0255,viewed,,2025-01-02 08:59:00
I000650,U0075,R0131,saved,,2024-07-11 17:25:00
I000651,U0002,R0035,rated,5.0,2024-09-10 14:59:00
I000652,U0262,R0291,viewed,,2024-08-06 20:31:00
I000653,U0199,R0161,viewed,,2024-07-04 01:02:00
I000654,U0434,R0036,viewed,,2024-05-17 04:50:00
I000655,U0050,R0217,visited,,2024-01-06 03:21:00
I000656,U0124,R0119,saved,,2025-01-19 08:59:00
I000657,U0163,R0113,rated,5.0,2024-07-15 06:34:00
I000658,U0064,R0049,viewed,,2024-05-03 14:39:00
I000659,U0144,R0055,saved,,2024-08-10 18:55:00
I000660,U0308,R0198,viewed,,2025-03-09 02:26:00
I000661,U0365,R0228,saved,,2024-07-15 19:48:00
I000662,U0269,R0176,visited,,2025-03-05 14:38:00
I000663,U0106,R0191,viewed,,2025-03-04 22:43:00
I000664,U0194,R0087,saved,,2024-06-09 11:25:00
I000665,U0461,R0119,visited,,2024-12-17 18:15:00
I000666,U0331,R0034,visited,3.0,2024-06-25 11:24:00
I000667,U0011,R0252,viewed,,2024-08-05 02:27:00
I000668,U0131,R0179,visited,,2024-09-02 05:10:00
I000669,U0047,R0082,saved,,2024-01-26 08:05:00
I000670,U0269,R0131,saved,,2025-03-15 13:17:00
I000671,U0446,R0096,viewed,,2024-09-23 02:14:00
I000672,U0294,R0091,viewed,,2024-08-04 05:15:00
I000673,U0189,R0092,visited,5.0,2024-01-05 10:54:00
I000674,U0030,R0202,viewed,,2024-03-20 04:15:00
I000675,U0143,R0237,viewed,,2024-02-26 22:15:00
I000676,U0083,R0022,saved,,2024-01-01 09:29:00
I000677,U0207,R0269,saved,,2024-09-23 11:50:00
I000678,U0311,R0296,rated,4.0,2025-01-19 08:33:00
I000679,U0480,R0209,visited,3.0,2024-01-19 06:04:00
I000680,U0060,R0212,viewed,,2024-01-13 10:31:00
I000681,U0102,R0009,saved,,2025-01-19 04:28:00
I000682,U0155,R0203,viewed,,2024-04-26 14:16:00
I000683,U0460,R0052,viewed,,2024-08-26 12:56:00
I000684,U0335,R0222,viewed,,2025-02-24 16:35:00
I000685,U0445,R0246,viewed,,2024-06-07 16:10:00
I000686,U0006,R0052,rated,3.0,2024-05-18 01:01:00
I000687,U0191,R0013,viewed,,2024-11-09 14:22:00
I000688,U0319,R0168,viewed,,2024-09-21 18:07:00
I000689,U0222,R0264,saved,,2025-01-08 23:36:00
I000690,U0079,R0194,saved,,2025-01-09 23:40:00
I000691,U0137,R0074,visited,3.0,2024-07-15 08:25:00
I000692,U0113,R0022,viewed,,2024-03-09 06:26:00
I000693,U0423,R0078,saved,,2024-04-17 00:04:00
I000694,U0084,R0020,visited,3.0,2024-08-27 05:59:00
I000695,U0345,R0253,saved,,2025-02-19 10:39:00
I000696,U0168,R0270,saved,,2025-01-01 18:33:00
I000697,U0399,R0126,viewed,,2024-09-04 08:21:00
I000698,U0499,R0208,saved,,2025-02-14 08:06:00
I000699,U0259,R0186,visited,,2024-06-02 02:15:00
I000700,U0475,R0030,rated,4.0,2024-03-19 13:30:00
I000701,U0061,R0158,rated,5.0,2024-09-08 12:37:00
I000702,U0110,R0208,viewed,,2024-05-04 19:51:00
I000703,U0085,R0173,viewed,,2024-07-11 02:06:00
I000704,U0002,R0242,viewed,,2025-03-07 11:43:00
I000705,U0045,R0021,viewed,,2024-02-21 01:37:00
I000706,U0421,R0099,rated,4.0,2025-02-25 15:06:00
I000707,U0146,R0071,saved,,2024-05-13 05:41:00
I000708,U0398,R0264,saved,,2024-12-18 09:02:00
I000709,U0184,R0261,saved,,2025-02-21 12:26:00
I000710,U0108,R0124,saved,,2024-01-19 02:03:00
I000711,U0301,R0061,rated,5.0,2024-03-05 04:46:00
I000712,U0368,R0247,viewed,,2024-11-25 21:42:00
I000713,U0177,R0034,visited,,2024-07-18 05:52:00
I000714,U0204,R0166,visited,,2024-12-28 13:42:00
I000715,U0085,R0129,viewed,,2024-06-20 04:02:00
I000716,U0453,R0072,saved,,2024-05-22 06:46:00
I000717,U0093,R0214,viewed,,2024-07-03 22:21:00
I000718,U0410,R0191,viewed,,2025-01-30 16:12:00
I000719,U0109,R0076,saved,,2025-01-12 23:32:00
I000720,U0271,R0101,visited,,2024-08-20 23:37:00
I000721,U0387,R0234,viewed,,2024-07-27 18:40:00
I000722,U0450,R0214,rated,3.0,2024-11-07 18:14:00
I000723,U0115,R0231,visited,,2025-02-22 07:42:00
I000724,U0464,R0297,viewed,,2024-09-28 07:02:00
I000725,U0114,R0231,viewed,,2024-01-25 02:51:00
I000726,U0412,R0141,rated,3.0,2024-08-01 00:32:00
I000727,U0340,R0027,saved,,2024-09-30 21:35:00
I000728,U0103,R0008,viewed,,2024-11-27 07:30:00
I000729,U0011,R0051,saved,,2024-05-12 05:42:00
I000730,U0150,R0132,rated,4.0,2024-04-14 23:10:00
I000731,U0257,R0274,viewed,,2024-12-08 19:17:00
I000732,U0403,R0043,viewed,,2024-03-31 12:51:00
I000733,U0084,R0075,saved,,2024-12-19 17:12:00
I000734,U0246,R0180,rated,5.0,2025-02-09 13:06:00
I000735,U0207,R0109,saved,,2024-09-04 18:47:00
I000736,U0019,R0232,visited,4.0,2024-12-06 11:41:00
I000737,U0060,R0070,saved,,2024-10-09 23:48:00
I000738,U0017,R0163,viewed,,2024-08-05 09:02:00
I000739,U0440,R0055,viewed,,2024-03-11 22:16:00
I000740,U0209,R0012,viewed,,2024-04-04 22:05:00
I000741,U0309,R0052,viewed,,2024-05-15 10:20:00
I000742,U0455,R0064,viewed,,2025-02-13 02:14:00
I000743,U0026,R0142,saved,,2025-01-21 17:58:00
I000744,U0337,R0153,viewed,,2024-01-21 09:58:00
I000745,U0450,R0216,saved,,2025-01-14 01:08:00
I000746,U0302,R0003,viewed,,2024-08-28 11:25:00
I000747,U0278,R0055,saved,,2024-10-14 07:05:00
I000748,U0172,R0087,visited,,2024-02-23 20:51:00
I000749,U0009,R0241,saved,,2024-03-27 23:52:00
I000750,U0443,R0261,viewed,,2024-12-14 16:56:00
I000751,U0398,R0097,saved,,2024-08-08 06:39:00
I000752,U0342,R0199,viewed,,2024-06-25 04:25:00
I000753,U0148,R0138,visited,2.0,2024-08-03 08:41:00
I000754,U0310,R0255,viewed,,2024-10-29 06:47:00
I000755,U0417,R0298,visited,4.0,2024-01-21 07:15:00
I000756,U0351,R0203,viewed,,2024-02-27 18:00:00
I000757,U0425,R0008,saved,,2024-08-16 04:09:00
I000758,U0167,R0211,viewed,,2024-05-20 14:42:00
I000759,U0104,R0075,viewed,,2025-03-21 21:54:00
I000760,U0485,R0125,rated,3.0,2024-08-11 01:16:00
I000761,U0269,R0149,viewed,,2024-05-27 04:18:00
I000762,U0144,R0091,viewed,,2025-02-06 16:04:00
I000763,U0301,R0233,visited,,2024-12-18 08:53:00
I000764,U0245,R0200,viewed,,2024-08-12 04:01:00
I000765,U0075,R0057,viewed,,2024-05-10 22:06:00
I000766,U0383,R0207,saved,,2025-03-29 03:15:00
I000767,U0461,R0145,saved,,2024-12-08 17:54:00
I000768,U0272,R0094,rated,4.0,2024-01-02 04:01:00
I000769,U0175,R0001,viewed,,2025-01-10 09:46:00
I000770,U0392,R0218,visited,,2024-11-17 12:42:00
I000771,U0050,R0195,viewed,,2024-05-05 10:02:00
I000772,U0440,R0173,saved,,2024-09-29 10:31:00
I000773,U0009,R0040,visited,4.0,2025-03-19 01:13:00
I000774,U0240,R0212,rated,4.0,2024-02-22 21:35:00
I000775,U0226,R0070,viewed,,2024-07-08 03:02:00
I000776,U0481,R0124,saved,,2024-10-04 05:42:00
I000777,U0251,R0111,rated,2.0,2024-02-21 02:32:00
I000778,U0285,R0085,viewed,,2024-11-17 18:01:00
I000779,U0342,R0141,rated,3.0,2024-04-29 23:02:00
I000780,U0376,R0092,saved,,2024-03-08 09:29:00
I000781,U0032,R0231,viewed,,2024-03-01 23:58:00
I000782,U0371,R0105,saved,,2025-01-24 09:53:00
I000783,U0352,R0222,viewed,,2024-03-22 15:24:00
I000784,U0004,R0088,visited,,2024-08-03 03:05:00
I000785,U0392,R0081,saved,,2024-02-25 13:14:00
I000786,U0359,R0086,viewed,,2024-10-11 21:33:00
I000787,U0454,R0232,rated,4.0,2024-09-29 21:36:00
I000788,U0313,R0228,viewed,,2024-04-19 23:51:00
I000789,U0396,R0011,viewed,,2025-01-30 17:29:00
I000790,U0058,R0287,visited,,2025-01-12 04:03:00
I000791,U0119,R0065,viewed,,2025-03-15 19:34:00
I000792,U0453,R0038,saved,,2024-06-22 16:34:00
I000793,U0048,R0133,viewed,,2025-02-27 05:02:00
I000794,U0320,R0227,saved,,2024-10-06 02:47:00
I000795,U0390,R0165,saved,,2025-03-09 10:01:00
I000796,U0371,R0016,viewed,,2025-01-15 20:37:00
I000797,U0247,R0051,visited,,2024-01-30 20:47:00
I000798,U0181,R0161,viewed,,2024-09-15 20:18:00
I000799,U0308,R0296,saved,,2024-09-24 02:09:00
I000800,U0240,R0014,viewed,,2024-12-04 08:56:00
I000801,U0126,R0194,saved,,2024-07-04 23:33:00
I000802,U0141,R0272,viewed,,2024-03-03 07:26:00
I000803,U0402,R0296,viewed,,2024-12-31 01:40:00
I000804,U0241,R0028,viewed,,2024-11-04 19:35:00
I000805,U0009,R0270,viewed,,2024-05-17 01:59:00
I000806,U0063,R0201,viewed,,2025-03-31 17:58:00
I000807,U0271,R0003,visited,,2024-11-25 05:35:00
I000808,U0486,R0243,visited,,2024-07-12 22:48:00
I000809,U0205,R0138,visited,4.0,2024-07-23 19:43:00
I000810,U0152,R0088,visited,,2024-06-06 13:19:00
I000811,U0082,R0011,viewed,,2025-01-02 04:23:00
I000812,U0129,R0043,viewed,,2024-07-18 09:40:00
I000813,U0200,R0081,rated,3.0,2025-01-22 09:55:00
I000814,U0448,R0022,saved,,2025-01-04 21:23:00
I000815,U0175,R0279,saved,,2025-03-19 23:01:00
I000816,U0375,R0056,saved,,2024-09-13 16:11:00
I000817,U0175,R0020,visited,,2024-05-29 07:13:00
I000818,U0470,R0111,saved,,2024-06-30 06:53:00
I000819,U0453,R0063,viewed,,2024-03-13 03:05:00
I000820,U0311,R0102,viewed,,2024-12-13 06:31:00
I000821,U0166,R0116,saved,,2024-01-18 23:04:00
I000822,U0314,R0259,rated,5.0,2024-07-18 03:29:00
I000823,U0269,R0005,viewed,,2025-02-24 00:51:00
I000824,U0126,R0194,visited,,2025-01-08 09:52:00
I000825,U0313,R0178,viewed,,2024-06-08 19:04:00
I000826,U0328,R0295,visited,4.0,2024-07-22 16:30:00
I000827,U0388,R0209,visited,4.0,2024-04-20 19:38:00
I000828,U0259,R0076,viewed,,2024-06-20 10:26:00
I000829,U0019,R0151,viewed,,2025-01-17 01:53:00
I000830,U0173,R0122,viewed,,2024-08-10 23:02:00
I000831,U0266,R0050,viewed,,2025-02-03 00:02:00
I000832,U0185,R0200,saved,,2025-02-22 00:24:00
I000833,U0079,R0234,visited,3.0,2024-03-30 06:16:00
I000834,U0460,R0175,visited,,2024-04-03 13:36:00
I000835,U0269,R0136,rated,4.0,2024-02-29 07:19:00
I000836,U0459,R0284,viewed,,2024-08-17 06:21:00
I000837,U0153,R0122,saved,,2024-10-08 23:57:00
I000838,U0271,R0070,viewed,,2024-11-26 11:39:00
I000839,U0371,R0064,saved,,2024-08-19 22:44:00
I000840,U0412,R0149,viewed,,2024-01-09 22:28:00
I000841,U0329,R0234,visited,3.0,2025-02-05 11:37:00
I000842,U0197,R0292,saved,,2024-02-22 09:01:00
I000843,U0456,R0098,visited,,2024-04-24 09:49:00
I000844,U0243,R0080,viewed,,2025-01-26 13:57:00
I000845,U0016,R0227,viewed,,2024-10-14 23:14:00
I000846,U0267,R0113,saved,,2024-07-04 20:15:00
I000847,U0461,R0267,visited,,2025-03-04 09:52:00
I000848,U0175,R0016,rated,3.0,2024-03-16 12:37:00
I000849,U0194,R0177,viewed,,2025-02-28 06:00:00
I000850,U0414,R0271,viewed,,2025-01-19 03:16:00
I000851,U0432,R0099,visited,5.0,2024-10-27 09:54:00
I000852,U0001,R0004,visited,,2025-03-29 12:04:00
I000853,U0422,R0014,viewed,,2024-09-27 01:39:00
I000854,U0332,R0143,visited,3.0,2025-01-12 10:03:00
I000855,U0442,R0268,saved,,2024-08-14 20:26:00
I000856,U0322,R0074,viewed,,2024-11-22 08:17:00
I000857,U0009,R0254,saved,,2024-07-19 05:03:00
I000858,U0290,R0035,saved,,2024-07-22 16:43:00
I000859,U0274,R0135,viewed,,2024-04-13 14:14:00
I000860,U0088,R0104,rated,3.0,2024-02-25 14:34:00
I000861,U0475,R0041,viewed,,2024-03-25 21:06:00
I000862,U0041,R0084,viewed,,2025-01-19 13:15:00
I000863,U0163,R0068,viewed,,2024-06-25 12:07:00
I000864,U0457,R0280,viewed,,2024-01-26 23:10:00
I000865,U0443,R0297,viewed,,2024-07-21 09:32:00
I000866,U0023,R0049,viewed,,2024-01-28 07:28:00
I000867,U0088,R0096,visited,,2025-03-25 15:57:00
I000868,U0053,R0100,visited,,2024-10-20 17:21:00
I000869,U0352,R0225,viewed,,2025-02-27 07:55:00
I000870,U0059,R0264,saved,,2024-06-12 13:01:00
I000871,U0360,R0279,visited,,2024-03-01 14:30:00
I000872,U0359,R0032,rated,5.0,2024-04-30 12:33:00
I000873,U0193,R0277,visited,4.0,2024-04-24 20:22:00
I000874,U0168,R0082,viewed,,2025-03-23 21:23:00
I000875,U0208,R0292,viewed,,2024-11-29 05:04:00
I000876,U0293,R0072,viewed,,2024-08-21 19:02:00
I000877,U0138,R0121,saved,,2024-05-27 17:55:00
I000878,U0009,R0082,visited,,2025-02-12 01:38:00
I000879,U0150,R0067,visited,,2024-11-08 16:35:00
I000880,U0280,R0260,visited,,2024-12-21 20:28:00
I000881,U0121,R0279,viewed,,2024-04-10 17:49:00
I000882,U0498,R0096,visited,3.0,2025-02-03 02:39:00
I000883,U0033,R0237,viewed,,2024-07-15 17:09:00
I000884,U0259,R0255,viewed,,2025-03-03 04:20:00
I000885,U0265,R0296,rated,4.0,2024-01-20 20:34:00
I000886,U0163,R0269,saved,,2024-12-15 20:50:00
I000887,U0122,R0189,viewed,,2024-01-16 21:57:00
I000888,U0016,R0064,rated,4.0,2024-03-31 23:21:00
I000889,U0437,R0192,viewed,,2024-09-25 12:29:00
I000890,U0304,R0202,saved,,2025-02-21 19:18:00
I000891,U0175,R0208,viewed,,2024-12-14 10:11:00
I000892,U0478,R0248,rated,3.0,2024-07-18 05:36:00
I000893,U0114,R0114,saved,,2024-12-17 11:06:00
I000894,U0115,R0259,saved,,2024-07-08 11:01:00
I000895,U0287,R0167,viewed,,2024-09-06 21:18:00
I000896,U0423,R0134,saved,,2024-11-17 19:07:00
I000897,U0307,R0248,viewed,,2025-03-02 22:21:00
I000898,U0298,R0121,viewed,,2025-03-05 11:13:00
I000899,U0151,R0233,rated,3.0,2024-04-13 03:13:00
I000900,U0374,R0089,visited,,2024-08-31 23:54:00
I000901,U0487,R0269,saved,,2024-08-17 10:02:00
I000902,U0395,R0045,viewed,,2024-08-21 12:39:00
I000903,U0269,R0243,visited,,2025-01-22 15:00:00
I000904,U0140,R0185,visited,,2025-03-14 11:25:00
I000905,U0286,R0220,rated,4.0,2025-03-18 18:32:00
I000906,U0431,R0148,viewed,,2024-11-10 03:05:00
I000907,U0004,R0021,visited,3.0,2024-04-27 18:41:00
I000908,U0450,R0119,viewed,,2024-11-25 03:51:00
I000909,U0167,R0163,viewed,,2024-06-23 15:02:00
I000910,U0350,R0052,viewed,,2024-09-23 16:39:00
I000911,U0367,R0252,rated,3.0,2024-12-19 07:27:00
I000912,U0150,R0212,viewed,,2024-07-06 16:47:00
I000913,U0036,R0270,visited,,2025-02-17 03:47:00
I000914,U0065,R0103,rated,5.0,2024-11-26 00:40:00
I000915,U0157,R0048,saved,,2025-03-29 02:33:00
I000916,U0126,R0213,viewed,,2025-01-02 17:29:00
I000917,U0246,R0238,saved,,2024-07-04 17:40:00
I000918,U0137,R0248,saved,,2024-10-19 01:20:00
I000919,U0337,R0284,viewed,,2024-01-28 17:55:00
I000920,U0331,R0241,visited,5.0,2024-08-14 22:46:00
I000921,U0475,R0015,viewed,,2024-10-22 18:58:00
I000922,U0337,R0300,viewed,,2024-10-10 17:09:00
I000923,U0122,R0086,saved,,2024-05-05 18:54:00
I000924,U0458,R0277,saved,,2024-06-06 08:26:00
I000925,U0238,R0253,visited,5.0,2024-01-11 18:21:00
I000926,U0372,R0060,saved,,2025-02-26 18:28:00
I000927,U0002,R0096,visited,3.0,2024-06-18 07:42:00
I000928,U0462,R0240,rated,5.0,2025-01-03 03:13:00
I000929,U0252,R0168,rated,5.0,2024-09-22 07:08:00
I000930,U0386,R0051,viewed,,2025-01-08 23:55:00
I000931,U0028,R0281,viewed,,2024-01-23 08:48:00
I000932,U0183,R0095,viewed,,2024-02-01 01:12:00
I000933,U0294,R0165,viewed,,2025-03-03 05:13:00
I000934,U0445,R0048,viewed,,2024-10-22 05:49:00
I000935,U0048,R0156,viewed,,2025-03-20 23:32:00
I000936,U0241,R0043,saved,,2024-02-17 19:07:00
I000937,U0075,R0204,saved,,2024-03-18 03:13:00
I000938,U0474,R0236,rated,5.0,2024-03-12 01:07:00
I000939,U0311,R0046,viewed,,2024-02-23 04:58:00
I000940,U0093,R0022,saved,,2024-08-16 04:46:00
I000941,U0478,R0128,saved,,2025-01-08 06:02:00
I000942,U0151,R0293,viewed,,2024-04-16 17:00:00
I000943,U0339,R0092,visited,,2025-02-01 16:06:00
I000944,U0077,R0145,viewed,,2024-01-12 17:43:00
I000945,U0203,R0269,viewed,,2024-01-05 18:42:00
I000946,U0168,R0069,viewed,,2024-03-06 00:53:00
I000947,U0066,R0299,viewed,,2024-02-19 07:29:00
I000948,U0061,R0073,viewed,,2024-07-02 17:20:00
I000949,U0277,R0188,rated,4.0,2024-03-07 06:54:00
I000950,U0455,R0080,rated,2.0,2024-01-28 13:07:00
I000951,U0186,R0083,visited,4.0,2024-03-26 19:39:00
I000952,U0494,R0044,rated,4.0,2024-01-12 13:14:00
I000953,U0272,R0055,viewed,,2025-03-18 05:52:00
I000954,U0450,R0004,saved,,2024-05-26 01:15:00
I000955,U0031,R0064,viewed,,2024-07-26 15:36:00
I000956,U0399,R0179,viewed,,2024-03-29 07:16:00
I000957,U0246,R0055,visited,,2024-01-02 03:02:00
I000958,U0285,R0031,rated,3.0,2024-09-20 03:02:00
I000959,U0052,R0231,saved,,2024-02-16 15:10:00
I000960,U0217,R0265,viewed,,2024-02-19 23:42:00
I000961,U0188,R0230,saved,,2025-03-20 23:06:00
I000962,U0238,R0044,viewed,,2024-08-19 03:15:00
I000963,U0417,R0148,viewed,,2024-05-21 15:19:00
I000964,U0103,R0206,rated,2.0,2024-01-13 00:36:00
I000965,U0223,R0094,rated,3.0,2024-12-12 11:28:00
I000966,U0219,R0220,saved,,2024-04-14 03:35:00
I000967,U0003,R0171,saved,,2025-03-22 06:38:00
I000968,U0224,R0077,saved,,2024-09-25 07:53:00
I000969,U0071,R0244,viewed,,2024-05-16 12:26:00
I000970,U0218,R0052,saved,,2024-10-28 00:48:00
I000971,U0035,R0060,saved,,2024-12-07 14:07:00
I000972,U0468,R0130,saved,,2024-05-14 18:15:00
I000973,U0279,R0283,saved,,2025-01-22 22:54:00
I000974,U0363,R0034,saved,,2024-05-10 19:38:00
I000975,U0102,R0238,visited,,2024-07-14 19:35:00
I000976,U0384,R0150,visited,,2024-03-17 06:31:00
I000977,U0147,R0026,visited,3.0,2025-03-01 05:48:00
I000978,U0166,R0224,saved,,2024-09-20 21:37:00
I000979,U0305,R0149,rated,5.0,2024-11-08 14:51:00
I000980,U0467,R0136,viewed,,2024-12-04 04:01:00
I000981,U0110,R0240,viewed,,2024-10-03 05:06:00
I000982,U0046,R0211,viewed,,2024-12-06 21:01:00
I000983,U0323,R0133,visited,,2025-02-13 02:15:00
I000984,U0076,R0058,viewed,,2024-01-12 23:53:00
I000985,U0156,R0274,saved,,2024-08-19 11:33:00
I000986,U0263,R0120,saved,,2024-09-16 11:28:00
I000987,U0032,R0014,viewed,,2024-08-30 10:30:00
I000988,U0093,R0097,viewed,,2024-10-31 12:05:00
I000989,U0259,R0078,saved,,2024-10-23 21:59:00
I000990,U0026,R0137,visited,,2024-05-12 02:50:00
I000991,U0298,R0217,viewed,,2024-09-10 17:41:00
I000992,U0128,R0091,saved,,2025-02-17 22:35:00
I000993,U0194,R0182,visited,,2025-03-15 21:42:00
I000994,U0329,R0204,saved,,2025-03-29 19:59:00
I000995,U0220,R0014,viewed,,2024-03-18 02:28:00
I000996,U0053,R0198,rated,5.0,2024-07-01 18:48:00
I000997,U0125,R0209,visited,4.0,2024-10-20 07:17:00
I000998,U0451,R0224,viewed,,2024-09-02 04:48:00
I000999,U0035,R0218,visited,5.0,2024-02-07 06:53:00
I001000,U0058,R0128,rated,4.0,2024-11-03 20:52:00
I001001,U0056,R0120,rated,4.0,2024-01-01 10:11:00
I001002,U0254,R0075,saved,,2024-08-07 10:41:00
I001003,U0017,R0099,saved,,2025-02-07 18:26:00
I001004,U0477,R0034,viewed,,2024-05-12 19:34:00
I001005,U0140,R0041,viewed,,2025-03-10 03:50:00
I001006,U0471,R0202,rated,5.0,2024-10-06 13:39:00
I001007,U0469,R0128,visited,,2024-10-08 14:19:00
I001008,U0477,R0260,viewed,,2025-04-01 02:20:00
I001009,U0412,R0026,saved,,2025-01-04 19:43:00
I001010,U0023,R0180,viewed,,2024-08-04 21:46:00
I001011,U0107,R0216,viewed,,2024-12-29 20:08:00
I001012,U0195,R0249,viewed,,2024-12-01 20:36:00
I001013,U0155,R0070,rated,4.0,2024-05-08 05:03:00
I001014,U0221,R0255,viewed,,2024-08-11 08:10:00
I001015,U0443,R0187,viewed,,2024-10-02 00:36:00
I001016,U0494,R0114,viewed,,2024-11-07 00:27:00
I001017,U0173,R0149,viewed,,2024-06-20 19:38:00
I001018,U0005,R0218,viewed,,2024-03-30 04:18:00
I001019,U0093,R0232,visited,,2024-08-30 09:25:00
I001020,U0200,R0015,viewed,,2024-12-29 03:05:00
I001021,U0004,R0275,viewed,,2024-09-21 12:30:00
I001022,U0483,R0184,saved,,2024-01-07 08:28:00
I001023,U0218,R0039,viewed,,2024-03-25 01:13:00
I001024,U0271,R0129,saved,,2024-09-02 10:14:00
I001025,U0180,R0087,viewed,,2024-09-20 05:19:00
I001026,U0066,R0064,visited,2.0,2024-06-15 08:23:00
I001027,U0409,R0138,saved,,2024-08-07 08:19:00
I001028,U0335,R0189,viewed,,2025-01-13 04:55:00
I001029,U0101,R0040,rated,4.0,2024-03-19 22:28:00
I001030,U0147,R0276,rated,3.0,2024-09-08 21:39:00
I001031,U0376,R0044,visited,3.0,2024-04-15 07:42:00
I001032,U0285,R0276,viewed,,2024-02-07 15:22:00
I001033,U0100,R0017,rated,4.0,2024-04-27 10:46:00
I001034,U0137,R0118,saved,,2024-06-05 00:02:00
I001035,U0089,R0143,rated,4.0,2024-07-03 08:16:00
I001036,U0318,R0112,saved,,2024-02-24 00:41:00
I001037,U0352,R0165,saved,,2024-03-16 17:29:00
I001038,U0412,R0291,rated,3.0,2024-09-27 16:49:00
I001039,U0069,R0246,visited,,2024-05-09 12:14:00
I001040,U0196,R0130,viewed,,2024-04-14 17:41:00
I001041,U0116,R0231,viewed,,2024-10-17 03:09:00
I001042,U0338,R0282,viewed,,2025-02-22 05:56:00
I001043,U0109,R0086,viewed,,2024-02-29 00:11:00
I001044,U0198,R0237,viewed,,2024-01-16 16:53:00
I001045,U0419,R0152,viewed,,2024-02-17 09:03:00
I001046,U0149,R0164,visited,4.0,2024-09-18 01:50:00
I001047,U0248,R0142,saved,,2025-03-14 17:41:00
I001048,U0405,R0051,viewed,,2025-01-30 00:29:00
I001049,U0302,R0195,viewed,,2024-01-11 22:02:00
I001050,U0343,R0200,viewed,,2024-01-07 20:25:00
I001051,U0470,R0190,viewed,,2024-02-16 22:53:00
I001052,U0390,R0100,viewed,,2024-05-30 17:09:00
I001053,U0194,R0274,visited,,2024-07-17 19:29:00
I001054,U0267,R0290,visited,,2024-11-24 15:50:00
I001055,U0315,R0038,viewed,,2024-10-29 13:11:00
I001056,U0012,R0122,visited,3.0,2025-03-27 22:48:00
I001057,U0426,R0096,saved,,2024-02-10 17:54:00
I001058,U0003,R0293,viewed,,2024-02-07 14:23:00
I001059,U0172,R0262,rated,4.0,2024-08-23 15:29:00
I001060,U0149,R0047,viewed,,2024-05-31 12:38:00
I001061,U0095,R0039,saved,,2025-03-03 20:35:00
I001062,U0075,R0144,rated,4.0,2024-07-25 04:27:00
I001063,U0137,R0091,saved,,2024-09-01 10:32:00
I001064,U0054,R0284,viewed,,2024-09-05 01:20:00
I001065,U0223,R0259,visited,4.0,2025-03-08 11:31:00
I001066,U0010,R0026,viewed,,2024-12-26 10:26:00
I001067,U0141,R0028,viewed,,2024-03-10 08:54:00
I001068,U0454,R0144,viewed,,2024-09-23 20:58:00
I001069,U0419,R0265,visited,,2024-05-03 02:08:00
I001070,U0215,R0038,visited,,2025-02-10 11:00:00
I001071,U0247,R0034,viewed,,2024-10-14 20:44:00
I001072,U0386,R0031,saved,,2024-01-01 19:11:00
I001073,U0056,R0045,viewed,,2025-01-17 01:47:00
I001074,U0442,R0226,visited,5.0,2024-01-17 14:04:00
I001075,U0349,R0008,viewed,,2024-12-24 20:05:00
I001076,U0358,R0151,saved,,2025-02-12 18:33:00
I001077,U0240,R0212,visited,,2024-07-30 11:08:00
I001078,U0305,R0132,viewed,,2024-02-29 13:53:00
I001079,U0416,R0276,visited,,2024-02-06 01:16:00
I001080,U0171,R0024,saved,,2024-12-05 19:25:00
I001081,U0114,R0094,visited,3.0,2025-03-27 23:23:00
I001082,U0452,R0124,visited,,2024-01-31 12:55:00
I001083,U0140,R0280,rated,4.0,2024-08-17 06:37:00
I001084,U0496,R0091,viewed,,2025-02-12 20:54:00
I001085,U0277,R0025,viewed,,2025-02-21 14:59:00
I001086,U0142,R0026,saved,,2024-06-20 11:05:00
I001087,U0187,R0204,saved,,2025-01-08 00:38:00
I001088,U0462,R0167,viewed,,2024-12-24 09:46:00
I001089,U0049,R0010,visited,,2024-08-15 21:24:00
I001090,U0028,R0091,viewed,,2025-01-02 19:23:00
I001091,U0471,R0120,rated,4.0,2024-05-17 22:05:00
I001092,U0493,R0031,visited,,2024-12-24 01:05:00
I001093,U0178,R0133,rated,3.0,2024-06-22 01:28:00
I001094,U0238,R0282,visited,,2024-12-11 11:41:00
I001095,U0425,R0034,rated,3.0,2024-05-27 21:39:00
I001096,U0111,R0156,viewed,,2024-12-19 18:07:00
I001097,U0358,R0146,visited,,2024-02-18 07:41:00
I001098,U0175,R0076,viewed,,2024-01-18 01:26:00
I001099,U0494,R0250,saved,,2024-11-25 00:25:00
I001100,U0245,R0135,saved,,2024-05-03 15:32:00
I001101,U0292,R0148,saved,,2024-07-10 07:01:00
I001102,U0002,R0202,visited,,2024-03-21 10:20:00
I001103,U0005,R0112,viewed,,2024-01-06 02:31:00
I001104,U0109,R0195,viewed,,2024-07-19 05:18:00
I001105,U0055,R0236,viewed,,2024-02-01 20:11:00
I001106,U0339,R0294,viewed,,2025-02-08 07:19:00
I001107,U0170,R0049,saved,,2024-01-17 18:02:00
I001108,U0024,R0183,saved,,2024-10-03 17:58:00
I001109,U0212,R0262,viewed,,2025-03-29 03:05:00
I001110,U0197,R0202,saved,,2024-11-11 00:18:00
I001111,U0473,R0234,visited,,2025-02-08 17:28:00
I001112,U0045,R0088,saved,,2024-08-04 09:10:00
I001113,U0203,R0024,visited,,2025-02-15 05:51:00
I001114,U0005,R0073,visited,3.0,2024-05-10 14:29:00
I001115,U0065,R0001,viewed,,2025-02-14 11:53:00
I001116,U0282,R0004,visited,,2024-02-20 20:50:00
I001117,U0312,R0088,visited,,2024-03-04 16:36:00
I001118,U0258,R0224,viewed,,2024-10-08 17:05:00
I001119,U0238,R0241,saved,,2024-07-14 17:33:00
I001120,U0359,R0111,rated,3.0,2024-11-07 04:32:00
I001121,U0245,R0084,viewed,,2024-04-19 19:18:00
I001122,U0275,R0066,visited,5.0,2024-12-05 04:03:00
I001123,U0130,R0046,viewed,,2024-05-22 20:13:00
I001124,U0377,R0007,saved,,2024-01-26 08:59:00
I001125,U0366,R0077,viewed,,2025-01-02 14:31:00
I001126,U0053,R0125,saved,,2025-02-01 04:32:00
I001127,U0048,R0214,viewed,,2024-05-09 12:12:00
I001128,U0002,R0030,rated,3.0,2024-04-28 14:29:00
I001129,U0236,R0183,visited,,2024-04-24 04:49:00
I001130,U0453,R0038,viewed,,2024-11-07 01:55:00
I001131,U0484,R0082,rated,4.0,2024-04-21 03:50:00
I001132,U0015,R0135,rated,4.0,2024-10-04 08:04:00
I001133,U0078,R0291,visited,,2024-08-02 15:00:00
I001134,U0257,R0029,saved,,2024-07-07 13:53:00
I001135,U0202,R0186,viewed,,2024-05-26 08:19:00
I001136,U0336,R0019,viewed,,2024-04-10 21:19:00
I001137,U0291,R0214,viewed,,2024-11-05 12:10:00
I001138,U0233,R0098,viewed,,2024-03-09 13:56:00
I001139,U0428,R0061,rated,2.0,2024-05-10 06:50:00
I001140,U0285,R0165,viewed,,2024-12-13 16:54:00
I001141,U0477,R0209,viewed,,2024-06-08 22:05:00
I001142,U0135,R0113,saved,,2024-05-02 04:46:00
I001143,U0342,R0030,viewed,,2024-05-05 08:12:00
I001144,U0124,R0040,visited,,2024-09-27 15:25:00
I001145,U0289,R0138,rated,4.0,2024-07-24 18:45:00
I001146,U0185,R0123,saved,,2025-03-14 08:25:00
I001147,U0464,R0144,saved,,2024-05-26 11:01:00
I001148,U0418,R0175,viewed,,2024-03-14 10:50:00
I001149,U0142,R0070,saved,,2024-10-28 03:17:00
I001150,U0093,R0198,visited,3.0,2024-12-07 08:41:00
I001151,U0279,R0299,visited,5.0,2024-07-31 03:19:00
I001152,U0465,R0010,saved,,2025-01-09 03:31:00
I001153,U0471,R0086,viewed,,2024-07-07 23:35:00
I001154,U0286,R0144,viewed,,2025-02-21 21:17:00
I001155,U0379,R0091,visited,,2024-05-12 08:54:00
I001156,U0349,R0256,viewed,,2024-11-25 05:55:00
I001157,U0332,R0013,visited,3.0,2025-01-14 04:14:00
I001158,U0464,R0228,viewed,,2024-08-08 12:43:00
I001159,U0166,R0209,saved,,2024-02-27 08:58:00
I001160,U0338,R0024,rated,2.0,2024-09-04 21:11:00
I001161,U0374,R0066,viewed,,2024-08-25 21:54:00
I001162,U0485,R0100,viewed,,2024-06-03 07:36:00
I001163,U0322,R0045,saved,,2024-01-18 06:07:00
I001164,U0180,R0079,visited,,2024-01-14 19:41:00
I001165,U0076,R0087,saved,,2025-02-21 14:14:00
I001166,U0309,R0090,viewed,,2024-08-30 22:44:00
I001167,U0116,R0067,viewed,,2024-09-16 11:02:00
I001168,U0241,R0204,viewed,,2024-08-23 01:32:00
I001169,U0096,R0200,rated,2.0,2024-03-02 16:51:00
I001170,U0082,R0103,viewed,,2024-09-08 03:09:00
I001171,U0203,R0052,visited,,2024-10-10 07:57:00
I001172,U0068,R0075,rated,2.0,2024-04-20 22:09:00
I001173,U0079,R0178,visited,,2024-03-19 22:52:00
I001174,U0341,R0095,rated,4.0,2024-07-26 01:24:00
I001175,U0094,R0173,visited,,2024-05-04 20:50:00
I001176,U0059,R0273,saved,,2025-02-10 15:17:00
I001177,U0054,R0121,visited,4.0,2024-10-13 09:49:00
I001178,U0063,R0288,viewed,,2024-12-03 02:14:00
I001179,U0397,R0198,saved,,2024-09-17 09:42:00
I001180,U0198,R0033,saved,,2024-08-31 01:23:00
I001181,U0338,R0035,viewed,,2025-01-03 08:04:00
I001182,U0231,R0281,rated,5.0,2024-01-31 15:51:00
I001183,U0001,R0071,viewed,,2024-03-22 21:00:00
I001184,U0037,R0255,rated,2.0,2024-02-15 04:19:00
I001185,U0290,R0268,viewed,,2024-08-06 15:57:00
I001186,U0248,R0119,saved,,2025-01-29 05:08:00
I001187,U0216,R0181,visited,4.0,2024-11-19 21:36:00
I001188,U0461,R0159,saved,,2024-11-18 12:21:00
I001189,U0159,R0097,viewed,,2025-01-06 18:40:00
I001190,U0172,R0094,viewed,,2024-03-22 03:37:00
I001191,U0397,R0179,viewed,,2024-05-24 18:40:00
I001192,U0234,R0146,saved,,2024-01-01 04:26:00
I001193,U0496,R0288,viewed,,2024-10-05 21:48:00
I001194,U0223,R0255,saved,,2024-10-30 14:59:00
I001195,U0159,R0046,viewed,,2025-03-31 11:27:00
I001196,U0354,R0018,viewed,,2024-01-12 13:15:00
I001197,U0181,R0162,visited,3.0,2025-01-13 12:17:00
I001198,U0493,R0238,viewed,,2024-11-21 18:41:00
I001199,U0195,R0115,viewed,,2024-07-08 18:29:00
I001200,U0369,R0005,viewed,,2024-03-23 16:10:00
I001201,U0219,R0154,viewed,,2024-06-09 19:18:00
I001202,U0314,R0202,viewed,,2024-12-02 13:15:00
I001203,U0125,R0133,viewed,,2024-04-25 18:56:00
I001204,U0139,R0210,saved,,2024-12-12 21:44:00
I001205,U0288,R0088,viewed,,2024-06-17 16:26:00
I001206,U0112,R0295,visited,,2024-09-24 18:54:00
I001207,U0479,R0139,viewed,,2024-01-05 18:28:00
I001208,U0246,R0168,rated,4.0,2024-06-27 06:18:00
I001209,U0323,R0212,viewed,,2024-10-26 04:54:00
I001210,U0399,R0065,viewed,,2024-06-03 08:36:00
I001211,U0115,R0291,viewed,,2025-01-12 11:06:00
I001212,U0070,R0059,rated,4.0,2024-06-19 12:55:00
I001213,U0201,R0098,viewed,,2024-12-12 15:00:00
I001214,U0484,R0036,viewed,,2024-06-01 06:16:00
I001215,U0357,R0168,viewed,,2024-02-07 07:59:00
I001216,U0278,R0282,visited,4.0,2024-04-03 06:53:00
I001217,U0380,R0070,viewed,,2024-06-07 14:18:00
I001218,U0094,R0136,visited,4.0,2024-04-28 21:28:00
I001219,U0277,R0015,saved,,2024-11-29 10:45:00
I001220,U0492,R0026,visited,5.0,2024-12-05 15:28:00
I001221,U0456,R0147,viewed,,2024-01-20 09:13:00
I001222,U0431,R0164,viewed,,2025-02-10 11:03:00
I001223,U0313,R0144,saved,,2024-08-17 10:46:00
I001224,U0447,R0082,viewed,,2024-03-19 19:50:00
I001225,U0120,R0005,viewed,,2024-07-24 18:06:00
I001226,U0118,R0012,saved,,2024-08-27 14:04:00
I001227,U0418,R0006,visited,,2024-11-08 19:22:00
I001228,U0385,R0162,saved,,2024-03-29 08:41:00
I001229,U0190,R0108,visited,4.0,2024-04-28 23:37:00
I001230,U0088,R0121,viewed,,2025-02-09 04:02:00
I001231,U0409,R0009,visited,,2024-12-04 04:18:00
I001232,U0027,R0192,visited,,2025-03-01 08:42:00
I001233,U0244,R0254,viewed,,2024-02-24 19:50:00
I001234,U0026,R0198,viewed,,2024-10-01 14:09:00
I001235,U0033,R0093,saved,,2025-02-14 18:50:00
I001236,U0353,R0176,saved,,2024-05-24 22:16:00
I001237,U0322,R0097,saved,,2024-02-09 05:06:00
I001238,U0067,R0044,viewed,,2024-09-28 14:32:00
I001239,U0353,R0284,visited,,2024-12-08 02:29:00
I001240,U0249,R0150,rated,5.0,2024-04-25 19:09:00
I001241,U0318,R0129,saved,,2024-06-11 23:56:00
I001242,U0460,R0057,viewed,,2024-03-13 15:24:00
I001243,U0384,R0131,saved,,2024-04-03 05:01:00
I001244,U0185,R0149,viewed,,2024-03-31 12:43:00
I001245,U0104,R0149,viewed,,2025-03-02 00:19:00
I001246,U0258,R0266,saved,,2024-06-18 00:17:00
I001247,U0037,R0161,saved,,2024-09-11 08:39:00
I001248,U0360,R0094,visited,3.0,2025-03-25 19:47:00
I001249,U0163,R0213,saved,,2024-09-11 15:20:00
I001250,U0407,R0088,visited,5.0,2024-08-02 02:56:00
I001251,U0073,R0069,viewed,,2025-01-06 05:09:00
I001252,U0304,R0147,viewed,,2025-03-18 13:13:00
I001253,U0162,R0298,visited,,2025-01-03 04:41:00
I001254,U0489,R0093,viewed,,2024-06-20 21:16:00
I001255,U0320,R0264,visited,4.0,2024-04-09 06:46:00
I001256,U0390,R0021,saved,,2025-03-12 07:45:00
I001257,U0439,R0081,saved,,2024-03-31 04:06:00
I001258,U0279,R0214,rated,2.0,2024-06-01 00:06:00
I001259,U0391,R0299,viewed,,2024-10-11 17:03:00
I001260,U0345,R0001,viewed,,2024-10-18 16:58:00
I001261,U0269,R0246,viewed,,2024-06-16 23:24:00
I001262,U0327,R0206,visited,,2025-01-31 23:07:00
I001263,U0224,R0075,viewed,,2024-01-09 09:44:00
I001264,U0033,R0024,saved,,2024-09-29 06:50:00
I001265,U0498,R0058,saved,,2024-09-18 18:49:00
I001266,U0442,R0058,visited,,2025-02-26 13:37:00
I001267,U0313,R0143,saved,,2024-11-29 05:32:00
I001268,U0358,R0102,viewed,,2024-01-30 07:56:00
I001269,U0222,R0217,saved,,2025-01-16 05:45:00
I001270,U0002,R0032,rated,4.0,2025-01-17 05:34:00
I001271,U0097,R0050,saved,,2024-06-16 05:17:00
I001272,U0290,R0032,viewed,,2024-12-23 13:10:00
I001273,U0422,R0235,rated,5.0,2025-03-15 07:11:00
I001274,U0198,R0105,viewed,,2025-01-17 02:32:00
I001275,U0385,R0207,viewed,,2024-05-06 13:35:00
I001276,U0157,R0056,viewed,,2024-03-20 21:32:00
I001277,U0406,R0081,viewed,,2024-11-07 04:06:00
I001278,U0375,R0115,viewed,,2025-01-12 19:46:00
I001279,U0167,R0011,rated,3.0,2024-09-09 12:06:00
I001280,U0334,R0023,saved,,2024-07-08 18:10:00
I001281,U0004,R0276,rated,4.0,2025-02-20 08:15:00
I001282,U0356,R0057,saved,,2024-10-23 17:41:00
I001283,U0180,R0255,visited,,2025-02-24 23:09:00
I001284,U0360,R0201,saved,,2025-02-24 12:34:00
I001285,U0071,R0166,viewed,,2024-09-16 18:36:00
I001286,U0457,R0084,viewed,,2024-05-19 21:27:00
I001287,U0297,R0012,saved,,2024-03-14 19:26:00
I001288,U0217,R0156,viewed,,2024-11-12 12:31:00
I001289,U0012,R0288,rated,4.0,2024-08-22 09:43:00
I001290,U0349,R0255,viewed,,2024-11-12 18:18:00
I001291,U0208,R0142,viewed,,2025-02-14 19:51:00
I001292,U0259,R0155,viewed,,2024-05-27 14:33:00
I001293,U0136,R0149,saved,,2024-03-26 21:40:00
I001294,U0168,R0088,visited,4.0,2024-07-23 04:29:00
I001295,U0021,R0204,saved,,2024-02-01 00:53:00
I001296,U0279,R0092,visited,4.0,2024-02-23 07:00:00
I001297,U0317,R0243,visited,,2024-10-10 11:26:00
I001298,U0444,R0122,visited,,2024-07-08 00:03:00
I001299,U0001,R0109,viewed,,2024-07-18 21:25:00
I001300,U0009,R0184,viewed,,2024-05-13 18:12:00
I001301,U0341,R0151,saved,,2024-09-14 15:58:00
I001302,U0272,R0242,rated,5.0,2025-02-15 01:01:00
I001303,U0455,R0063,viewed,,2024-05-31 09:16:00
I001304,U0068,R0023,viewed,,2024-06-24 13:35:00
I001305,U0192,R0085,viewed,,2024-03-13 04:07:00
I001306,U0224,R0245,visited,,2024-04-04 05:07:00
I001307,U0312,R0005,saved,,2024-11-21 20:42:00
I001308,U0133,R0256,visited,4.0,2024-05-27 21:50:00
I001309,U0308,R0224,viewed,,2025-02-25 07:34:00
I001310,U0116,R0161,rated,4.0,2024-03-11 09:21:00
I001311,U0374,R0179,saved,,2025-02-28 19:03:00
I001312,U0238,R0254,saved,,2024-10-01 20:34:00
I001313,U0088,R0178,visited,4.0,2024-02-29 16:20:00
I001314,U0251,R0189,visited,3.0,2024-01-27 16:54:00
I001315,U0327,R0025,saved,,2024-05-12 14:29:00
I001316,U0158,R0138,saved,,2024-11-22 06:22:00
I001317,U0396,R0073,visited,,2025-03-12 23:18:00
I001318,U0058,R0237,saved,,2024-12-25 18:29:00
I001319,U0103,R0134,visited,4.0,2024-06-19 07:31:00
I001320,U0262,R0274,viewed,,2024-09-28 06:26:00
I001321,U0101,R0005,saved,,2024-04-04 10:43:00
I001322,U0033,R0161,viewed,,2024-06-05 13:20:00
I001323,U0374,R0116,visited,,2024-02-21 16:36:00
I001324,U0443,R0055,visited,5.0,2024-05-22 12:31:00
I001325,U0045,R0246,viewed,,2024-03-24 18:51:00
I001326,U0070,R0295,viewed,,2025-02-10 13:16:00
I001327,U0498,R0175,saved,,2024-10-26 00:44:00
I001328,U0019,R0058,saved,,2024-06-23 15:14:00
I001329,U0120,R0175,rated,4.0,2024-10-03 19:26:00
I001330,U0340,R0268,viewed,,2024-11-29 09:24:00
I001331,U0153,R0235,visited,,2025-03-24 11:52:00
I001332,U0397,R0252,saved,,2024-06-27 16:08:00
I001333,U0432,R0027,viewed,,2025-01-16 18:29:00
I001334,U0407,R0106,rated,4.0,2024-03-22 16:25:00
I001335,U0268,R0054,saved,,2024-11-22 00:13:00
I001336,U0271,R0258,viewed,,2024-10-01 03:49:00
I001337,U0042,R0296,rated,5.0,2024-09-08 17:05:00
I001338,U0086,R0054,saved,,2024-07-08 10:09:00
I001339,U0300,R0107,saved,,2024-02-15 20:53:00
I001340,U0276,R0011,visited,,2025-01-28 21:20:00
I001341,U0011,R0063,viewed,,2024-10-26 02:00:00
I001342,U0128,R0273,saved,,2024-08-30 09:08:00
I001343,U0331,R0162,viewed,,2024-08-06 01:36:00
I001344,U0031,R0272,viewed,,2024-02-21 16:45:00
I001345,U0063,R0022,viewed,,2024-03-10 09:13:00
I001346,U0366,R0237,viewed,,2024-06-24 22:50:00
I001347,U0403,R0272,viewed,,2024-07-24 04:58:00
I001348,U0226,R0041,viewed,,2025-01-03 19:25:00
I001349,U0291,R0126,viewed,,2024-11-12 01:45:00
I001350,U0500,R0221,visited,5.0,2024-12-06 07:05:00
I001351,U0421,R0193,viewed,,2024-04-05 11:22:00
I001352,U0405,R0060,viewed,,2024-07-20 21:39:00
I001353,U0094,R0234,saved,,2024-10-31 13:49:00
I001354,U0333,R0194,saved,,2024-05-07 09:11:00
I001355,U0267,R0043,saved,,2024-02-05 22:43:00
I001356,U0212,R0040,viewed,,2024-12-22 14:20:00
I001357,U0447,R0154,viewed,,2024-07-10 03:02:00
I001358,U0097,R0287,viewed,,2024-04-19 00:16:00
I001359,U0074,R0250,viewed,,2025-03-14 16:55:00
I001360,U0347,R0139,viewed,,2024-10-23 07:37:00
I001361,U0023,R0215,saved,,2025-01-22 21:55:00
I001362,U0311,R0002,saved,,2024-10-01 08:39:00
I001363,U0458,R0233,viewed,,2024-08-20 08:56:00
I001364,U0393,R0018,visited,,2025-01-24 16:57:00
I001365,U0034,R0260,viewed,,2024-08-14 20:47:00
I001366,U0184,R0263,viewed,,2024-07-26 09:48:00
I001367,U0244,R0231,viewed,,2024-04-29 22:00:00
I001368,U0058,R0179,visited,,2024-01-12 05:34:00
I001369,U0066,R0203,viewed,,2024-03-26 01:59:00
I001370,U0183,R0231,viewed,,2025-01-23 08:04:00
I001371,U0254,R0140,viewed,,2024-05-18 11:49:00
I001372,U0473,R0074,saved,,2024-08-26 00:37:00
I001373,U0374,R0286,saved,,2024-05-10 18:26:00
I001374,U0105,R0094,viewed,,2024-09-10 09:50:00
I001375,U0074,R0095,viewed,,2025-03-31 22:41:00
I001376,U0345,R0110,viewed,,2024-09-30 19:03:00
I001377,U0019,R0099,visited,4.0,2024-07-14 06:03:00
I001378,U0244,R0007,viewed,,2024-12-21 20:10:00
I001379,U0029,R0078,viewed,,2024-06-20 07:25:00
I001380,U0036,R0293,viewed,,2024-10-05 18:01:00
I001381,U0006,R0174,saved,,2024-01-16 01:06:00
I001382,U0254,R0125,rated,5.0,2024-10-15 00:01:00
I001383,U0409,R0237,viewed,,2024-04-07 01:41:00
I001384,U0232,R0088,viewed,,2024-10-03 12:36:00
I001385,U0022,R0261,viewed,,2024-07-18 15:09:00
I001386,U0096,R0062,visited,3.0,2024-12-29 08:47:00
I001387,U0057,R0292,visited,,2024-08-30 00:29:00
I001388,U0132,R0157,viewed,,2024-03-15 07:48:00
I001389,U0477,R0068,viewed,,2024-11-27 12:00:00
I001390,U0074,R0176,rated,3.0,2024-05-18 02:09:00
I001391,U0243,R0093,viewed,,2024-12-11 05:26:00
I001392,U0329,R0181,viewed,,2024-03-07 15:26:00
I001393,U0154,R0286,rated,2.0,2024-03-09 08:22:00
I001394,U0068,R0055,saved,,2024-06-12 17:37:00
I001395,U0473,R0047,saved,,2025-03-26 12:48:00
I001396,U0138,R0160,viewed,,2025-01-18 07:28:00
I001397,U0291,R0067,viewed,,2024-01-26 12:36:00
I001398,U0394,R0104,rated,2.0,2024-11-16 04:53:00
I001399,U0271,R0211,viewed,,2024-03-16 22:54:00
I001400,U0005,R0087,viewed,,2025-01-15 23:31:00
I001401,U0184,R0169,saved,,2024-04-21 00:03:00
I001402,U0002,R0265,visited,,2024-02-16 03:16:00
I001403,U0436,R0048,saved,,2024-11-17 04:52:00
I001404,U0121,R0072,saved,,2024-08-21 23:53:00
I001405,U0317,R0023,viewed,,2025-01-10 10:19:00
I001406,U0133,R0199,viewed,,2024-11-01 18:32:00
I001407,U0142,R0113,viewed,,2024-02-19 23:53:00
I001408,U0126,R0229,viewed,,2025-03-27 02:20:00
I001409,U0356,R0133,viewed,,2024-10-20 09:09:00
I001410,U0499,R0010,viewed,,2025-03-10 21:00:00
I001411,U0036,R0186,saved,,2024-05-22 13:26:00
I001412,U0222,R0227,viewed,,2024-01-30 17:08:00
I001413,U0353,R0260,viewed,,2024-04-23 16:28:00
I001414,U0077,R0201,visited,,2024-02-05 15:16:00
I001415,U0184,R0099,viewed,,2024-04-23 11:29:00
I001416,U0009,R0005,viewed,,2024-02-18 17:08:00
I001417,U0283,R0170,viewed,,2024-08-02 02:40:00
I001418,U0091,R0168,viewed,,2024-12-06 12:07:00
I001419,U0453,R0017,visited,3.0,2024-05-15 13:26:00
I001420,U0013,R0028,saved,,2024-09-24 04:29:00
I001421,U0045,R0016,rated,4.0,2024-03-30 06:57:00
I001422,U0474,R0219,viewed,,2024-01-16 20:57:00
I001423,U0006,R0255,visited,4.0,2025-02-21 23:58:00
I001424,U0499,R0133,saved,,2025-03-24 09:41:00
I001425,U0171,R0122,viewed,,2025-01-15 20:13:00
I001426,U0494,R0159,viewed,,2024-04-30 11:35:00
I001427,U0493,R0216,rated,5.0,2024-09-30 05:10:00
I001428,U0343,R0094,rated,4.0,2024-09-17 12:54:00
I001429,U0210,R0280,visited,4.0,2024-11-15 09:30:00
I001430,U0186,R0008,rated,3.0,2024-02-25 16:19:00
I001431,U0155,R0075,viewed,,2024-05-19 06:19:00
I001432,U0450,R0194,rated,3.0,2024-03-18 02:21:00
I001433,U0310,R0183,viewed,,2025-02-06 05:01:00
I001434,U0142,R0145,viewed,,2024-03-04 03:42:00
I001435,U0364,R0253,visited,5.0,2024-03-16 14:15:00
I001436,U0002,R0220,viewed,,2024-12-12 18:50:00
I001437,U0258,R0092,visited,3.0,2025-02-14 13:34:00
I001438,U0012,R0208,visited,5.0,2025-03-09 03:52:00
I001439,U0052,R0023,viewed,,2025-03-25 11:19:00
I001440,U0101,R0143,saved,,2024-05-06 00:07:00
I001441,U0363,R0206,saved,,2024-09-27 13:00:00
I001442,U0422,R0123,viewed,,2025-01-08 20:55:00
I001443,U0259,R0198,viewed,,2024-03-24 01:44:00
I001444,U0104,R0054,visited,,2024-11-05 01:05:00
I001445,U0046,R0142,viewed,,2024-06-01 15:52:00
I001446,U0060,R0124,visited,,2024-10-28 14:48:00
I001447,U0316,R0027,saved,,2024-10-24 20:18:00
I001448,U0322,R0062,rated,4.0,2024-06-23 07:21:00
I001449,U0272,R0085,viewed,,2024-03-26 17:33:00
I001450,U0002,R0242,visited,,2025-01-01 07:29:00
I001451,U0058,R0213,viewed,,2024-12-19 16:07:00
I001452,U0347,R0197,viewed,,2024-03-02 17:12:00
I001453,U0249,R0174,viewed,,2025-03-25 13:35:00
I001454,U0367,R0282,viewed,,2025-03-19 16:02:00
I001455,U0008,R0087,visited,4.0,2025-02-12 04:13:00
I001456,U0434,R0234,saved,,2024-01-11 12:51:00
I001457,U0227,R0183,saved,,2024-03-01 07:36:00
I001458,U0482,R0073,viewed,,2024-02-29 13:57:00
I001459,U0153,R0075,viewed,,2024-01-05 06:12:00
I001460,U0458,R0081,viewed,,2025-01-18 22:07:00
I001461,U0296,R0071,rated,5.0,2024-09-14 02:14:00
I001462,U0055,R0218,visited,,2024-06-10 07:02:00
I001463,U0037,R0194,viewed,,2025-02-17 22:35:00
I001464,U0407,R0126,visited,,2024-06-17 07:19:00
I001465,U0282,R0047,viewed,,2025-02-23 03:56:00
I001466,U0382,R0057,saved,,2024-08-17 15:21:00
I001467,U0414,R0051,saved,,2025-01-26 18:31:00
I001468,U0260,R0051,viewed,,2024-07-11 20:02:00
I001469,U0391,R0237,rated,5.0,2024-01-10 04:18:00
I001470,U0403,R0150,visited,,2025-01-30 08:27:00
I001471,U0396,R0237,viewed,,2024-02-03 14:06:00
I001472,U0014,R0236,visited,,2024-07-04 12:51:00
I001473,U0329,R0118,saved,,2024-04-20 03:31:00
I001474,U0197,R0026,viewed,,2024-05-12 12:43:00
I001475,U0458,R0231,viewed,,2024-06-02 01:28:00
I001476,U0214,R0220,viewed,,2024-11-30 12:43:00
I001477,U0106,R0074,viewed,,2025-03-03 22:13:00
I001478,U0483,R0174,viewed,,2024-07-24 15:26:00
I001479,U0355,R0071,viewed,,2024-09-27 13:46:00
I001480,U0209,R0016,visited,,2024-07-20 18:43:00
I001481,U0120,R0091,saved,,2024-07-08 07:16:00
I001482,U0310,R0075,saved,,2025-01-15 02:57:00
I001483,U0168,R0231,viewed,,2024-01-05 10:12:00
I001484,U0350,R0165,viewed,,2024-08-30 16:38:00
I001485,U0452,R0238,viewed,,2024-05-10 05:27:00
I001486,U0436,R0040,rated,4.0,2024-05-03 16:16:00
I001487,U0093,R0031,saved,,2024-11-25 04:30:00
I001488,U0334,R0251,viewed,,2024-09-08 03:27:00
I001489,U0081,R0279,viewed,,2025-03-04 17:25:00
I001490,U0296,R0284,viewed,,2024-02-23 13:37:00
I001491,U0413,R0092,visited,,2024-10-18 17:00:00
I001492,U0049,R0137,viewed,,2024-09-10 02:03:00
I001493,U0217,R0280,viewed,,2024-08-25 00:58:00
I001494,U0111,R0042,saved,,2025-03-30 01:56:00
I001495,U0150,R0299,saved,,2025-03-03 14:11:00
I001496,U0130,R0144,viewed,,2024-02-27 14:10:00
I001497,U0388,R0167,viewed,,2024-06-28 19:46:00
I001498,U0314,R0282,visited,4.0,2024-11-05 07:08:00
I001499,U0253,R0093,viewed,,2024-10-20 03:52:00
I001500,U0199,R0114,viewed,,2025-01-30 18:52:00
I001501,U0220,R0031,viewed,,2024-08-02 14:25:00
I001502,U0302,R0251,saved,,2024-10-27 11:01:00
I001503,U0232,R0001,visited,4.0,2024-01-02 13:47:00
I001504,U0254,R0187,rated,4.0,2024-01-12 05:02:00
I001505,U0473,R0053,rated,4.0,2024-03-28 19:02:00
I001506,U0122,R0017,viewed,,2024-01-18 18:14:00
I001507,U0089,R0081,saved,,2024-04-15 05:00:00
I001508,U0491,R0086,viewed,,2024-03-19 11:57:00
I001509,U0334,R0170,rated,3.0,2024-02-28 19:56:00
I001510,U0350,R0018,viewed,,2024-09-15 17:51:00
I001511,U0287,R0146,saved,,2024-04-09 07:12:00
I001512,U0449,R0084,viewed,,2024-03-24 18:27:00
I001513,U0119,R0063,rated,3.0,2024-05-17 08:05:00
I001514,U0083,R0297,saved,,2025-01-19 19:25:00
I001515,U0061,R0074,viewed,,2024-04-11 02:30:00
I001516,U0143,R0082,viewed,,2024-04-03 19:49:00
I001517,U0360,R0118,visited,,2024-03-06 13:54:00
I001518,U0205,R0129,visited,4.0,2024-01-14 19:27:00
I001519,U0118,R0014,visited,,2025-03-26 17:57:00
I001520,U0139,R0032,saved,,2024-02-02 11:44:00
I001521,U0118,R0170,viewed,,2024-05-18 06:46:00
I001522,U0396,R0072,visited,5.0,2024-12-07 01:33:00
I001523,U0436,R0227,saved,,2024-11-22 04:16:00
I001524,U0239,R0065,saved,,2025-03-16 04:09:00
I001525,U0377,R0004,saved,,2024-09-09 01:27:00
I001526,U0286,R0221,visited,,2024-01-30 05:21:00
I001527,U0492,R0222,visited,3.0,2024-09-14 11:47:00
I001528,U0270,R0272,saved,,2024-03-28 10:44:00
I001529,U0224,R0245,saved,,2024-01-10 23:32:00
I001530,U0137,R0204,saved,,2025-02-02 05:23:00
I001531,U0042,R0300,visited,5.0,2025-03-21 11:00:00
I001532,U0387,R0055,saved,,2025-02-11 21:59:00
I001533,U0326,R0208,visited,4.0,2024-03-29 17:26:00
I001534,U0331,R0007,rated,5.0,2025-02-09 05:15:00
I001535,U0473,R0141,saved,,2024-03-30 19:00:00
I001536,U0336,R0214,rated,4.0,2024-08-15 01:08:00
I001537,U0210,R0205,visited,,2025-02-27 01:37:00
I001538,U0185,R0221,viewed,,2025-03-04 09:41:00
I001539,U0021,R0010,visited,4.0,2025-01-24 02:36:00
I001540,U0113,R0126,viewed,,2024-11-13 05:08:00
I001541,U0011,R0271,viewed,,2024-01-20 10:25:00
I001542,U0144,R0205,saved,,2024-08-02 01:30:00
I001543,U0201,R0145,viewed,,2024-06-30 00:00:00
I001544,U0294,R0167,viewed,,2024-05-18 13:05:00
I001545,U0048,R0223,visited,,2024-07-18 11:17:00
I001546,U0461,R0148,saved,,2024-08-23 05:29:00
I001547,U0386,R0017,visited,,2024-11-05 09:11:00
I001548,U0254,R0290,viewed,,2024-04-03 01:56:00
I001549,U0087,R0147,saved,,2024-05-16 08:04:00
I001550,U0394,R0255,viewed,,2024-08-07 10:50:00
I001551,U0390,R0006,visited,,2024-07-08 23:14:00
I001552,U0194,R0071,saved,,2024-05-23 22:29:00
I001553,U0376,R0137,viewed,,2024-01-02 19:21:00
I001554,U0321,R0161,visited,4.0,2024-07-19 23:17:00
I001555,U0121,R0165,visited,,2024-01-17 18:49:00
I001556,U0135,R0219,viewed,,2024-11-27 20:26:00
I001557,U0378,R0049,viewed,,2024-09-24 08:17:00
I001558,U0109,R0235,visited,5.0,2025-01-20 14:53:00
I001559,U0068,R0199,visited,,2025-02-04 02:23:00
I001560,U0045,R0266,viewed,,2024-11-07 18:02:00
I001561,U0481,R0031,viewed,,2024-12-22 05:36:00
I001562,U0432,R0057,viewed,,2024-06-20 01:44:00
I001563,U0233,R0288,viewed,,2024-04-30 11:26:00
I001564,U0386,R0220,visited,3.0,2024-05-06 14:17:00
I001565,U0126,R0109,viewed,,2024-08-13 21:13:00
I001566,U0012,R0208,saved,,2024-03-02 17:59:00
I001567,U0070,R0094,visited,,2024-08-31 18:41:00
I001568,U0395,R0263,visited,,2024-04-21 16:48:00
I001569,U0169,R0024,saved,,2024-10-20 13:13:00
I001570,U0392,R0040,saved,,2025-01-05 14:01:00
I001571,U0209,R0201,visited,,2024-07-24 05:36:00
I001572,U0477,R0008,rated,5.0,2024-10-24 18:11:00
I001573,U0477,R0082,saved,,2024-08-02 22:20:00
I001574,U0120,R0238,rated,5.0,2024-01-04 17:27:00
I001575,U0081,R0016,saved,,2024-10-01 21:42:00
I001576,U0122,R0168,rated,5.0,2024-11-03 22:01:00
I001577,U0058,R0145,saved,,2024-08-02 14:01:00
I001578,U0195,R0092,viewed,,2024-10-02 14:12:00
I001579,U0002,R0189,visited,5.0,2024-05-19 07:35:00
I001580,U0468,R0263,saved,,2025-02-06 07:51:00
I001581,U0276,R0058,viewed,,2024-01-03 12:40:00
I001582,U0348,R0059,saved,,2024-10-23 01:06:00
I001583,U0335,R0262,viewed,,2024-08-17 01:07:00
I001584,U0105,R0016,saved,,2024-09-22 20:57:00
I001585,U0444,R0034,viewed,,2024-09-27 05:38:00
I001586,U0432,R0270,visited,,2024-01-10 14:09:00
I001587,U0095,R0240,viewed,,2024-08-02 17:00:00
I001588,U0217,R0058,rated,3.0,2024-07-16 03:10:00
I001589,U0123,R0062,saved,,2025-02-15 05:59:00
I001590,U0216,R0100,rated,3.0,2024-05-23 08:13:00
I001591,U0095,R0130,viewed,,2025-02-24 15:57:00
I001592,U0004,R0042,saved,,2024-05-31 21:59:00
I001593,U0337,R0074,saved,,2024-07-10 06:26:00
I001594,U0306,R0010,rated,3.0,2024-03-20 07:29:00
I001595,U0187,R0128,saved,,2024-05-16 18:28:00
I001596,U0208,R0031,viewed,,2025-01-24 14:00:00
I001597,U0068,R0151,viewed,,2025-03-08 22:19:00
I001598,U0022,R0181,saved,,2024-08-05 08:32:00
I001599,U0399,R0143,rated,4.0,2025-03-23 12:52:00
I001600,U0128,R0266,visited,,2024-03-18 06:08:00
I001601,U0119,R0220,viewed,,2024-08-25 19:49:00
I001602,U0300,R0038,saved,,2024-10-17 15:58:00
I001603,U0438,R0090,viewed,,2024-05-11 05:38:00
I001604,U0269,R0199,rated,4.0,2024-10-15 19:08:00
I001605,U0292,R0299,viewed,,2024-06-25 12:39:00
I001606,U0303,R0080,visited,,2025-01-10 17:15:00
I001607,U0223,R0007,viewed,,2024-09-25 05:03:00
I001608,U0417,R0127,viewed,,2024-09-27 23:12:00
I001609,U0500,R0044,viewed,,2024-01-06 00:00:00
I001610,U0289,R0037,viewed,,2024-04-14 16:51:00
I001611,U0295,R0254,visited,,2024-08-28 04:02:00
I001612,U0168,R0197,rated,3.0,2024-12-07 22:08:00
I001613,U0152,R0006,rated,4.0,2024-11-28 04:03:00
I001614,U0266,R0094,visited,3.0,2024-09-05 13:27:00
I001615,U0312,R0053,saved,,2024-11-13 12:08:00
I001616,U0068,R0003,saved,,2024-05-05 20:59:00
I001617,U0221,R0293,visited,,2024-11-29 23:41:00
I001618,U0004,R0159,visited,,2024-03-02 22:10:00
I001619,U0050,R0007,visited,5.0,2024-03-27 02:31:00
I001620,U0497,R0180,saved,,2025-01-22 18:48:00
I001621,U0100,R0108,viewed,,2025-01-09 05:51:00
I001622,U0151,R0159,visited,,2024-01-01 08:31:00
I001623,U0221,R0014,rated,3.0,2024-07-31 04:49:00
I001624,U0241,R0212,saved,,2024-11-07 02:50:00
I001625,U0500,R0183,visited,,2024-03-26 17:37:00
I001626,U0178,R0041,viewed,,2024-05-10 01:38:00
I001627,U0182,R0261,viewed,,2025-01-14 02:46:00
I001628,U0378,R0049,visited,4.0,2025-01-02 19:25:00
I001629,U0343,R0188,saved,,2024-07-22 01:41:00
I001630,U0252,R0243,saved,,2024-10-27 07:57:00
I001631,U0164,R0160,viewed,,2024-01-10 07:38:00
I001632,U0473,R0280,viewed,,2024-10-03 00:43:00
I001633,U0083,R0021,saved,,2025-02-24 17:35:00
I001634,U0274,R0277,viewed,,2024-03-21 19:44:00
I001635,U0370,R0122,viewed,,2024-04-12 01:59:00
I001636,U0098,R0240,visited,,2024-09-16 01:48:00
I001637,U0394,R0222,saved,,2024-11-05 17:30:00
I001638,U0041,R0048,visited,5.0,2024-07-18 12:06:00
I001639,U0058,R0207,rated,5.0,2025-02-12 21:43:00
I001640,U0082,R0076,viewed,,2024-08-28 21:00:00
I001641,U0187,R0143,saved,,2025-02-08 01:55:00
I001642,U0459,R0101,saved,,2024-05-28 12:47:00
I001643,U0038,R0294,viewed,,2024-05-19 13:56:00
I001644,U0093,R0128,saved,,2024-07-11 00:23:00
I001645,U0119,R0007,viewed,,2025-01-13 17:19:00
I001646,U0009,R0067,visited,,2024-01-04 06:58:00
I001647,U0223,R0005,viewed,,2024-09-28 20:05:00
I001648,U0332,R0220,viewed,,2024-10-06 18:07:00
I001649,U0031,R0122,viewed,,2024-03-10 00:38:00
I001650,U0135,R0174,viewed,,2024-08-23 11:36:00
I001651,U0240,R0188,viewed,,2024-11-28 05:25:00
I001652,U0274,R0221,visited,,2025-02-21 15:59:00
I001653,U0152,R0165,viewed,,2024-11-18 18:08:00
I001654,U0023,R0164,saved,,2024-11-05 09:44:00
I001655,U0147,R0169,viewed,,2024-10-12 00:40:00
I001656,U0305,R0200,visited,3.0,2025-03-29 09:48:00
I001657,U0352,R0190,viewed,,2024-09-10 01:20:00
I001658,U0359,R0209,viewed,,2025-02-19 13:06:00
I001659,U0159,R0278,viewed,,2024-05-31 14:55:00
I001660,U0462,R0208,viewed,,2025-02-13 02:23:00
I001661,U0259,R0187,viewed,,2024-04-11 21:00:00
I001662,U0035,R0226,saved,,2024-02-16 13:31:00
I001663,U0415,R0049,viewed,,2024-09-26 14:36:00
I001664,U0032,R0192,viewed,,2024-02-08 06:15:00
I001665,U0303,R0168,saved,,2024-01-29 22:24:00
I001666,U0188,R0110,visited,,2024-08-27 18:03:00
I001667,U0164,R0236,rated,4.0,2024-02-10 20:59:00
I001668,U0208,R0298,saved,,2025-03-29 03:35:00
I001669,U0366,R0254,saved,,2024-08-23 12:35:00
I001670,U0411,R0046,saved,,2024-01-04 20:06:00
I001671,U0289,R0096,visited,,2024-05-03 06:12:00
I001672,U0436,R0074,visited,,2025-02-06 21:08:00
I001673,U0208,R0149,viewed,,2024-10-14 04:20:00
I001674,U0479,R0236,rated,5.0,2024-11-30 05:16:00
I001675,U0085,R0225,viewed,,2024-12-29 05:14:00
I001676,U0334,R0073,viewed,,2024-04-03 00:36:00
I001677,U0001,R0034,viewed,,2025-01-24 05:33:00
I001678,U0143,R0151,rated,5.0,2024-09-10 21:04:00
I001679,U0310,R0269,saved,,2025-02-13 21:30:00
I001680,U0065,R0200,visited,4.0,2024-10-18 22:38:00
I001681,U0319,R0036,rated,4.0,2024-03-04 00:00:00
I001682,U0253,R0231,viewed,,2024-02-08 13:56:00
I001683,U0153,R0245,visited,3.0,2024-10-12 11:03:00
I001684,U0172,R0161,visited,3.0,2024-11-18 09:05:00
I001685,U0068,R0254,saved,,2025-03-20 13:30:00
I001686,U0401,R0188,saved,,2024-08-03 04:23:00
I001687,U0221,R0082,viewed,,2024-12-27 12:12:00
I001688,U0374,R0037,viewed,,2024-06-10 19:31:00
I001689,U0331,R0107,rated,5.0,2024-10-27 22:49:00
I001690,U0293,R0249,rated,5.0,2024-12-28 08:53:00
I001691,U0468,R0260,saved,,2024-11-13 10:52:00
I001692,U0306,R0107,viewed,,2025-03-22 13:18:00
I001693,U0111,R0066,viewed,,2024-10-29 08:57:00
I001694,U0196,R0052,viewed,,2024-10-07 18:45:00
I001695,U0039,R0054,viewed,,2024-06-22 07:16:00
I001696,U0094,R0231,saved,,2025-03-24 05:08:00
I001697,U0156,R0255,visited,,2024-03-23 10:25:00
I001698,U0357,R0252,viewed,,2024-09-13 16:09:00
I001699,U0466,R0066,viewed,,2024-10-06 20:30:00
I001700,U0498,R0149,viewed,,2024-07-15 22:04:00
I001701,U0206,R0157,rated,5.0,2024-11-02 17:55:00
I001702,U0496,R0139,saved,,2024-06-15 16:27:00
I001703,U0291,R0199,visited,3.0,2024-01-02 19:54:00
I001704,U0471,R0228,viewed,,2024-03-02 01:53:00
I001705,U0279,R0031,viewed,,2024-02-12 12:25:00
I001706,U0068,R0004,viewed,,2024-06-12 23:28:00
I001707,U0351,R0260,viewed,,2024-09-12 21:59:00
I001708,U0089,R0131,viewed,,2024-01-04 01:24:00
I001709,U0269,R0229,rated,5.0,2024-07-31 16:54:00
I001710,U0183,R0037,viewed,,2024-06-15 03:09:00
I001711,U0134,R0036,visited,,2024-05-31 00:09:00
I001712,U0411,R0104,visited,,2024-08-06 00:32:00
I001713,U0374,R0033,rated,4.0,2024-07-28 06:02:00
I001714,U0263,R0211,viewed,,2024-12-21 10:46:00
I001715,U0274,R0115,saved,,2025-03-22 08:47:00
I001716,U0036,R0109,saved,,2024-10-25 13:40:00
I001717,U0070,R0140,saved,,2024-05-17 03:13:00
I001718,U0270,R0007,visited,,2024-06-30 12:48:00
I001719,U0354,R0252,viewed,,2024-01-08 18:20:00
I001720,U0300,R0281,saved,,2024-08-09 00:10:00
I001721,U0368,R0129,visited,,2024-01-23 07:05:00
I001722,U0182,R0272,visited,3.0,2024-05-23 19:53:00
I001723,U0446,R0009,visited,3.0,2024-04-26 03:36:00
I001724,U0490,R0059,viewed,,2024-08-05 23:17:00
I001725,U0220,R0016,visited,,2025-01-01 19:48:00
I001726,U0144,R0085,visited,2.0,2024-09-21 06:06:00
I001727,U0435,R0228,viewed,,2024-07-25 05:53:00
I001728,U0329,R0045,rated,4.0,2024-09-28 02:29:00
I001729,U0277,R0257,visited,,2025-02-25 11:52:00
I001730,U0175,R0289,saved,,2024-10-30 00:59:00
I001731,U0216,R0079,viewed,,2024-03-14 07:41:00
I001732,U0258,R0297,viewed,,2024-03-28 07:30:00
I001733,U0348,R0294,saved,,2025-02-11 13:20:00
I001734,U0229,R0298,viewed,,2024-11-17 14:26:00
I001735,U0255,R0161,visited,3.0,2025-02-23 17:34:00
I001736,U0384,R0108,viewed,,2024-10-25 02:20:00
I001737,U0155,R0190,visited,,2024-07-18 05:25:00
I001738,U0424,R0282,viewed,,2024-09-19 14:26:00
I001739,U0106,R0269,viewed,,2024-01-09 21:30:00
I001740,U0205,R0041,saved,,2024-12-14 03:11:00
I001741,U0414,R0280,visited,,2024-10-03 16:41:00
I001742,U0199,R0051,viewed,,2025-02-17 00:41:00
I001743,U0424,R0251,visited,,2025-03-11 19:02:00
I001744,U0448,R0061,saved,,2024-04-22 15:49:00
I001745,U0076,R0285,saved,,2024-04-28 07:17:00
I001746,U0125,R0162,viewed,,2024-08-23 16:39:00
I001747,U0337,R0112,viewed,,2024-11-19 01:43:00
I001748,U0464,R0017,visited,,2024-11-12 19:43:00
I001749,U0450,R0114,rated,4.0,2024-05-23 08:02:00
I001750,U0276,R0108,viewed,,2024-02-02 09:56:00
I001751,U0155,R0137,viewed,,2024-05-14 13:30:00
I001752,U0295,R0151,saved,,2024-04-28 13:46:00
I001753,U0417,R0012,viewed,,2024-03-09 19:20:00
I001754,U0083,R0076,viewed,,2024-09-17 12:35:00
I001755,U0397,R0107,viewed,,2025-02-28 02:21:00
I001756,U0421,R0117,viewed,,2024-07-11 23:23:00
I001757,U0036,R0282,saved,,2024-10-02 07:37:00
I001758,U0222,R0200,viewed,,2024-04-16 09:18:00
I001759,U0324,R0294,saved,,2024-02-12 20:31:00
I001760,U0138,R0059,viewed,,2024-06-21 00:10:00
I001761,U0460,R0085,saved,,2024-07-26 18:35:00
I001762,U0051,R0117,saved,,2024-05-20 21:30:00
I001763,U0198,R0030,saved,,2024-10-14 06:44:00
I001764,U0250,R0231,saved,,2024-03-06 18:51:00
I001765,U0384,R0016,visited,3.0,2025-02-23 05:07:00
I001766,U0286,R0097,visited,4.0,2025-01-17 12:26:00
I001767,U0472,R0017,visited,5.0,2024-12-14 22:14:00
I001768,U0138,R0279,visited,4.0,2024-08-12 13:35:00
I001769,U0114,R0216,saved,,2024-01-09 03:30:00
I001770,U0443,R0232,saved,,2024-11-21 09:17:00
I001771,U0417,R0207,viewed,,2024-11-11 05:13:00
I001772,U0126,R0180,viewed,,2024-07-21 11:27:00
I001773,U0452,R0158,visited,,2024-02-26 17:24:00
I001774,U0195,R0112,saved,,2025-01-19 11:47:00
I001775,U0325,R0172,visited,,2024-09-05 21:28:00
I001776,U0153,R0024,visited,,2025-02-20 17:20:00
I001777,U0172,R0176,saved,,2024-04-16 08:49:00
I001778,U0205,R0247,viewed,,2024-10-01 07:36:00
I001779,U0001,R0154,viewed,,2024-04-29 02:16:00
I001780,U0474,R0185,visited,,2024-07-10 21:30:00
I001781,U0077,R0184,viewed,,2025-02-04 18:29:00
I001782,U0270,R0265,rated,2.0,2024-04-19 02:08:00
I001783,U0448,R0005,saved,,2024-05-26 07:28:00
I001784,U0254,R0223,viewed,,2024-01-27 22:33:00
I001785,U0412,R0192,viewed,,2025-01-05 22:34:00
I001786,U0246,R0125,viewed,,2024-02-13 10:05:00
I001787,U0481,R0034,visited,,2024-03-28 20:06:00
I001788,U0281,R0040,viewed,,2024-11-10 21:25:00
I001789,U0324,R0269,viewed,,2024-06-18 14:53:00
I001790,U0334,R0002,viewed,,2024-10-23 21:12:00
I001791,U0126,R0037,saved,,2024-12-27 23:12:00
I001792,U0007,R0207,viewed,,2024-01-28 05:32:00
I001793,U0071,R0087,viewed,,2024-05-28 04:01:00
I001794,U0053,R0162,viewed,,2024-10-28 18:09:00
I001795,U0106,R0266,viewed,,2024-03-10 08:02:00
I001796,U0017,R0164,rated,3.0,2024-03-07 05:42:00
I001797,U0091,R0025,viewed,,2024-01-15 03:42:00
I001798,U0059,R0107,saved,,2024-04-24 18:06:00
I001799,U0099,R0117,visited,,2024-02-29 06:10:00
I001800,U0125,R0131,visited,,2024-06-19 04:13:00
I001801,U0220,R0003,saved,,2024-08-08 13:12:00
I001802,U0444,R0125,saved,,2024-11-22 20:23:00
I001803,U0197,R0207,viewed,,2025-03-09 02:17:00
I001804,U0214,R0214,viewed,,2025-02-04 11:14:00
I001805,U0358,R0190,visited,,2024-05-18 12:27:00
I001806,U0369,R0163,saved,,2024-10-14 18:44:00
I001807,U0353,R0209,saved,,2025-01-27 18:35:00
I001808,U0079,R0149,visited,,2024-07-17 15:59:00
I001809,U0304,R0078,saved,,2024-02-11 05:41:00
I001810,U0166,R0139,saved,,2024-07-29 17:21:00
I001811,U0257,R0220,saved,,2024-07-30 03:25:00
I001812,U0375,R0276,saved,,2024-10-29 20:15:00
I001813,U0040,R0213,visited,,2024-09-13 02:06:00
I001814,U0356,R0237,viewed,,2024-09-11 06:30:00
I001815,U0067,R0195,saved,,2025-01-31 00:06:00
I001816,U0463,R0010,viewed,,2025-01-09 08:36:00
I001817,U0227,R0204,saved,,2025-03-05 04:47:00
I001818,U0297,R0085,saved,,2024-06-25 12:13:00
I001819,U0300,R0154,viewed,,2024-10-20 08:32:00
I001820,U0360,R0197,visited,3.0,2024-07-28 14:43:00
I001821,U0282,R0115,viewed,,2024-02-26 01:06:00
I001822,U0490,R0200,saved,,2025-01-30 18:01:00
I001823,U0375,R0300,saved,,2024-04-09 07:14:00
I001824,U0140,R0140,rated,1.0,2024-08-02 15:42:00
I001825,U0280,R0136,viewed,,2024-02-06 13:31:00
I001826,U0308,R0111,rated,3.0,2024-10-05 02:06:00
I001827,U0475,R0061,visited,3.0,2024-02-07 19:38:00
I001828,U0021,R0127,viewed,,2025-03-08 06:16:00
I001829,U0257,R0169,viewed,,2024-03-20 01:13:00
I001830,U0164,R0102,viewed,,2024-09-01 18:42:00
I001831,U0476,R0052,viewed,,2024-01-31 02:20:00
I001832,U0404,R0247,saved,,2024-02-14 15:07:00
I001833,U0046,R0149,viewed,,2024-09-30 14:54:00
I001834,U0324,R0154,visited,,2024-02-08 19:13:00
I001835,U0497,R0224,visited,,2024-05-30 13:12:00
I001836,U0310,R0037,rated,5.0,2024-02-10 01:58:00
I001837,U0147,R0087,viewed,,2024-06-27 09:56:00
I001838,U0043,R0172,viewed,,2024-11-01 21:27:00
I001839,U0495,R0095,visited,5.0,2024-06-25 10:10:00
I001840,U0016,R0190,rated,4.0,2024-12-24 23:21:00
I001841,U0222,R0232,saved,,2024-07-24 06:23:00
I001842,U0187,R0259,viewed,,2024-04-04 14:40:00
I001843,U0200,R0207,saved,,2024-07-26 11:01:00
I001844,U0335,R0141,viewed,,2025-02-23 12:32:00
I001845,U0053,R0003,saved,,2025-02-20 13:26:00
I001846,U0275,R0073,viewed,,2024-04-08 16:46:00
I001847,U0057,R0063,visited,3.0,2024-04-27 04:35:00
I001848,U0076,R0093,viewed,,2024-01-07 17:17:00
I001849,U0270,R0099,visited,,2024-01-17 00:17:00
I001850,U0284,R0138,visited,3.0,2025-03-31 03:45:00
I001851,U0060,R0127,viewed,,2025-03-12 10:12:00
I001852,U0224,R0149,saved,,2024-12-06 11:31:00
I001853,U0238,R0269,viewed,,2024-10-03 00:54:00
I001854,U0365,R0169,viewed,,2024-06-19 04:50:00
I001855,U0049,R0135,saved,,2025-02-13 14:18:00
I001856,U0388,R0177,rated,5.0,2024-11-24 22:01:00
I001857,U0345,R0117,visited,4.0,2024-03-15 03:14:00
I001858,U0422,R0228,visited,3.0,2025-01-03 12:38:00
I001859,U0295,R0008,saved,,2024-06-14 11:58:00
I001860,U0157,R0011,saved,,2024-10-21 23:00:00
I001861,U0221,R0291,visited,4.0,2024-03-19 16:38:00
I001862,U0411,R0279,visited,,2024-07-17 10:26:00
I001863,U0236,R0124,saved,,2024-07-09 14:57:00
I001864,U0023,R0043,viewed,,2024-07-31 02:59:00
I001865,U0283,R0030,viewed,,2024-01-11 16:17:00
I001866,U0435,R0204,viewed,,2025-01-31 15:55:00
I001867,U0449,R0005,visited,4.0,2024-03-13 08:11:00
I001868,U0393,R0017,viewed,,2024-03-05 09:07:00
I001869,U0300,R0015,visited,,2024-07-12 00:10:00
I001870,U0143,R0085,viewed,,2025-01-25 06:14:00
I001871,U0072,R0269,viewed,,2024-01-11 04:38:00
I001872,U0223,R0201,visited,,2024-02-16 14:10:00
I001873,U0051,R0249,viewed,,2024-03-12 04:01:00
I001874,U0155,R0045,visited,,2024-03-02 11:43:00
I001875,U0498,R0111,viewed,,2024-03-21 16:02:00
I001876,U0421,R0184,viewed,,2024-08-02 03:42:00
I001877,U0300,R0025,saved,,2024-05-04 06:23:00
I001878,U0317,R0116,viewed,,2024-11-05 01:00:00
I001879,U0030,R0012,saved,,2024-06-23 13:06:00
I001880,U0193,R0075,viewed,,2025-01-01 22:43:00
I001881,U0144,R0253,saved,,2024-06-30 19:19:00
I001882,U0319,R0074,viewed,,2025-02-03 11:46:00
I001883,U0412,R0112,saved,,2024-07-16 20:40:00
I001884,U0274,R0039,viewed,,2024-08-13 23:18:00
I001885,U0429,R0126,saved,,2024-03-01 19:18:00
I001886,U0484,R0181,visited,,2024-02-11 21:28:00
I001887,U0499,R0256,viewed,,2024-08-07 10:03:00
I001888,U0177,R0091,visited,,2024-02-04 04:01:00
I001889,U0402,R0295,viewed,,2024-12-24 20:20:00
I001890,U0245,R0281,visited,,2024-11-15 01:09:00
I001891,U0068,R0126,viewed,,2024-09-01 20:35:00
I001892,U0349,R0227,saved,,2024-09-01 20:27:00
I001893,U0105,R0172,viewed,,2024-12-16 15:07:00
I001894,U0037,R0071,saved,,2025-01-03 09:41:00
I001895,U0263,R0189,rated,3.0,2024-02-12 02:18:00
I001896,U0099,R0012,visited,3.0,2025-03-01 10:49:00
I001897,U0038,R0107,viewed,,2024-11-02 21:40:00
I001898,U0258,R0195,viewed,,2024-09-02 17:45:00
I001899,U0133,R0053,visited,,2024-09-11 13:21:00
I001900,U0072,R0022,rated,3.0,2024-12-07 00:52:00
I001901,U0199,R0181,saved,,2024-05-29 05:27:00
I001902,U0162,R0177,visited,4.0,2025-03-03 11:43:00
I001903,U0134,R0271,saved,,2024-08-06 05:10:00
I001904,U0189,R0062,viewed,,2024-03-11 10:00:00
I001905,U0497,R0291,viewed,,2024-06-19 03:09:00
I001906,U0360,R0012,visited,3.0,2024-12-16 08:55:00
I001907,U0071,R0038,viewed,,2024-08-11 21:23:00
I001908,U0462,R0003,saved,,2024-05-29 15:29:00
I001909,U0282,R0004,saved,,2024-09-09 23:36:00
I001910,U0238,R0071,rated,4.0,2024-05-29 22:41:00
I001911,U0027,R0235,viewed,,2024-11-08 16:08:00
I001912,U0048,R0150,visited,,2024-03-14 07:12:00
I001913,U0139,R0163,rated,5.0,2024-09-06 12:49:00
I001914,U0374,R0228,viewed,,2024-11-18 07:42:00
I001915,U0072,R0267,viewed,,2024-02-04 04:56:00
I001916,U0407,R0078,visited,3.0,2025-03-30 23:43:00
I001917,U0266,R0150,saved,,2024-07-17 08:49:00
I001918,U0494,R0279,rated,5.0,2024-04-18 13:54:00
I001919,U0232,R0296,visited,,2024-12-19 17:38:00
I001920,U0328,R0130,saved,,2024-08-10 19:08:00
I001921,U0470,R0215,saved,,2024-01-27 03:55:00
I001922,U0097,R0075,viewed,,2025-03-19 02:58:00
I001923,U0289,R0111,rated,1.0,2025-03-31 00:04:00
I001924,U0056,R0170,viewed,,2024-06-25 16:45:00
I001925,U0388,R0019,saved,,2024-02-01 09:03:00
I001926,U0140,R0124,viewed,,2024-09-17 10:04:00
I001927,U0112,R0245,saved,,2024-09-15 01:12:00
I001928,U0022,R0007,viewed,,2024-06-11 12:18:00
I001929,U0418,R0231,viewed,,2024-11-07 01:09:00
I001930,U0337,R0053,saved,,2024-12-21 17:41:00
I001931,U0361,R0105,viewed,,2024-02-17 03:23:00
I001932,U0265,R0200,rated,4.0,2024-08-04 03:05:00
I001933,U0292,R0293,visited,,2024-10-23 23:45:00
I001934,U0082,R0212,rated,5.0,2025-01-03 10:55:00
I001935,U0275,R0107,viewed,,2024-11-25 17:04:00
I001936,U0395,R0261,viewed,,2024-07-23 21:09:00
I001937,U0445,R0107,rated,3.0,2024-04-13 00:09:00
I001938,U0404,R0264,saved,,2025-02-26 14:11:00
I001939,U0246,R0197,saved,,2024-11-27 07:16:00
I001940,U0416,R0032,viewed,,2024-09-22 11:19:00
I001941,U0003,R0279,saved,,2024-01-04 17:58:00
I001942,U0289,R0242,saved,,2024-01-05 20:29:00
I001943,U0407,R0244,visited,,2024-02-29 03:56:00
I001944,U0390,R0257,viewed,,2024-12-20 23:30:00
I001945,U0032,R0005,viewed,,2024-02-07 01:52:00
I001946,U0073,R0143,viewed,,2024-05-28 15:13:00
I001947,U0455,R0027,saved,,2025-03-10 22:42:00
I001948,U0229,R0241,saved,,2025-02-05 22:57:00
I001949,U0299,R0244,viewed,,2024-11-08 13:22:00
I001950,U0234,R0209,saved,,2025-01-05 21:24:00
I001951,U0269,R0121,saved,,2024-01-09 00:39:00
I001952,U0366,R0188,visited,,2024-03-11 21:24:00
I001953,U0350,R0187,viewed,,2024-04-12 22:11:00
I001954,U0390,R0133,saved,,2024-01-07 14:01:00
I001955,U0186,R0146,viewed,,2024-01-26 03:21:00
I001956,U0253,R0059,rated,4.0,2024-01-20 23:44:00
I001957,U0050,R0023,saved,,2024-03-18 13:00:00
I001958,U0016,R0259,viewed,,2024-10-13 18:45:00
I001959,U0105,R0113,viewed,,2024-12-31 06:22:00
I001960,U0242,R0292,viewed,,2024-05-04 22:32:00
I001961,U0123,R0080,viewed,,2024-09-10 22:08:00
I001962,U0419,R0209,viewed,,2024-09-22 04:19:00
I001963,U0256,R0066,viewed,,2024-01-18 22:56:00
I001964,U0377,R0073,viewed,,2024-01-26 02:19:00
I001965,U0164,R0045,visited,3.0,2024-04-16 04:31:00
I001966,U0450,R0059,visited,,2025-03-26 20:44:00
I001967,U0466,R0112,visited,,2024-04-12 00:05:00
I001968,U0465,R0030,viewed,,2024-01-27 16:52:00
I001969,U0305,R0121,visited,3.0,2024-01-02 09:54:00
I001970,U0486,R0119,rated,4.0,2024-02-03 10:34:00
I001971,U0026,R0118,saved,,2024-04-22 20:28:00
I001972,U0214,R0218,rated,3.0,2024-07-20 05:34:00
I001973,U0416,R0043,viewed,,2024-11-21 13:33:00
I001974,U0443,R0293,visited,,2024-05-11 14:54:00
I001975,U0442,R0046,viewed,,2024-10-07 06:43:00
I001976,U0400,R0126,saved,,2024-09-11 06:38:00
I001977,U0230,R0258,viewed,,2024-10-12 18:07:00
I001978,U0383,R0158,viewed,,2024-04-29 15:26:00
I001979,U0376,R0183,rated,5.0,2024-02-23 12:51:00
I001980,U0249,R0219,visited,,2024-09-02 12:55:00
I001981,U0278,R0111,viewed,,2024-10-05 16:57:00
I001982,U0341,R0184,saved,,2024-07-22 20:10:00
I001983,U0236,R0206,viewed,,2024-08-05 13:27:00
I001984,U0419,R0167,saved,,2024-11-24 19:43:00
I001985,U0001,R0238,saved,,2025-02-17 10:36:00
I001986,U0275,R0055,viewed,,2024-09-01 15:29:00
I001987,U0078,R0223,visited,,2024-05-31 00:35:00
I001988,U0190,R0273,viewed,,2024-02-07 22:59:00
I001989,U0056,R0199,saved,,2024-04-06 18:04:00
I001990,U0185,R0023,saved,,2024-05-14 08:38:00
I001991,U0010,R0064,visited,4.0,2024-01-07 02:41:00
I001992,U0019,R0253,saved,,2024-01-12 12:42:00
I001993,U0330,R0177,viewed,,2024-04-26 06:26:00
I001994,U0325,R0288,viewed,,2024-01-22 00:50:00
I001995,U0334,R0217,saved,,2024-10-20 14:23:00
I001996,U0358,R0168,saved,,2024-02-17 20:48:00
I001997,U0348,R0254,saved,,2024-10-04 15:50:00
I001998,U0130,R0191,viewed,,2024-02-03 08:24:00
I001999,U0124,R0079,saved,,2024-08-23 15:23:00
I002000,U0269,R0242,viewed,,2024-11-07 09:15:00
I002001,U0313,R0288,visited,5.0,2024-05-04 23:27:00
I002002,U0017,R0183,saved,,2024-06-05 10:51:00
I002003,U0206,R0238,visited,5.0,2024-04-10 08:11:00
I002004,U0357,R0240,visited,,2024-03-13 18:20:00
I002005,U0497,R0003,visited,3.0,2024-03-11 10:35:00
I002006,U0180,R0057,visited,,2024-11-21 00:19:00
I002007,U0492,R0288,viewed,,2024-04-26 02:08:00
I002008,U0427,R0170,saved,,2025-01-06 03:07:00
I002009,U0295,R0015,visited,,2024-04-04 14:52:00
I002010,U0136,R0077,rated,4.0,2024-07-13 05:51:00
I002011,U0342,R0177,viewed,,2024-07-05 15:14:00
I002012,U0347,R0180,viewed,,2024-02-11 08:40:00
I002013,U0166,R0049,visited,,2024-06-25 11:20:00
I002014,U0214,R0070,viewed,,2024-02-25 13:29:00
I002015,U0426,R0244,viewed,,2025-01-04 23:10:00
I002016,U0390,R0218,viewed,,2025-01-20 13:01:00
I002017,U0008,R0031,viewed,,2024-11-04 13:15:00
I002018,U0160,R0172,saved,,2024-11-11 18:34:00
I002019,U0361,R0215,visited,4.0,2024-03-29 06:17:00
I002020,U0333,R0078,viewed,,2025-02-21 07:25:00
I002021,U0153,R0188,saved,,2024-10-10 05:50:00
I002022,U0370,R0122,viewed,,2024-08-29 11:49:00
I002023,U0095,R0033,saved,,2024-10-29 00:47:00
I002024,U0147,R0133,viewed,,2025-03-11 22:12:00
I002025,U0332,R0154,rated,3.0,2024-07-09 07:58:00
I002026,U0300,R0248,saved,,2024-02-24 10:01:00
I002027,U0083,R0261,viewed,,2024-12-16 19:05:00
I002028,U0080,R0081,viewed,,2024-07-22 18:57:00
I002029,U0039,R0165,visited,,2024-09-04 03:49:00
I002030,U0014,R0184,viewed,,2024-08-19 15:00:00
I002031,U0227,R0150,saved,,2024-11-12 23:05:00
I002032,U0192,R0101,viewed,,2024-01-27 00:51:00
I002033,U0091,R0004,saved,,2025-01-15 16:15:00
I002034,U0232,R0204,saved,,2024-01-25 08:00:00
I002035,U0310,R0106,saved,,2024-08-23 21:22:00
I002036,U0371,R0075,viewed,,2024-09-15 03:02:00
I002037,U0341,R0068,viewed,,2025-03-22 10:06:00
I002038,U0125,R0126,viewed,,2024-10-06 09:10:00
I002039,U0077,R0002,saved,,2024-10-07 05:23:00
I002040,U0408,R0121,saved,,2025-01-13 06:43:00
I002041,U0371,R0211,visited,5.0,2024-10-16 21:42:00
I002042,U0349,R0045,rated,3.0,2024-05-05 23:24:00
I002043,U0308,R0007,visited,,2024-11-27 15:27:00
I002044,U0247,R0095,viewed,,2024-03-07 02:16:00
I002045,U0138,R0288,saved,,2025-02-10 20:42:00
I002046,U0273,R0165,viewed,,2024-01-04 16:23:00
I002047,U0409,R0156,rated,3.0,2024-08-03 19:30:00
I002048,U0073,R0203,viewed,,2024-02-28 19:11:00
I002049,U0233,R0220,viewed,,2024-08-16 23:43:00
I002050,U0346,R0257,rated,5.0,2025-03-09 13:15:00
I002051,U0482,R0013,viewed,,2024-08-22 03:12:00
I002052,U0279,R0269,viewed,,2024-01-24 05:46:00
I002053,U0493,R0036,saved,,2025-03-29 12:11:00
I002054,U0254,R0218,saved,,2024-05-31 21:07:00
I002055,U0050,R0153,saved,,2024-07-10 05:18:00
I002056,U0262,R0117,viewed,,2024-09-29 23:26:00
I002057,U0107,R0213,viewed,,2024-05-08 12:20:00
I002058,U0475,R0012,saved,,2025-02-03 07:00:00
I002059,U0250,R0117,viewed,,2025-03-07 02:48:00
I002060,U0144,R0033,viewed,,2024-07-12 23:59:00
I002061,U0042,R0279,viewed,,2024-03-21 08:30:00
I002062,U0064,R0266,viewed,,2024-02-28 14:44:00
I002063,U0427,R0296,viewed,,2024-11-10 14:39:00
I002064,U0308,R0030,rated,4.0,2024-03-10 03:31:00
I002065,U0064,R0057,visited,,2024-08-01 11:33:00
I002066,U0457,R0005,viewed,,2024-11-19 21:54:00
I002067,U0491,R0161,viewed,,2024-07-27 06:53:00
I002068,U0386,R0213,saved,,2024-11-07 13:13:00
I002069,U0059,R0107,viewed,,2024-02-09 13:31:00
I002070,U0357,R0088,viewed,,2024-12-19 06:26:00
I002071,U0297,R0019,viewed,,2024-12-18 19:53:00
I002072,U0029,R0125,viewed,,2024-07-01 23:18:00
I002073,U0064,R0079,saved,,2025-01-10 06:38:00
I002074,U0324,R0079,saved,,2025-04-01 10:06:00
I002075,U0225,R0140,saved,,2025-01-13 05:20:00
I002076,U0094,R0097,viewed,,2024-12-22 17:25:00
I002077,U0184,R0133,viewed,,2025-01-30 17:16:00
I002078,U0163,R0120,saved,,2025-02-01 01:38:00
I002079,U0411,R0241,saved,,2025-01-12 10:49:00
I002080,U0457,R0097,visited,,2024-08-02 12:32:00
I002081,U0111,R0241,viewed,,2024-01-15 15:44:00
I002082,U0070,R0062,viewed,,2024-05-30 00:45:00
I002083,U0471,R0093,visited,,2025-01-11 08:06:00
I002084,U0223,R0161,viewed,,2025-04-01 17:06:00
I002085,U0333,R0159,viewed,,2025-01-24 17:55:00
I002086,U0437,R0139,rated,4.0,2024-01-16 05:44:00
I002087,U0387,R0189,saved,,2024-08-12 13:22:00
I002088,U0360,R0047,rated,5.0,2024-08-06 21:04:00
I002089,U0005,R0295,viewed,,2024-06-28 06:39:00
I002090,U0240,R0020,visited,2.0,2025-03-05 10:05:00
I002091,U0423,R0092,viewed,,2025-02-24 02:01:00
I002092,U0330,R0103,saved,,2024-05-16 05:47:00
I002093,U0296,R0090,rated,5.0,2024-05-03 15:24:00
I002094,U0120,R0119,viewed,,2024-05-08 02:53:00
I002095,U0157,R0065,saved,,2024-03-17 09:00:00
I002096,U0194,R0218,visited,4.0,2024-07-28 06:12:00
I002097,U0132,R0107,viewed,,2025-01-12 16:24:00
I002098,U0186,R0148,viewed,,2024-10-14 05:24:00
I002099,U0484,R0069,saved,,2024-08-18 08:13:00
I002100,U0444,R0005,visited,,2025-03-23 13:18:00
I002101,U0168,R0108,viewed,,2025-03-17 15:25:00
I002102,U0169,R0023,viewed,,2024-10-08 16:12:00
I002103,U0409,R0175,saved,,2024-08-21 06:59:00
I002104,U0265,R0223,saved,,2024-11-08 18:16:00
I002105,U0055,R0235,rated,5.0,2024-01-12 13:37:00
I002106,U0111,R0269,rated,4.0,2025-01-01 14:06:00
I002107,U0184,R0215,viewed,,2024-11-30 10:04:00
I002108,U0278,R0259,viewed,,2024-02-19 12:31:00
I002109,U0340,R0150,visited,,2024-04-14 09:44:00
I002110,U0475,R0143,visited,,2025-02-04 13:26:00
I002111,U0118,R0249,viewed,,2025-02-26 22:47:00
I002112,U0408,R0288,viewed,,2024-12-25 17:37:00
I002113,U0433,R0067,rated,3.0,2024-12-15 07:34:00
I002114,U0166,R0252,saved,,2024-07-11 09:32:00
I002115,U0148,R0294,saved,,2025-03-16 17:55:00
I002116,U0263,R0180,rated,5.0,2024-02-13 00:49:00
I002117,U0044,R0107,viewed,,2024-09-14 11:09:00
I002118,U0465,R0251,viewed,,2025-01-23 15:03:00
I002119,U0457,R0111,viewed,,2024-01-27 06:47:00
I002120,U0217,R0111,saved,,2024-04-18 20:38:00
I002121,U0368,R0126,viewed,,2024-12-11 04:12:00
I002122,U0216,R0046,rated,3.0,2024-01-25 14:56:00
I002123,U0228,R0276,viewed,,2024-11-10 17:58:00
I002124,U0365,R0172,viewed,,2024-04-07 14:47:00
I002125,U0145,R0013,viewed,,2025-03-19 15:26:00
I002126,U0240,R0182,saved,,2024-06-28 06:19:00
I002127,U0046,R0039,viewed,,2024-04-16 20:49:00
I002128,U0379,R0018,visited,4.0,2024-09-16 04:15:00
I002129,U0176,R0126,rated,5.0,2024-06-19 20:42:00
I002130,U0217,R0188,rated,3.0,2024-04-12 21:08:00
I002131,U0483,R0211,viewed,,2024-12-15 21:48:00
I002132,U0007,R0019,viewed,,2024-10-19 23:05:00
I002133,U0418,R0158,rated,3.0,2024-07-04 13:04:00
I002134,U0350,R0163,visited,,2024-05-21 12:27:00
I002135,U0241,R0230,viewed,,2024-11-25 20:26:00
I002136,U0365,R0069,saved,,2024-11-03 18:23:00
I002137,U0002,R0093,viewed,,2024-08-04 09:54:00
I002138,U0009,R0162,viewed,,2024-05-03 19:34:00
I002139,U0035,R0130,viewed,,2025-03-24 02:34:00
I002140,U0199,R0193,viewed,,2024-08-18 07:13:00
I002141,U0283,R0047,saved,,2024-09-13 10:10:00
I002142,U0155,R0066,viewed,,2024-05-14 09:06:00
I002143,U0276,R0209,visited,,2024-09-02 09:06:00
I002144,U0471,R0188,saved,,2024-01-05 04:22:00
I002145,U0264,R0192,visited,,2025-01-30 10:34:00
I002146,U0418,R0041,rated,3.0,2024-09-26 17:23:00
I002147,U0430,R0057,viewed,,2024-11-13 05:13:00
I002148,U0050,R0113,saved,,2024-10-19 02:35:00
I002149,U0101,R0273,viewed,,2024-07-16 06:16:00
I002150,U0066,R0089,viewed,,2024-12-18 19:56:00
I002151,U0377,R0053,viewed,,2024-03-20 15:57:00
I002152,U0099,R0152,viewed,,2025-01-05 12:05:00
I002153,U0101,R0128,rated,4.0,2024-07-01 11:12:00
I002154,U0165,R0115,viewed,,2024-06-06 09:00:00
I002155,U0231,R0226,visited,4.0,2024-01-25 19:56:00
I002156,U0161,R0164,saved,,2024-12-28 13:15:00
I002157,U0384,R0157,rated,5.0,2024-03-02 17:47:00
I002158,U0051,R0073,saved,,2024-11-02 08:21:00
I002159,U0079,R0029,saved,,2024-11-12 23:51:00
I002160,U0195,R0048,visited,,2025-03-11 22:46:00
I002161,U0270,R0068,viewed,,2025-02-13 23:07:00
I002162,U0208,R0275,visited,,2024-03-18 21:05:00
I002163,U0327,R0206,saved,,2025-03-03 19:36:00
I002164,U0016,R0271,viewed,,2024-10-20 22:05:00
I002165,U0382,R0002,saved,,2024-03-12 21:51:00
I002166,U0325,R0181,saved,,2024-10-09 20:29:00
I002167,U0026,R0104,viewed,,2024-11-26 21:29:00
I002168,U0316,R0253,saved,,2024-04-07 17:29:00
I002169,U0481,R0063,saved,,2024-05-31 10:11:00
I002170,U0462,R0023,rated,2.0,2025-03-28 20:01:00
I002171,U0486,R0265,visited,5.0,2024-10-09 00:11:00
I002172,U0406,R0094,viewed,,2024-07-02 09:56:00
I002173,U0245,R0135,visited,,2024-11-06 10:02:00
I002174,U0368,R0297,visited,,2025-01-08 18:32:00
I002175,U0170,R0224,saved,,2024-04-14 01:06:00
I002176,U0462,R0200,visited,,2024-03-09 07:32:00
I002177,U0475,R0262,visited,4.0,2024-12-22 19:39:00
I002178,U0425,R0122,viewed,,2024-01-27 13:41:00
I002179,U0005,R0144,saved,,2024-12-06 14:57:00
I002180,U0316,R0008,viewed,,2024-06-17 03:48:00
I002181,U0292,R0149,saved,,2025-01-20 03:16:00
I002182,U0491,R0186,viewed,,2024-10-14 07:37:00
I002183,U0210,R0243,viewed,,2024-10-15 10:46:00
I002184,U0202,R0253,saved,,2025-03-18 16:48:00
I002185,U0447,R0082,viewed,,2024-10-01 00:48:00
I002186,U0079,R0126,viewed,,2024-09-18 16:21:00
I002187,U0349,R0217,viewed,,2024-09-10 16:01:00
I002188,U0313,R0205,visited,3.0,2024-05-17 23:17:00
I002189,U0244,R0172,viewed,,2024-11-21 06:05:00
I002190,U0481,R0245,viewed,,2025-02-07 22:21:00
I002191,U0359,R0251,saved,,2024-05-21 02:43:00
I002192,U0198,R0081,viewed,,2024-03-02 23:41:00
I002193,U0061,R0253,viewed,,2024-05-17 19:26:00
I002194,U0183,R0163,viewed,,2024-11-24 13:19:00
I002195,U0032,R0057,saved,,2024-01-20 02:48:00
I002196,U0334,R0080,viewed,,2024-03-05 16:17:00
I002197,U0308,R0086,saved,,2024-01-25 18:40:00
I002198,U0267,R0131,saved,,2024-02-12 20:55:00
I002199,U0260,R0018,rated,4.0,2024-04-10 09:35:00
I002200,U0171,R0113,saved,,2025-02-10 16:25:00
I002201,U0205,R0249,viewed,,2024-05-13 08:26:00
I002202,U0021,R0224,saved,,2025-01-17 12:40:00
I002203,U0179,R0210,visited,,2025-02-15 16:23:00
I002204,U0378,R0022,viewed,,2025-03-27 11:20:00
I002205,U0282,R0072,saved,,2024-04-03 13:16:00
I002206,U0112,R0190,saved,,2024-05-16 09:47:00
I002207,U0203,R0002,saved,,2025-03-02 00:53:00
I002208,U0247,R0176,saved,,2024-10-15 22:36:00
I002209,U0034,R0234,viewed,,2024-03-19 18:43:00
I002210,U0353,R0142,saved,,2024-11-05 05:21:00
I002211,U0106,R0052,saved,,2024-10-04 05:33:00
I002212,U0244,R0140,viewed,,2024-07-13 10:37:00
I002213,U0460,R0019,viewed,,2024-06-04 23:39:00
I002214,U0222,R0275,viewed,,2024-06-21 13:51:00
I002215,U0137,R0028,visited,,2024-06-01 03:22:00
I002216,U0340,R0025,visited,,2024-08-24 14:54:00
I002217,U0248,R0069,visited,,2024-09-13 10:25:00
I002218,U0131,R0054,viewed,,2025-01-09 20:31:00
I002219,U0159,R0049,viewed,,2024-11-28 11:29:00
I002220,U0110,R0161,visited,,2024-07-09 11:35:00
I002221,U0186,R0257,viewed,,2024-01-23 04:50:00
I002222,U0211,R0086,saved,,2024-12-01 20:19:00
I002223,U0239,R0053,visited,,2024-08-15 20:45:00
I002224,U0064,R0285,viewed,,2024-06-23 01:33:00
I002225,U0365,R0111,viewed,,2024-12-31 12:02:00
I002226,U0063,R0237,visited,3.0,2024-01-10 02:29:00
I002227,U0179,R0016,viewed,,2024-02-23 14:47:00
I002228,U0251,R0279,saved,,2024-09-27 10:20:00
I002229,U0349,R0051,saved,,2024-02-26 23:51:00
I002230,U0122,R0282,rated,4.0,2024-08-05 14:25:00
I002231,U0347,R0128,viewed,,2024-08-07 15:15:00
I002232,U0305,R0209,viewed,,2024-03-06 04:34:00
I002233,U0276,R0110,viewed,,2024-04-19 07:51:00
I002234,U0314,R0004,viewed,,2024-11-05 14:58:00
I002235,U0439,R0159,saved,,2024-11-10 07:27:00
I002236,U0208,R0116,saved,,2025-01-07 18:26:00
I002237,U0224,R0187,saved,,2025-02-26 00:32:00
I002238,U0343,R0213,saved,,2025-02-18 18:16:00
I002239,U0363,R0035,viewed,,2025-01-25 16:24:00
I002240,U0220,R0299,visited,,2024-04-10 05:04:00
I002241,U0082,R0194,viewed,,2024-09-07 20:34:00
I002242,U0136,R0140,visited,4.0,2024-07-10 21:52:00
I002243,U0163,R0144,viewed,,2024-09-23 03:51:00
I002244,U0392,R0176,viewed,,2024-08-18 06:32:00
I002245,U0495,R0010,viewed,,2024-04-15 17:52:00
I002246,U0332,R0277,visited,,2025-01-04 13:32:00
I002247,U0155,R0052,rated,4.0,2025-03-17 15:05:00
I002248,U0134,R0268,viewed,,2024-05-16 01:57:00
I002249,U0050,R0057,viewed,,2024-04-16 12:00:00
I002250,U0240,R0248,saved,,2024-08-03 21:42:00
I002251,U0248,R0223,viewed,,2025-02-01 14:24:00
I002252,U0074,R0192,viewed,,2024-09-04 22:53:00
I002253,U0034,R0214,viewed,,2024-03-16 01:18:00
I002254,U0203,R0288,viewed,,2024-09-13 12:52:00
I002255,U0295,R0114,visited,,2024-07-17 09:41:00
I002256,U0169,R0206,viewed,,2024-06-01 03:37:00
I002257,U0314,R0043,viewed,,2024-12-16 07:38:00
I002258,U0369,R0250,saved,,2024-03-07 10:52:00
I002259,U0306,R0231,viewed,,2024-02-05 23:55:00
I002260,U0073,R0297,rated,5.0,2024-08-24 08:11:00
I002261,U0175,R0088,viewed,,2024-03-30 03:27:00
I002262,U0142,R0264,visited,,2024-04-28 06:49:00
I002263,U0189,R0280,viewed,,2024-06-01 06:43:00
I002264,U0430,R0043,viewed,,2024-05-02 10:54:00
I002265,U0471,R0130,viewed,,2024-12-19 22:22:00
I002266,U0377,R0042,visited,,2024-03-18 17:15:00
I002267,U0007,R0113,saved,,2024-11-04 14:06:00
I002268,U0253,R0253,visited,5.0,2024-01-17 11:26:00
I002269,U0458,R0294,viewed,,2024-12-23 12:00:00
I002270,U0390,R0285,saved,,2024-08-17 12:35:00
I002271,U0005,R0199,viewed,,2024-12-01 22:59:00
I002272,U0301,R0233,visited,4.0,2024-02-10 20:48:00
I002273,U0242,R0122,saved,,2024-05-15 18:50:00
I002274,U0216,R0232,rated,4.0,2024-09-12 08:55:00
I002275,U0175,R0060,saved,,2024-05-23 17:54:00
I002276,U0433,R0149,viewed,,2024-10-31 18:57:00
I002277,U0212,R0061,viewed,,2024-10-21 15:25:00
I002278,U0158,R0231,saved,,2024-06-28 13:21:00
I002279,U0237,R0077,rated,3.0,2024-03-18 05:24:00
I002280,U0260,R0173,rated,3.0,2024-01-13 06:37:00
I002281,U0006,R0260,saved,,2024-09-27 11:47:00
I002282,U0489,R0209,viewed,,2024-07-28 17:30:00
I002283,U0192,R0240,saved,,2024-10-18 18:57:00
I002284,U0423,R0209,viewed,,2024-08-27 18:11:00
I002285,U0451,R0228,saved,,2024-01-29 14:48:00
I002286,U0123,R0184,saved,,2024-08-02 05:11:00
I002287,U0339,R0017,rated,4.0,2024-11-30 05:18:00
I002288,U0104,R0084,saved,,2025-02-01 07:03:00
I002289,U0404,R0074,saved,,2024-04-27 08:17:00
I002290,U0177,R0067,viewed,,2025-03-26 12:20:00
I002291,U0442,R0136,visited,,2024-05-27 17:30:00
I002292,U0400,R0175,viewed,,2024-10-23 20:48:00
I002293,U0392,R0267,saved,,2024-07-04 11:19:00
I002294,U0004,R0166,viewed,,2025-01-24 09:08:00
I002295,U0015,R0093,saved,,2024-03-07 05:07:00
I002296,U0488,R0296,visited,,2024-09-25 15:10:00
I002297,U0471,R0266,visited,,2024-05-08 05:51:00
I002298,U0159,R0291,viewed,,2024-10-22 03:30:00
I002299,U0242,R0003,viewed,,2024-01-22 05:33:00
I002300,U0336,R0002,rated,4.0,2024-07-03 09:23:00
I002301,U0485,R0140,viewed,,2024-09-12 19:08:00
I002302,U0338,R0035,visited,,2024-03-08 14:20:00
I002303,U0183,R0088,saved,,2024-08-17 08:17:00
I002304,U0088,R0027,saved,,2024-01-29 15:34:00
I002305,U0466,R0175,viewed,,2025-02-16 06:12:00
I002306,U0260,R0253,saved,,2024-10-11 06:25:00
I002307,U0079,R0118,viewed,,2024-05-17 23:42:00
I002308,U0052,R0236,viewed,,2025-01-04 03:36:00
I002309,U0015,R0067,saved,,2024-01-24 03:54:00
I002310,U0370,R0181,saved,,2024-03-17 18:28:00
I002311,U0304,R0053,rated,3.0,2024-11-19 11:58:00
I002312,U0166,R0064,visited,,2024-11-26 14:05:00
I002313,U0463,R0239,rated,4.0,2024-06-03 22:54:00
I002314,U0082,R0198,saved,,2024-09-21 17:15:00
I002315,U0355,R0036,saved,,2025-02-09 15:46:00
I002316,U0237,R0246,saved,,2024-06-01 06:40:00
I002317,U0157,R0102,saved,,2024-06-04 19:57:00
I002318,U0310,R0193,viewed,,2024-07-26 22:54:00
I002319,U0315,R0293,visited,4.0,2024-09-30 20:01:00
I002320,U0329,R0152,viewed,,2025-03-18 13:03:00
I002321,U0291,R0147,viewed,,2024-12-23 11:30:00
I002322,U0148,R0086,saved,,2024-12-21 04:08:00
I002323,U0473,R0017,saved,,2024-04-28 01:38:00
I002324,U0348,R0171,viewed,,2024-12-29 03:48:00
I002325,U0065,R0115,viewed,,2024-09-27 23:17:00
I002326,U0230,R0157,saved,,2024-11-22 07:53:00
I002327,U0043,R0181,saved,,2025-02-08 05:10:00
I002328,U0074,R0289,viewed,,2024-11-21 01:27:00
I002329,U0443,R0160,viewed,,2024-09-07 07:53:00
I002330,U0307,R0074,rated,4.0,2025-01-11 13:28:00
I002331,U0138,R0293,saved,,2024-04-28 21:36:00
I002332,U0205,R0010,visited,,2024-12-09 18:55:00
I002333,U0094,R0178,visited,,2024-06-20 14:12:00
I002334,U0128,R0262,saved,,2024-01-11 15:14:00
I002335,U0142,R0175,rated,3.0,2024-12-13 06:03:00
I002336,U0093,R0118,viewed,,2024-04-01 04:18:00
I002337,U0098,R0235,viewed,,2024-06-26 01:20:00
I002338,U0469,R0038,viewed,,2025-02-24 04:20:00
I002339,U0050,R0015,viewed,,2024-07-01 10:34:00
I002340,U0440,R0256,saved,,2024-05-16 20:44:00
I002341,U0027,R0140,visited,,2024-12-11 09:21:00
I002342,U0202,R0157,saved,,2024-03-21 11:52:00
I002343,U0191,R0045,saved,,2025-02-14 01:31:00
I002344,U0395,R0265,viewed,,2024-05-07 23:56:00
I002345,U0177,R0011,visited,,2024-06-07 19:16:00
I002346,U0448,R0241,saved,,2025-03-15 10:22:00
I002347,U0009,R0221,viewed,,2025-03-08 02:42:00
I002348,U0457,R0222,viewed,,2025-03-23 00:29:00
I002349,U0224,R0038,saved,,2024-01-29 10:38:00
I002350,U0184,R0216,visited,5.0,2024-04-07 21:13:00
I002351,U0355,R0217,visited,3.0,2025-01-26 18:02:00
I002352,U0056,R0023,viewed,,2025-01-21 13:46:00
I002353,U0308,R0077,viewed,,2024-09-13 17:06:00
I002354,U0276,R0107,saved,,2024-07-19 21:07:00
I002355,U0243,R0275,viewed,,2025-02-22 21:22:00
I002356,U0339,R0196,viewed,,2024-10-12 17:48:00
I002357,U0083,R0195,viewed,,2024-01-07 15:09:00
I002358,U0366,R0250,viewed,,2024-11-22 17:07:00
I002359,U0345,R0149,saved,,2024-08-22 06:22:00
I002360,U0216,R0145,viewed,,2025-01-07 23:45:00
I002361,U0292,R0191,viewed,,2024-05-25 19:35:00
I002362,U0105,R0211,viewed,,2024-07-17 15:16:00
I002363,U0214,R0231,visited,4.0,2024-09-08 03:05:00
I002364,U0107,R0156,visited,,2024-11-16 20:28:00
I002365,U0108,R0076,viewed,,2024-06-27 16:53:00
I002366,U0389,R0110,viewed,,2024-09-01 15:50:00
I002367,U0051,R0194,saved,,2024-02-25 18:50:00
I002368,U0083,R0213,viewed,,2024-09-03 21:09:00
I002369,U0007,R0053,saved,,2024-03-11 11:52:00
I002370,U0149,R0173,saved,,2024-06-24 09:37:00
I002371,U0291,R0254,viewed,,2024-09-23 16:30:00
I002372,U0070,R0159,saved,,2024-01-07 06:51:00
I002373,U0407,R0145,saved,,2024-12-09 01:01:00
I002374,U0016,R0298,viewed,,2024-03-21 19:19:00
I002375,U0252,R0143,rated,2.0,2024-10-16 20:26:00
I002376,U0255,R0100,viewed,,2025-02-12 12:10:00
I002377,U0075,R0173,rated,5.0,2024-11-19 12:03:00
I002378,U0003,R0085,viewed,,2024-04-24 09:02:00
I002379,U0232,R0053,viewed,,2024-07-07 16:36:00
I002380,U0007,R0173,viewed,,2024-01-23 22:34:00
I002381,U0112,R0297,viewed,,2024-05-30 08:31:00
I002382,U0326,R0018,visited,4.0,2024-02-12 10:08:00
I002383,U0439,R0145,viewed,,2024-03-15 05:51:00
I002384,U0133,R0285,viewed,,2025-03-04 12:12:00
I002385,U0371,R0037,visited,,2024-06-02 11:02:00
I002386,U0128,R0294,viewed,,2024-01-13 08:29:00
I002387,U0372,R0249,saved,,2025-02-01 06:18:00
I002388,U0033,R0024,viewed,,2024-02-17 06:48:00
I002389,U0036,R0265,visited,,2024-10-14 20:06:00
I002390,U0119,R0081,viewed,,2025-03-23 18:42:00
I002391,U0002,R0159,viewed,,2024-07-03 13:00:00
I002392,U0109,R0036,viewed,,2025-02-18 11:48:00
I002393,U0467,R0200,viewed,,2025-01-26 04:29:00
I002394,U0405,R0028,viewed,,2024-04-23 06:54:00
I002395,U0480,R0231,saved,,2024-10-24 19:58:00
I002396,U0497,R0269,visited,4.0,2024-11-07 03:45:00
I002397,U0315,R0148,visited,,2024-06-02 02:00:00
I002398,U0427,R0198,viewed,,2025-01-23 14:22:00
I002399,U0474,R0204,saved,,2024-01-19 02:01:00
I002400,U0085,R0165,viewed,,2024-05-27 00:03:00
I002401,U0144,R0226,viewed,,2024-08-25 19:19:00
I002402,U0449,R0288,saved,,2024-10-25 16:37:00
I002403,U0140,R0261,viewed,,2024-01-07 20:15:00
I002404,U0208,R0055,viewed,,2025-04-01 14:51:00
I002405,U0418,R0019,viewed,,2025-03-29 02:28:00
I002406,U0143,R0013,viewed,,2024-05-26 09:05:00
I002407,U0304,R0217,saved,,2024-04-29 21:42:00
I002408,U0474,R0176,viewed,,2024-10-17 03:30:00
I002409,U0373,R0120,visited,,2025-01-22 01:19:00
I002410,U0110,R0198,rated,5.0,2024-11-10 15:41:00
I002411,U0426,R0234,rated,5.0,2024-04-20 18:55:00
I002412,U0434,R0270,viewed,,2024-12-04 07:53:00
I002413,U0338,R0199,visited,5.0,2024-02-10 07:17:00
I002414,U0221,R0004,saved,,2024-02-21 15:55:00
I002415,U0118,R0164,viewed,,2025-03-26 22:07:00
I002416,U0199,R0070,viewed,,2025-02-19 18:35:00
I002417,U0190,R0135,viewed,,2025-02-23 18:34:00
I002418,U0356,R0230,visited,,2024-11-17 20:20:00
I002419,U0185,R0249,visited,,2024-05-01 08:42:00
I002420,U0186,R0165,visited,,2024-06-17 00:39:00
I002421,U0474,R0089,viewed,,2024-01-25 21:05:00
I002422,U0384,R0029,viewed,,2024-02-07 13:04:00
I002423,U0496,R0264,visited,,2024-01-01 01:43:00
I002424,U0245,R0066,visited,3.0,2024-05-15 21:16:00
I002425,U0271,R0064,visited,,2024-11-17 07:40:00
I002426,U0372,R0215,viewed,,2024-02-06 16:35:00
I002427,U0070,R0072,viewed,,2024-02-11 16:46:00
I002428,U0204,R0148,viewed,,2024-11-22 20:40:00
I002429,U0080,R0098,saved,,2024-12-19 20:27:00
I002430,U0312,R0123,viewed,,2024-11-16 19:37:00
I002431,U0223,R0141,viewed,,2024-04-25 18:42:00
I002432,U0072,R0274,visited,,2025-02-16 14:58:00
I002433,U0053,R0090,saved,,2024-08-24 18:16:00
I002434,U0310,R0291,visited,,2024-06-09 05:58:00
I002435,U0315,R0213,saved,,2024-12-16 16:17:00
I002436,U0374,R0278,viewed,,2025-03-28 03:04:00
I002437,U0159,R0114,viewed,,2024-01-13 19:45:00
I002438,U0267,R0013,viewed,,2024-02-13 10:20:00
I002439,U0476,R0027,viewed,,2024-02-20 22:09:00
I002440,U0060,R0212,saved,,2024-07-22 12:46:00
I002441,U0012,R0111,viewed,,2024-06-01 02:34:00
I002442,U0408,R0004,viewed,,2024-12-02 19:37:00
I002443,U0291,R0251,saved,,2024-08-21 18:12:00
I002444,U0178,R0035,visited,3.0,2025-01-03 14:17:00
I002445,U0350,R0044,viewed,,2024-04-20 12:59:00
I002446,U0234,R0007,visited,4.0,2024-06-30 12:41:00
I002447,U0238,R0221,viewed,,2024-10-11 09:46:00
I002448,U0436,R0083,viewed,,2024-01-08 17:02:00
I002449,U0327,R0287,viewed,,2025-03-05 05:51:00
I002450,U0350,R0268,viewed,,2024-11-21 14:14:00
I002451,U0077,R0095,viewed,,2024-02-02 19:28:00
I002452,U0071,R0279,visited,4.0,2024-12-15 22:10:00
I002453,U0081,R0168,viewed,,2024-12-29 00:01:00
I002454,U0017,R0263,viewed,,2024-10-02 08:45:00
I002455,U0066,R0066,viewed,,2024-12-19 01:00:00
I002456,U0108,R0215,viewed,,2024-03-07 07:20:00
I002457,U0271,R0119,visited,,2024-12-15 04:56:00
I002458,U0420,R0141,viewed,,2025-02-17 06:36:00
I002459,U0073,R0287,saved,,2025-03-22 13:45:00
I002460,U0203,R0114,visited,,2024-11-09 12:53:00
I002461,U0157,R0005,rated,4.0,2024-05-10 11:17:00
I002462,U0466,R0130,viewed,,2024-02-20 13:25:00
I002463,U0136,R0298,viewed,,2024-10-06 09:18:00
I002464,U0049,R0251,viewed,,2024-07-30 22:10:00
I002465,U0362,R0213,saved,,2024-04-09 03:21:00
I002466,U0357,R0084,saved,,2024-10-09 01:20:00
I002467,U0258,R0281,viewed,,2024-08-15 20:19:00
I002468,U0436,R0157,viewed,,2024-06-23 23:55:00
I002469,U0024,R0055,visited,,2025-02-22 10:20:00
I002470,U0283,R0276,viewed,,2024-02-12 14:17:00
I002471,U0279,R0222,visited,,2025-02-27 04:11:00
I002472,U0312,R0113,rated,3.0,2024-12-20 09:42:00
I002473,U0375,R0187,saved,,2024-06-15 23:50:00
I002474,U0165,R0228,saved,,2025-03-12 02:06:00
I002475,U0304,R0281,visited,,2024-08-27 13:09:00
I002476,U0227,R0129,rated,4.0,2024-02-23 02:24:00
I002477,U0338,R0086,visited,3.0,2024-12-29 16:38:00
I002478,U0398,R0193,visited,4.0,2024-08-22 13:43:00
I002479,U0384,R0037,viewed,,2024-10-22 16:37:00
I002480,U0317,R0117,rated,3.0,2024-09-10 08:24:00
I002481,U0293,R0246,rated,3.0,2024-10-31 04:29:00
I002482,U0054,R0169,rated,3.0,2025-02-04 07:13:00
I002483,U0452,R0266,rated,2.0,2024-03-15 16:23:00
I002484,U0027,R0292,viewed,,2024-05-01 15:37:00
I002485,U0161,R0237,visited,4.0,2025-02-13 09:17:00
I002486,U0057,R0023,saved,,2025-02-28 05:47:00
I002487,U0219,R0070,rated,3.0,2024-06-24 09:41:00
I002488,U0056,R0201,rated,5.0,2024-05-12 07:21:00
I002489,U0297,R0264,saved,,2024-06-17 20:40:00
I002490,U0364,R0291,visited,,2025-02-04 18:27:00
I002491,U0473,R0255,saved,,2025-02-12 17:04:00
I002492,U0347,R0020,rated,3.0,2024-04-17 01:28:00
I002493,U0431,R0239,viewed,,2025-03-26 21:40:00
I002494,U0441,R0099,viewed,,2024-11-16 00:31:00
I002495,U0261,R0274,saved,,2024-03-17 06:12:00
I002496,U0082,R0235,visited,,2025-02-18 03:18:00
I002497,U0320,R0231,saved,,2024-01-28 06:08:00
I002498,U0496,R0066,visited,5.0,2024-08-05 19:21:00
I002499,U0364,R0183,saved,,2024-08-19 01:58:00
I002500,U0077,R0019,viewed,,2024-05-08 02:12:00
I002501,U0215,R0159,visited,3.0,2024-05-20 15:51:00
I002502,U0324,R0014,viewed,,2024-08-02 17:44:00
I002503,U0109,R0171,viewed,,2024-09-06 17:38:00
I002504,U0211,R0019,viewed,,2025-01-14 07:25:00
I002505,U0218,R0289,visited,5.0,2024-02-01 18:28:00
I002506,U0206,R0054,saved,,2024-08-09 20:58:00
I002507,U0089,R0020,saved,,2024-04-16 08:19:00
I002508,U0419,R0119,visited,,2025-01-14 19:10:00
I002509,U0313,R0076,rated,4.0,2024-04-24 00:30:00
I002510,U0044,R0082,viewed,,2025-03-19 01:57:00
I002511,U0262,R0120,visited,4.0,2024-08-20 01:20:00
I002512,U0147,R0287,saved,,2024-10-01 14:50:00
I002513,U0032,R0205,viewed,,2024-12-04 16:53:00
I002514,U0007,R0291,saved,,2024-01-10 20:27:00
I002515,U0176,R0091,viewed,,2024-10-08 14:44:00
I002516,U0464,R0275,visited,,2024-12-23 19:17:00
I002517,U0214,R0163,viewed,,2025-03-20 01:27:00
I002518,U0408,R0070,rated,5.0,2024-07-24 21:46:00
I002519,U0037,R0194,viewed,,2024-01-01 10:12:00
I002520,U0444,R0253,visited,,2024-06-20 12:46:00
I002521,U0006,R0104,visited,,2024-07-12 09:30:00
I002522,U0326,R0033,saved,,2024-04-07 03:56:00
I002523,U0090,R0135,saved,,2024-05-01 11:43:00
I002524,U0352,R0139,viewed,,2024-01-10 02:36:00
I002525,U0268,R0226,saved,,2024-08-29 00:44:00
I002526,U0021,R0246,viewed,,2024-01-29 15:52:00
I002527,U0147,R0030,viewed,,2024-10-07 18:23:00
I002528,U0232,R0078,viewed,,2024-02-12 21:03:00
I002529,U0168,R0035,rated,4.0,2024-10-19 00:03:00
I002530,U0347,R0241,viewed,,2024-10-11 23:23:00
I002531,U0015,R0091,viewed,,2024-06-27 21:18:00
I002532,U0290,R0243,rated,5.0,2024-11-16 07:45:00
I002533,U0350,R0090,viewed,,2024-12-11 05:39:00
I002534,U0462,R0241,visited,,2024-05-17 20:29:00
I002535,U0445,R0217,visited,,2025-01-18 09:16:00
I002536,U0426,R0086,viewed,,2024-12-13 21:39:00
I002537,U0085,R0029,saved,,2024-02-27 11:49:00
I002538,U0369,R0109,viewed,,2025-02-10 21:54:00
I002539,U0352,R0230,viewed,,2024-12-12 12:49:00
I002540,U0164,R0176,viewed,,2025-02-11 14:19:00
I002541,U0018,R0264,rated,3.0,2025-02-12 10:32:00
I002542,U0206,R0088,viewed,,2024-07-01 14:16:00
I002543,U0136,R0170,saved,,2024-10-12 13:13:00
I002544,U0094,R0133,viewed,,2024-03-15 14:47:00
I002545,U0303,R0056,viewed,,2024-12-20 01:58:00
I002546,U0359,R0266,visited,3.0,2024-09-30 08:26:00
I002547,U0420,R0085,visited,,2024-03-01 16:42:00
I002548,U0355,R0273,rated,5.0,2025-03-28 04:09:00
I002549,U0337,R0215,viewed,,2024-09-10 21:59:00
I002550,U0069,R0005,viewed,,2024-10-06 05:52:00
I002551,U0412,R0145,visited,,2024-10-03 08:28:00
I002552,U0157,R0198,viewed,,2024-05-06 14:06:00
I002553,U0451,R0093,viewed,,2024-08-22 05:31:00
I002554,U0173,R0275,viewed,,2025-02-13 04:39:00
I002555,U0427,R0093,visited,,2024-11-13 16:33:00
I002556,U0278,R0269,viewed,,2024-05-30 08:21:00
I002557,U0121,R0143,rated,2.0,2024-03-10 23:59:00
I002558,U0298,R0110,visited,5.0,2024-06-17 19:27:00
I002559,U0094,R0233,rated,4.0,2024-12-23 18:13:00
I002560,U0265,R0014,visited,,2024-09-27 09:50:00
I002561,U0217,R0179,rated,3.0,2024-02-05 11:26:00
I002562,U0284,R0206,viewed,,2024-05-02 01:51:00
I002563,U0053,R0194,saved,,2024-08-18 20:59:00
I002564,U0154,R0124,viewed,,2024-08-13 21:11:00
I002565,U0414,R0252,viewed,,2024-11-28 05:18:00
I002566,U0181,R0215,viewed,,2025-02-16 03:08:00
I002567,U0358,R0008,visited,,2024-09-06 17:48:00
I002568,U0214,R0040,visited,5.0,2025-03-17 16:21:00
I002569,U0182,R0222,visited,4.0,2024-01-15 05:40:00
I002570,U0091,R0174,visited,,2024-09-24 22:34:00
I002571,U0315,R0140,rated,4.0,2024-11-06 16:48:00
I002572,U0230,R0019,viewed,,2024-02-10 21:14:00
I002573,U0387,R0086,viewed,,2024-01-09 06:55:00
I002574,U0476,R0247,viewed,,2024-10-04 22:42:00
I002575,U0399,R0174,viewed,,2024-08-24 23:24:00
I002576,U0015,R0125,viewed,,2024-09-04 14:35:00
I002577,U0116,R0138,viewed,,2025-01-15 00:26:00
I002578,U0094,R0275,viewed,,2024-11-22 20:22:00
I002579,U0417,R0189,saved,,2024-08-05 05:12:00
I002580,U0436,R0232,saved,,2024-01-19 01:16:00
I002581,U0113,R0065,viewed,,2025-02-18 14:59:00
I002582,U0084,R0131,visited,2.0,2024-06-24 10:18:00
I002583,U0235,R0020,viewed,,2024-09-01 17:34:00
I002584,U0438,R0036,saved,,2024-11-22 09:25:00
I002585,U0446,R0236,saved,,2025-02-06 10:24:00
I002586,U0312,R0006,rated,3.0,2024-09-20 21:59:00
I002587,U0221,R0256,saved,,2024-12-30 05:39:00
I002588,U0471,R0225,visited,,2024-03-23 07:43:00
I002589,U0216,R0141,viewed,,2024-11-21 17:38:00
I002590,U0166,R0106,viewed,,2025-01-02 01:14:00
I002591,U0015,R0061,visited,,2025-03-19 12:09:00
I002592,U0279,R0115,viewed,,2024-11-15 01:20:00
I002593,U0009,R0060,viewed,,2024-08-22 08:53:00
I002594,U0235,R0011,saved,,2024-09-08 05:32:00
I002595,U0393,R0236,viewed,,2024-07-14 11:38:00
I002596,U0221,R0189,rated,3.0,2024-12-07 09:22:00
I002597,U0492,R0254,viewed,,2024-10-18 11:23:00
I002598,U0014,R0176,visited,,2024-07-17 04:36:00
I002599,U0364,R0043,viewed,,2024-07-05 09:57:00
I002600,U0039,R0287,viewed,,2024-03-23 22:20:00
I002601,U0068,R0188,visited,,2024-12-08 16:41:00
I002602,U0500,R0257,saved,,2024-07-20 20:20:00
I002603,U0364,R0095,visited,4.0,2024-05-31 22:18:00
I002604,U0164,R0077,saved,,2025-02-08 21:08:00
I002605,U0243,R0198,rated,4.0,2024-08-25 06:01:00
I002606,U0263,R0281,rated,4.0,2024-04-06 23:23:00
I002607,U0350,R0124,rated,2.0,2025-02-06 05:47:00
I002608,U0146,R0147,visited,,2025-01-30 13:14:00
I002609,U0149,R0012,viewed,,2025-02-12 22:05:00
I002610,U0186,R0085,saved,,2024-10-25 18:03:00
I002611,U0363,R0014,visited,,2024-05-09 02:08:00
I002612,U0167,R0155,viewed,,2024-10-31 02:50:00
I002613,U0380,R0120,viewed,,2024-07-06 15:04:00
I002614,U0457,R0237,visited,3.0,2024-05-02 09:52:00
I002615,U0363,R0105,rated,4.0,2024-01-21 02:18:00
I002616,U0026,R0285,visited,5.0,2024-07-13 21:26:00
I002617,U0155,R0185,viewed,,2024-10-20 03:43:00
I002618,U0036,R0112,viewed,,2024-10-14 23:52:00
I002619,U0357,R0106,rated,5.0,2024-04-29 13:56:00
I002620,U0407,R0246,saved,,2025-03-19 00:07:00
I002621,U0012,R0128,saved,,2024-10-30 11:27:00
I002622,U0015,R0253,rated,5.0,2024-08-31 12:22:00
I002623,U0030,R0254,saved,,2024-03-19 11:45:00
I002624,U0441,R0236,viewed,,2024-07-12 23:13:00
I002625,U0061,R0202,viewed,,2024-09-11 20:32:00
I002626,U0373,R0040,rated,4.0,2024-12-09 23:49:00
I002627,U0441,R0106,viewed,,2024-08-24 00:00:00
I002628,U0177,R0144,visited,,2024-07-22 12:43:00
I002629,U0071,R0127,viewed,,2024-01-15 15:06:00
I002630,U0444,R0034,viewed,,2024-08-03 06:15:00
I002631,U0094,R0111,rated,3.0,2025-02-13 12:21:00
I002632,U0320,R0088,viewed,,2025-01-09 00:53:00
I002633,U0296,R0253,viewed,,2025-03-31 10:58:00
I002634,U0278,R0073,visited,3.0,2024-05-20 11:20:00
I002635,U0446,R0058,visited,,2024-08-03 00:13:00
I002636,U0085,R0121,visited,,2024-10-07 22:31:00
I002637,U0431,R0099,viewed,,2024-01-09 01:16:00
I002638,U0356,R0121,viewed,,2024-09-22 09:26:00
I002639,U0137,R0051,viewed,,2024-02-15 04:02:00
I002640,U0205,R0117,viewed,,2025-03-31 05:36:00
I002641,U0063,R0134,viewed,,2024-09-19 03:07:00
I002642,U0384,R0138,viewed,,2024-08-12 05:34:00
I002643,U0038,R0213,viewed,,2024-06-06 12:58:00
I002644,U0012,R0171,saved,,2024-05-18 12:22:00
I002645,U0466,R0133,viewed,,2024-05-06 12:32:00
I002646,U0483,R0119,viewed,,2024-05-16 00:12:00
I002647,U0434,R0291,viewed,,2024-08-05 00:00:00
I002648,U0071,R0078,viewed,,2024-04-22 16:24:00
I002649,U0334,R0228,rated,4.0,2024-07-18 16:14:00
I002650,U0167,R0231,saved,,2024-04-09 08:01:00
I002651,U0400,R0294,saved,,2024-07-03 01:34:00
I002652,U0059,R0036,visited,,2025-03-14 00:15:00
I002653,U0288,R0140,saved,,2024-08-30 14:02:00
I002654,U0008,R0216,viewed,,2024-10-19 10:45:00
I002655,U0339,R0296,rated,4.0,2024-06-05 05:38:00
I002656,U0489,R0182,visited,4.0,2024-10-21 10:18:00
I002657,U0229,R0105,viewed,,2024-12-05 09:44:00
I002658,U0120,R0161,rated,2.0,2024-12-30 06:35:00
I002659,U0117,R0084,visited,,2024-09-06 22:05:00
I002660,U0228,R0007,rated,4.0,2024-02-22 04:43:00
I002661,U0173,R0230,viewed,,2025-01-13 07:02:00
I002662,U0437,R0148,saved,,2024-11-22 07:20:00
I002663,U0404,R0278,viewed,,2024-03-27 21:34:00
I002664,U0294,R0285,viewed,,2024-03-11 13:56:00
I002665,U0167,R0194,viewed,,2024-12-30 15:06:00
I002666,U0424,R0043,saved,,2025-03-28 23:46:00
I002667,U0296,R0062,viewed,,2024-02-08 09:59:00
I002668,U0206,R0132,saved,,2024-02-11 03:37:00
I002669,U0439,R0259,saved,,2024-08-22 11:51:00
I002670,U0155,R0251,rated,4.0,2025-01-29 21:33:00
I002671,U0095,R0124,saved,,2024-09-04 09:35:00
I002672,U0346,R0254,viewed,,2024-10-13 17:56:00
I002673,U0062,R0076,viewed,,2024-02-18 05:05:00
I002674,U0341,R0208,viewed,,2024-10-04 13:23:00
I002675,U0185,R0236,saved,,2025-01-23 21:33:00
I002676,U0069,R0056,viewed,,2024-01-08 06:43:00
I002677,U0382,R0242,saved,,2024-10-30 00:28:00
I002678,U0481,R0297,viewed,,2025-02-13 22:02:00
I002679,U0293,R0264,viewed,,2024-10-31 04:43:00
I002680,U0356,R0223,viewed,,2024-08-13 13:59:00
I002681,U0138,R0175,viewed,,2024-08-06 15:25:00
I002682,U0185,R0142,saved,,2024-03-23 16:06:00
I002683,U0229,R0139,saved,,2024-01-02 01:12:00
I002684,U0387,R0077,visited,4.0,2024-11-09 07:03:00
I002685,U0200,R0131,rated,4.0,2024-07-09 14:14:00
I002686,U0021,R0196,viewed,,2024-09-20 10:09:00
I002687,U0332,R0077,viewed,,2024-09-02 11:07:00
I002688,U0295,R0013,saved,,2025-03-06 06:25:00
I002689,U0223,R0119,viewed,,2024-03-17 17:22:00
I002690,U0357,R0205,visited,,2024-08-26 04:57:00
I002691,U0403,R0113,saved,,2024-06-21 18:13:00
I002692,U0053,R0019,viewed,,2024-08-29 23:44:00
I002693,U0366,R0028,visited,4.0,2024-12-01 06:16:00
I002694,U0480,R0018,viewed,,2024-05-16 06:12:00
I002695,U0496,R0043,saved,,2025-04-01 17:40:00
I002696,U0473,R0007,viewed,,2024-02-21 18:33:00
I002697,U0411,R0191,visited,4.0,2024-08-03 18:42:00
I002698,U0198,R0277,rated,5.0,2024-11-17 12:18:00
I002699,U0190,R0183,saved,,2024-12-19 04:06:00
I002700,U0277,R0114,visited,,2024-01-16 10:13:00
I002701,U0231,R0102,rated,3.0,2024-11-04 13:33:00
I002702,U0272,R0186,saved,,2024-03-08 16:35:00
I002703,U0110,R0293,saved,,2024-11-10 19:29:00
I002704,U0347,R0109,viewed,,2024-05-01 05:06:00
I002705,U0305,R0262,saved,,2024-12-11 13:22:00
I002706,U0349,R0016,viewed,,2024-08-11 13:56:00
I002707,U0467,R0269,saved,,2024-01-19 12:41:00
I002708,U0254,R0214,rated,4.0,2025-02-28 18:36:00
I002709,U0095,R0159,visited,3.0,2024-02-22 10:22:00
I002710,U0290,R0206,visited,3.0,2024-10-20 21:26:00
I002711,U0470,R0148,saved,,2024-06-27 10:50:00
I002712,U0223,R0189,viewed,,2024-09-19 15:13:00
I002713,U0017,R0028,visited,4.0,2024-03-15 23:51:00
I002714,U0195,R0193,saved,,2024-03-26 11:47:00
I002715,U0200,R0237,saved,,2024-04-05 05:46:00
I002716,U0307,R0034,viewed,,2025-02-12 03:37:00
I002717,U0156,R0230,visited,,2024-12-19 06:42:00
I002718,U0241,R0264,viewed,,2024-05-23 02:30:00
I002719,U0221,R0030,visited,4.0,2024-04-11 15:06:00
I002720,U0471,R0213,rated,4.0,2024-12-28 21:42:00
I002721,U0188,R0287,viewed,,2025-01-19 15:52:00
I002722,U0127,R0140,rated,4.0,2025-03-03 09:16:00
I002723,U0382,R0167,visited,4.0,2024-06-18 12:27:00
I002724,U0177,R0045,visited,,2024-06-04 23:28:00
I002725,U0228,R0141,viewed,,2024-01-23 19:52:00
I002726,U0207,R0261,viewed,,2024-01-21 12:10:00
I002727,U0383,R0166,viewed,,2024-09-18 18:41:00
I002728,U0303,R0200,visited,,2024-03-25 08:59:00
I002729,U0119,R0184,viewed,,2024-06-17 05:07:00
I002730,U0259,R0232,viewed,,2024-01-24 06:21:00
I002731,U0445,R0159,viewed,,2024-08-06 00:57:00
I002732,U0154,R0031,viewed,,2024-08-13 08:29:00
I002733,U0221,R0299,visited,4.0,2024-02-11 05:11:00
I002734,U0060,R0174,saved,,2025-01-07 18:52:00
I002735,U0463,R0023,visited,4.0,2024-09-23 19:14:00
I002736,U0111,R0111,rated,4.0,2024-07-31 22:45:00
I002737,U0339,R0206,visited,,2024-06-10 23:00:00
I002738,U0393,R0014,viewed,,2025-03-13 15:12:00
I002739,U0405,R0266,rated,3.0,2025-03-28 00:04:00
I002740,U0439,R0239,visited,,2024-10-13 01:24:00
I002741,U0321,R0192,viewed,,2024-03-02 18:06:00
I002742,U0042,R0257,visited,5.0,2024-01-04 17:00:00
I002743,U0489,R0188,visited,,2024-11-03 13:05:00
I002744,U0079,R0113,viewed,,2025-01-25 06:17:00
I002745,U0296,R0181,viewed,,2024-10-15 08:02:00
I002746,U0242,R0254,saved,,2024-07-16 04:45:00
I002747,U0199,R0205,saved,,2024-04-02 13:50:00
I002748,U0220,R0163,viewed,,2024-02-26 03:35:00
I002749,U0033,R0278,viewed,,2025-01-08 04:55:00
I002750,U0315,R0114,viewed,,2024-07-01 18:55:00
I002751,U0298,R0070,rated,2.0,2024-04-23 03:50:00
I002752,U0146,R0175,visited,,2024-12-24 19:54:00
I002753,U0452,R0299,visited,,2024-07-26 17:03:00
I002754,U0496,R0148,saved,,2024-02-15 02:09:00
I002755,U0406,R0217,viewed,,2025-02-06 08:49:00
I002756,U0449,R0278,visited,,2024-02-22 08:02:00
I002757,U0467,R0257,visited,,2024-08-21 08:21:00
I002758,U0179,R0293,visited,4.0,2024-05-20 02:19:00
I002759,U0346,R0274,visited,5.0,2024-02-13 19:51:00
I002760,U0177,R0100,viewed,,2025-03-14 09:31:00
I002761,U0206,R0064,viewed,,2024-12-30 12:56:00
I002762,U0493,R0199,visited,,2024-02-13 03:48:00
I002763,U0200,R0199,saved,,2024-07-23 13:00:00
I002764,U0394,R0098,viewed,,2024-05-18 12:56:00
I002765,U0281,R0212,viewed,,2024-07-21 11:24:00
I002766,U0421,R0152,viewed,,2024-07-05 15:08:00
I002767,U0076,R0166,viewed,,2024-04-13 10:09:00
I002768,U0001,R0267,visited,,2024-06-07 19:24:00
I002769,U0450,R0033,viewed,,2025-03-10 01:21:00
I002770,U0396,R0077,visited,,2024-04-26 10:12:00
I002771,U0393,R0045,viewed,,2024-05-19 11:58:00
I002772,U0212,R0009,rated,4.0,2024-11-15 07:18:00
I002773,U0340,R0077,viewed,,2025-01-02 22:07:00
I002774,U0329,R0039,viewed,,2024-10-02 15:32:00
I002775,U0114,R0136,rated,5.0,2024-04-10 21:53:00
I002776,U0247,R0279,visited,3.0,2024-03-17 03:59:00
I002777,U0076,R0117,viewed,,2024-10-16 21:57:00
I002778,U0382,R0265,viewed,,2024-01-08 01:51:00
I002779,U0349,R0291,rated,5.0,2024-03-24 13:22:00
I002780,U0238,R0266,rated,5.0,2024-08-10 06:43:00
I002781,U0154,R0258,saved,,2024-04-10 23:48:00
I002782,U0253,R0077,viewed,,2024-04-05 04:40:00
I002783,U0165,R0104,viewed,,2024-08-26 16:43:00
I002784,U0129,R0173,saved,,2024-09-26 05:32:00
I002785,U0135,R0226,viewed,,2024-07-12 22:02:00
I002786,U0273,R0066,rated,4.0,2024-06-02 10:45:00
I002787,U0371,R0067,viewed,,2024-04-16 02:43:00
I002788,U0385,R0070,viewed,,2024-12-01 01:30:00
I002789,U0482,R0043,rated,3.0,2024-04-22 00:40:00
I002790,U0420,R0063,saved,,2024-05-22 09:22:00
I002791,U0181,R0237,rated,4.0,2024-04-19 02:38:00
I002792,U0408,R0246,viewed,,2025-03-11 11:14:00
I002793,U0240,R0015,saved,,2025-01-17 06:50:00
I002794,U0325,R0155,viewed,,2024-11-03 15:23:00
I002795,U0269,R0260,visited,,2024-01-28 22:59:00
I002796,U0415,R0067,saved,,2024-03-19 15:38:00
I002797,U0471,R0113,saved,,2024-05-27 18:55:00
I002798,U0024,R0108,saved,,2024-04-05 07:55:00
I002799,U0309,R0165,viewed,,2025-03-26 14:00:00
I002800,U0149,R0231,viewed,,2024-06-08 23:56:00
I002801,U0378,R0269,viewed,,2024-08-25 09:29:00
I002802,U0242,R0255,viewed,,2024-04-23 12:24:00
I002803,U0211,R0181,viewed,,2024-08-18 12:45:00
I002804,U0282,R0080,rated,4.0,2025-02-07 21:41:00
I002805,U0276,R0066,visited,4.0,2025-03-14 16:26:00
I002806,U0443,R0276,saved,,2024-05-13 14:08:00
I002807,U0111,R0106,viewed,,2024-06-02 23:49:00
I002808,U0206,R0204,viewed,,2024-06-29 07:06:00
I002809,U0094,R0104,rated,3.0,2024-04-15 10:33:00
I002810,U0416,R0142,rated,4.0,2024-02-16 03:33:00
I002811,U0409,R0222,viewed,,2024-05-13 05:07:00
I002812,U0243,R0010,saved,,2024-04-25 12:16:00
I002813,U0321,R0271,visited,,2024-10-23 11:59:00
I002814,U0364,R0191,saved,,2024-02-07 19:15:00
I002815,U0472,R0054,visited,3.0,2024-12-18 12:21:00
I002816,U0296,R0255,viewed,,2024-08-06 16:31:00
I002817,U0244,R0250,saved,,2025-02-07 17:27:00
I002818,U0159,R0046,rated,3.0,2024-02-07 18:22:00
I002819,U0113,R0285,viewed,,2024-10-05 09:11:00
I002820,U0017,R0049,viewed,,2024-02-24 10:19:00
I002821,U0270,R0001,viewed,,2024-04-11 13:16:00
I002822,U0269,R0202,rated,3.0,2025-02-01 08:52:00
I002823,U0236,R0010,saved,,2025-02-13 21:38:00
I002824,U0464,R0247,saved,,2024-01-14 12:29:00
I002825,U0314,R0294,saved,,2024-07-17 14:11:00
I002826,U0390,R0100,viewed,,2024-04-24 21:11:00
I002827,U0030,R0187,saved,,2024-10-16 14:10:00
I002828,U0318,R0241,visited,,2024-07-04 21:28:00
I002829,U0317,R0101,visited,,2024-03-01 03:43:00
I002830,U0436,R0212,rated,4.0,2024-08-05 16:21:00
I002831,U0275,R0282,viewed,,2025-01-22 16:21:00
I002832,U0345,R0243,saved,,2024-07-12 15:55:00
I002833,U0211,R0141,saved,,2024-03-27 12:12:00
I002834,U0077,R0251,viewed,,2024-08-05 11:38:00
I002835,U0067,R0130,viewed,,2024-08-14 15:10:00
I002836,U0308,R0003,viewed,,2025-03-01 23:33:00
I002837,U0313,R0204,saved,,2024-11-15 08:21:00
I002838,U0450,R0014,visited,3.0,2024-10-10 01:49:00
I002839,U0207,R0298,saved,,2024-03-02 07:26:00
I002840,U0308,R0195,saved,,2024-01-22 22:58:00
I002841,U0142,R0015,viewed,,2024-01-29 08:05:00
I002842,U0198,R0112,rated,4.0,2024-05-11 00:20:00
I002843,U0451,R0073,viewed,,2025-03-21 17:28:00
I002844,U0324,R0298,viewed,,2024-05-29 12:29:00
I002845,U0144,R0219,rated,5.0,2025-02-07 12:55:00
I002846,U0222,R0020,rated,2.0,2024-03-10 15:12:00
I002847,U0421,R0293,saved,,2024-06-20 19:09:00
I002848,U0389,R0295,visited,5.0,2024-02-15 00:11:00
I002849,U0322,R0251,saved,,2024-09-30 03:43:00
I002850,U0448,R0168,viewed,,2024-09-22 08:37:00
I002851,U0452,R0237,saved,,2024-04-13 16:12:00
I002852,U0135,R0129,viewed,,2025-03-17 20:23:00
I002853,U0139,R0243,saved,,2024-06-23 00:51:00
I002854,U0394,R0094,viewed,,2024-08-27 00:46:00
I002855,U0207,R0271,viewed,,2024-08-28 01:30:00
I002856,U0062,R0082,saved,,2025-01-03 12:59:00
I002857,U0066,R0097,viewed,,2024-11-02 20:37:00
I002858,U0257,R0229,visited,,2024-01-06 15:37:00
I002859,U0420,R0219,viewed,,2024-08-20 16:13:00
I002860,U0413,R0006,saved,,2025-01-28 11:29:00
I002861,U0284,R0260,saved,,2024-07-18 08:15:00
I002862,U0379,R0043,saved,,2024-06-15 23:39:00
I002863,U0381,R0111,rated,3.0,2024-11-16 01:29:00
I002864,U0321,R0191,visited,,2024-03-20 13:39:00
I002865,U0320,R0028,viewed,,2024-04-15 20:02:00
I002866,U0184,R0205,rated,3.0,2024-05-05 00:28:00
I002867,U0350,R0238,viewed,,2024-03-01 04:55:00
I002868,U0500,R0183,visited,,2024-01-03 00:18:00
I002869,U0066,R0103,visited,4.0,2024-01-20 22:54:00
I002870,U0197,R0265,visited,3.0,2025-03-23 03:50:00
I002871,U0363,R0230,viewed,,2024-08-15 15:38:00
I002872,U0270,R0077,rated,4.0,2024-11-22 21:20:00
I002873,U0192,R0044,saved,,2025-03-16 21:12:00
I002874,U0051,R0259,visited,4.0,2024-08-27 21:26:00
I002875,U0339,R0041,saved,,2024-01-22 07:03:00
I002876,U0480,R0263,saved,,2025-01-07 19:21:00
I002877,U0433,R0156,viewed,,2024-07-17 03:43:00
I002878,U0410,R0174,visited,4.0,2024-10-10 09:37:00
I002879,U0433,R0167,visited,5.0,2024-05-10 09:26:00
I002880,U0365,R0149,visited,5.0,2025-03-11 13:38:00
I002881,U0477,R0185,saved,,2024-12-23 06:23:00
I002882,U0441,R0171,viewed,,2024-02-01 16:48:00
I002883,U0365,R0069,visited,,2024-06-02 14:49:00
I002884,U0479,R0253,saved,,2024-04-02 11:18:00
I002885,U0451,R0061,saved,,2024-03-16 09:47:00
I002886,U0301,R0128,viewed,,2024-01-20 00:31:00
I002887,U0458,R0187,viewed,,2025-03-02 09:36:00
I002888,U0136,R0055,viewed,,2024-12-13 18:21:00
I002889,U0251,R0061,visited,3.0,2024-01-16 05:49:00
I002890,U0079,R0252,viewed,,2024-07-03 06:51:00
I002891,U0104,R0142,visited,,2024-01-26 01:21:00
I002892,U0145,R0187,viewed,,2024-05-28 11:22:00
I002893,U0491,R0063,saved,,2024-12-05 06:13:00
I002894,U0441,R0213,viewed,,2025-02-24 19:22:00
I002895,U0389,R0004,visited,,2024-01-16 16:26:00
I002896,U0389,R0027,viewed,,2024-02-15 11:58:00
I002897,U0169,R0242,rated,3.0,2024-02-17 20:45:00
I002898,U0115,R0201,rated,4.0,2025-02-02 19:43:00
I002899,U0343,R0216,saved,,2025-03-28 16:32:00
I002900,U0013,R0046,visited,,2024-04-10 19:05:00
I002901,U0048,R0056,viewed,,2024-01-23 05:25:00
I002902,U0146,R0025,rated,3.0,2024-12-17 21:46:00
I002903,U0222,R0125,viewed,,2024-01-02 21:42:00
I002904,U0326,R0230,rated,4.0,2024-02-02 17:34:00
I002905,U0222,R0207,rated,5.0,2025-03-26 04:47:00
I002906,U0005,R0279,viewed,,2024-02-17 05:18:00
I002907,U0247,R0143,visited,4.0,2025-03-10 00:16:00
I002908,U0238,R0287,saved,,2024-03-26 15:38:00
I002909,U0421,R0223,viewed,,2025-02-05 20:20:00
I002910,U0438,R0155,saved,,2024-06-08 12:33:00
I002911,U0292,R0172,visited,3.0,2024-08-11 12:19:00
I002912,U0335,R0074,viewed,,2024-03-19 20:24:00
I002913,U0413,R0193,rated,3.0,2024-07-17 12:26:00
I002914,U0342,R0266,rated,4.0,2024-12-04 17:11:00
I002915,U0405,R0075,rated,2.0,2024-11-18 20:08:00
I002916,U0116,R0240,viewed,,2024-10-12 08:03:00
I002917,U0199,R0033,viewed,,2024-06-03 22:56:00
I002918,U0267,R0168,viewed,,2024-05-15 10:20:00
I002919,U0236,R0258,saved,,2024-01-28 11:21:00
I002920,U0469,R0115,viewed,,2024-07-29 03:16:00
I002921,U0493,R0223,visited,,2024-03-31 01:03:00
I002922,U0150,R0078,visited,,2024-05-08 14:45:00
I002923,U0052,R0189,viewed,,2024-02-12 20:36:00
I002924,U0279,R0045,rated,4.0,2024-04-05 05:45:00
I002925,U0244,R0217,rated,4.0,2024-04-05 15:42:00
I002926,U0066,R0107,viewed,,2024-07-24 01:58:00
I002927,U0040,R0252,viewed,,2024-03-05 19:05:00
I002928,U0271,R0137,visited,,2025-03-02 09:37:00
I002929,U0426,R0209,saved,,2024-06-19 04:30:00
I002930,U0010,R0093,saved,,2024-02-18 03:51:00
I002931,U0149,R0111,rated,1.0,2025-02-24 06:02:00
I002932,U0246,R0188,viewed,,2024-02-09 00:38:00
I002933,U0072,R0056,saved,,2024-05-27 10:51:00
I002934,U0123,R0080,viewed,,2024-11-08 04:28:00
I002935,U0092,R0212,viewed,,2025-03-14 01:11:00
I002936,U0114,R0104,visited,,2024-06-22 16:01:00
I002937,U0215,R0075,viewed,,2024-06-22 04:26:00
I002938,U0346,R0124,visited,,2024-03-14 14:46:00
I002939,U0161,R0058,visited,5.0,2025-01-18 21:59:00
I002940,U0224,R0282,viewed,,2024-01-02 10:29:00
I002941,U0498,R0092,viewed,,2025-03-10 12:29:00
I002942,U0498,R0124,visited,,2024-04-27 22:58:00
I002943,U0190,R0140,rated,5.0,2024-12-24 10:05:00
I002944,U0446,R0215,visited,,2024-10-24 09:12:00
I002945,U0117,R0017,viewed,,2024-12-15 08:26:00
I002946,U0294,R0013,viewed,,2024-02-05 20:57:00
I002947,U0279,R0259,viewed,,2024-01-26 19:14:00
I002948,U0187,R0127,viewed,,2025-01-26 07:00:00
I002949,U0189,R0155,saved,,2024-01-28 00:36:00
I002950,U0135,R0120,viewed,,2024-11-23 20:09:00
I002951,U0050,R0237,rated,2.0,2024-05-18 14:03:00
I002952,U0057,R0095,saved,,2024-11-14 05:35:00
I002953,U0434,R0277,viewed,,2024-08-20 12:38:00
I002954,U0228,R0192,saved,,2024-09-09 23:15:00
I002955,U0311,R0281,visited,4.0,2024-10-28 06:56:00
I002956,U0193,R0148,viewed,,2024-11-04 22:52:00
I002957,U0132,R0154,viewed,,2025-01-02 20:18:00
I002958,U0477,R0189,saved,,2025-03-12 12:55:00
I002959,U0165,R0218,visited,4.0,2024-02-26 18:42:00
I002960,U0420,R0082,saved,,2025-03-01 20:42:00
I002961,U0197,R0034,visited,,2024-01-11 23:07:00
I002962,U0014,R0113,viewed,,2024-11-28 02:37:00
I002963,U0143,R0293,saved,,2024-11-30 14:03:00
I002964,U0271,R0013,visited,,2024-12-19 16:29:00
I002965,U0402,R0026,visited,,2024-12-23 12:32:00
I002966,U0067,R0052,viewed,,2024-11-27 20:49:00
I002967,U0377,R0206,viewed,,2024-09-08 14:12:00
I002968,U0419,R0086,saved,,2025-02-21 03:13:00
I002969,U0189,R0206,visited,,2025-01-13 21:29:00
I002970,U0401,R0090,viewed,,2024-07-01 03:27:00
I002971,U0370,R0269,saved,,2024-07-04 17:07:00
I002972,U0251,R0255,viewed,,2024-05-24 15:28:00
I002973,U0311,R0123,rated,5.0,2024-11-14 21:43:00
I002974,U0158,R0111,visited,,2024-10-29 15:48:00
I002975,U0064,R0091,rated,5.0,2025-03-07 02:39:00
I002976,U0457,R0131,saved,,2024-03-17 12:51:00
I002977,U0295,R0097,viewed,,2024-01-20 06:40:00
I002978,U0245,R0286,viewed,,2024-07-20 16:08:00
I002979,U0264,R0245,viewed,,2025-03-07 10:11:00
I002980,U0217,R0088,saved,,2024-05-21 17:31:00
I002981,U0207,R0101,viewed,,2024-08-19 07:36:00
I002982,U0071,R0297,viewed,,2024-08-23 16:27:00
I002983,U0289,R0041,saved,,2024-03-05 21:19:00
I002984,U0106,R0180,visited,5.0,2024-12-19 10:31:00
I002985,U0073,R0236,visited,,2025-01-10 06:24:00
I002986,U0303,R0192,viewed,,2024-08-01 05:56:00
I002987,U0314,R0132,saved,,2024-07-27 17:24:00
I002988,U0167,R0009,visited,3.0,2024-10-23 20:58:00
I002989,U0031,R0035,viewed,,2024-09-06 23:37:00
I002990,U0481,R0059,viewed,,2025-03-09 20:37:00
I002991,U0126,R0190,rated,2.0,2024-04-17 16:19:00
I002992,U0040,R0052,saved,,2024-01-20 06:19:00
I002993,U0429,R0211,visited,,2024-07-15 05:19:00
I002994,U0426,R0119,viewed,,2024-07-18 19:45:00
I002995,U0357,R0087,viewed,,2024-05-25 00:31:00
I002996,U0127,R0152,viewed,,2024-02-01 19:59:00
I002997,U0270,R0040,saved,,2025-01-31 11:06:00
I002998,U0201,R0098,viewed,,2024-11-19 23:05:00
I002999,U0379,R0091,viewed,,2024-05-29 20:06:00
I003000,U0250,R0174,viewed,,2024-01-22 19:21:00
I003001,U0224,R0130,viewed,,2025-01-09 10:17:00
I003002,U0063,R0099,viewed,,2024-07-19 11:46:00
I003003,U0412,R0007,viewed,,2024-11-01 02:21:00
I003004,U0091,R0156,saved,,2025-02-20 18:55:00
I003005,U0149,R0057,rated,2.0,2024-04-20 16:23:00
I003006,U0456,R0022,saved,,2024-09-16 20:19:00
I003007,U0360,R0158,rated,4.0,2024-09-19 16:25:00
I003008,U0279,R0038,viewed,,2024-04-05 19:07:00
I003009,U0495,R0161,viewed,,2024-02-28 17:41:00
I003010,U0014,R0049,viewed,,2024-06-10 04:13:00
I003011,U0053,R0184,visited,,2025-03-30 07:18:00
I003012,U0094,R0279,rated,4.0,2024-01-07 23:08:00
I003013,U0076,R0129,visited,,2024-02-11 20:15:00
I003014,U0400,R0081,viewed,,2024-05-06 08:10:00
I003015,U0124,R0275,saved,,2025-02-20 14:30:00
I003016,U0325,R0275,saved,,2024-08-06 22:25:00
I003017,U0466,R0241,rated,5.0,2024-12-24 15:31:00
I003018,U0442,R0069,viewed,,2024-06-22 05:50:00
I003019,U0150,R0027,visited,,2025-03-27 11:54:00
I003020,U0412,R0071,viewed,,2024-06-26 09:56:00
I003021,U0107,R0092,rated,4.0,2025-01-20 23:48:00
I003022,U0164,R0095,visited,,2024-03-27 16:36:00
I003023,U0265,R0011,rated,4.0,2024-01-21 08:11:00
I003024,U0334,R0119,visited,,2024-04-28 02:33:00
I003025,U0164,R0128,visited,4.0,2024-01-04 15:54:00
I003026,U0336,R0002,visited,,2024-10-09 09:36:00
I003027,U0406,R0205,viewed,,2024-07-12 16:26:00
I003028,U0361,R0213,viewed,,2024-10-06 00:51:00
I003029,U0167,R0297,saved,,2025-02-25 08:35:00
I003030,U0144,R0184,viewed,,2024-07-08 18:21:00
I003031,U0173,R0052,rated,5.0,2024-04-06 22:02:00
I003032,U0180,R0151,saved,,2024-12-03 22:22:00
I003033,U0057,R0051,viewed,,2024-06-07 10:06:00
I003034,U0414,R0220,visited,,2024-01-06 10:46:00
I003035,U0016,R0129,viewed,,2025-03-28 04:09:00
I003036,U0122,R0134,visited,,2024-09-14 14:55:00
I003037,U0102,R0089,visited,5.0,2024-09-21 02:28:00
I003038,U0489,R0062,viewed,,2025-01-18 10:37:00
I003039,U0255,R0112,viewed,,2025-03-06 06:15:00
I003040,U0258,R0207,viewed,,2025-02-22 13:46:00
I003041,U0014,R0014,visited,2.0,2025-02-14 00:15:00
I003042,U0361,R0214,rated,4.0,2025-01-01 02:43:00
I003043,U0020,R0023,viewed,,2024-06-04 02:45:00
I003044,U0130,R0013,saved,,2024-03-09 16:16:00
I003045,U0498,R0217,saved,,2024-08-28 17:28:00
I003046,U0329,R0099,viewed,,2024-10-17 19:36:00
I003047,U0245,R0006,viewed,,2024-01-11 08:12:00
I003048,U0158,R0157,viewed,,2024-07-03 02:55:00
I003049,U0024,R0011,viewed,,2024-02-03 00:40:00
I003050,U0150,R0057,viewed,,2024-07-06 10:47:00
I003051,U0234,R0293,viewed,,2024-08-29 04:43:00
I003052,U0306,R0183,visited,,2024-03-07 21:05:00
I003053,U0284,R0255,rated,4.0,2025-02-25 14:31:00
I003054,U0337,R0040,viewed,,2024-10-01 02:34:00
I003055,U0498,R0294,viewed,,2024-11-21 05:02:00
I003056,U0143,R0260,viewed,,2024-07-03 03:37:00
I003057,U0130,R0164,visited,,2025-02-17 02:41:00
I003058,U0115,R0144,visited,,2024-09-12 18:42:00
I003059,U0021,R0127,rated,4.0,2024-06-27 15:51:00
I003060,U0164,R0262,saved,,2024-10-18 03:49:00
I003061,U0277,R0167,viewed,,2024-03-12 01:23:00
I003062,U0299,R0094,visited,5.0,2024-01-16 13:14:00
I003063,U0459,R0234,rated,4.0,2025-01-13 14:40:00
I003064,U0039,R0182,saved,,2024-05-22 05:03:00
I003065,U0435,R0019,visited,,2024-10-30 21:26:00
I003066,U0017,R0020,viewed,,2024-12-07 00:59:00
I003067,U0401,R0089,viewed,,2024-08-15 11:42:00
I003068,U0457,R0144,visited,,2024-06-08 17:27:00
I003069,U0210,R0248,viewed,,2024-05-19 04:27:00
I003070,U0485,R0255,viewed,,2024-10-07 13:30:00
I003071,U0399,R0008,saved,,2024-08-25 01:44:00
I003072,U0147,R0151,saved,,2024-08-25 07:08:00
I003073,U0328,R0030,rated,3.0,2024-09-19 03:51:00
I003074,U0238,R0227,rated,4.0,2024-09-13 18:36:00
I003075,U0074,R0134,saved,,2024-05-25 14:01:00
I003076,U0145,R0271,rated,5.0,2024-12-14 06:03:00
I003077,U0148,R0126,viewed,,2024-05-15 11:44:00
I003078,U0195,R0191,saved,,2024-03-26 14:23:00
I003079,U0244,R0030,viewed,,2025-01-23 14:17:00
I003080,U0102,R0080,saved,,2024-12-15 15:18:00
I003081,U0015,R0170,viewed,,2024-02-16 20:42:00
I003082,U0080,R0106,visited,5.0,2024-11-22 02:07:00
I003083,U0015,R0195,viewed,,2025-01-12 12:41:00
I003084,U0299,R0105,viewed,,2025-03-22 04:11:00
I003085,U0039,R0159,saved,,2024-08-05 14:41:00
I003086,U0343,R0070,viewed,,2024-03-04 13:06:00
I003087,U0212,R0044,rated,4.0,2024-06-17 10:13:00
I003088,U0079,R0206,rated,4.0,2024-11-15 11:03:00
I003089,U0274,R0055,saved,,2025-02-22 21:19:00
I003090,U0496,R0017,viewed,,2024-04-09 11:35:00
I003091,U0254,R0162,viewed,,2024-12-06 16:05:00
I003092,U0184,R0093,rated,4.0,2024-09-09 15:30:00
I003093,U0407,R0126,viewed,,2025-02-17 01:03:00
I003094,U0223,R0005,viewed,,2024-09-18 04:24:00
I003095,U0153,R0280,rated,5.0,2024-12-09 14:23:00
I003096,U0403,R0288,visited,5.0,2025-02-15 12:01:00
I003097,U0299,R0052,viewed,,2025-03-09 08:01:00
I003098,U0309,R0223,saved,,2024-01-31 18:53:00
I003099,U0315,R0114,saved,,2024-05-09 14:01:00
I003100,U0488,R0070,visited,,2024-12-27 15:18:00
I003101,U0397,R0030,saved,,2024-11-28 07:47:00
I003102,U0349,R0300,saved,,2024-11-01 16:59:00
I003103,U0294,R0184,visited,,2025-02-06 15:37:00
I003104,U0372,R0135,visited,,2025-01-18 11:45:00
I003105,U0372,R0056,rated,4.0,2024-12-14 23:55:00
I003106,U0055,R0271,visited,,2024-05-23 00:10:00
I003107,U0110,R0107,saved,,2024-03-07 15:24:00
I003108,U0053,R0237,visited,,2025-01-27 21:17:00
I003109,U0200,R0173,viewed,,2024-03-24 17:24:00
I003110,U0119,R0259,viewed,,2024-01-09 11:00:00
I003111,U0309,R0083,rated,5.0,2024-05-29 21:40:00
I003112,U0174,R0183,visited,,2025-01-02 04:28:00
I003113,U0400,R0216,rated,5.0,2024-04-03 06:39:00
I003114,U0451,R0234,saved,,2025-01-01 14:33:00
I003115,U0395,R0297,visited,4.0,2024-01-22 00:08:00
I003116,U0195,R0001,saved,,2024-02-04 08:12:00
I003117,U0357,R0268,visited,,2024-07-14 10:13:00
I003118,U0448,R0255,visited,,2024-02-27 00:22:00
I003119,U0093,R0003,visited,5.0,2024-08-20 07:01:00
I003120,U0431,R0120,visited,,2024-02-23 04:39:00
I003121,U0265,R0175,rated,4.0,2024-03-22 21:44:00
I003122,U0425,R0014,visited,,2024-01-01 19:03:00
I003123,U0242,R0078,saved,,2024-11-17 15:05:00
I003124,U0063,R0268,rated,3.0,2024-05-22 11:11:00
I003125,U0126,R0166,rated,5.0,2024-03-08 07:13:00
I003126,U0485,R0180,viewed,,2025-02-08 19:01:00
I003127,U0102,R0086,visited,,2024-10-02 01:50:00
I003128,U0145,R0035,viewed,,2025-02-11 23:17:00
I003129,U0280,R0217,viewed,,2024-12-24 15:20:00
I003130,U0175,R0278,rated,4.0,2024-10-27 10:36:00
I003131,U0386,R0050,viewed,,2024-11-12 14:11:00
I003132,U0066,R0229,saved,,2024-06-22 03:34:00
I003133,U0467,R0064,saved,,2024-01-21 09:50:00
I003134,U0075,R0055,visited,,2024-05-31 19:55:00
I003135,U0472,R0194,rated,3.0,2024-08-14 17:57:00
I003136,U0377,R0185,saved,,2024-11-13 02:48:00
I003137,U0078,R0220,viewed,,2024-08-17 19:15:00
I003138,U0313,R0163,viewed,,2024-02-07 05:17:00
I003139,U0057,R0221,visited,,2024-09-24 04:59:00
I003140,U0139,R0226,viewed,,2024-11-17 18:12:00
I003141,U0200,R0177,viewed,,2024-08-16 11:25:00
I003142,U0403,R0297,saved,,2024-12-22 18:08:00
I003143,U0486,R0082,viewed,,2024-06-24 15:07:00
I003144,U0073,R0187,visited,3.0,2024-02-07 04:54:00
I003145,U0128,R0003,saved,,2024-08-22 21:32:00
I003146,U0442,R0295,saved,,2024-07-07 07:09:00
I003147,U0398,R0199,viewed,,2024-10-03 23:54:00
I003148,U0416,R0276,saved,,2024-01-24 22:13:00
I003149,U0065,R0264,saved,,2024-10-01 08:39:00
I003150,U0219,R0023,viewed,,2024-07-12 03:53:00
I003151,U0143,R0123,viewed,,2024-01-27 08:46:00
I003152,U0457,R0146,saved,,2024-02-12 21:46:00
I003153,U0327,R0196,visited,,2024-04-05 02:58:00
I003154,U0379,R0167,saved,,2024-09-13 13:27:00
I003155,U0063,R0269,saved,,2025-01-05 15:19:00
I003156,U0035,R0141,viewed,,2025-03-27 07:40:00
I003157,U0033,R0129,saved,,2024-09-14 16:30:00
I003158,U0089,R0215,viewed,,2024-10-19 05:05:00
I003159,U0325,R0083,saved,,2024-10-22 18:53:00
I003160,U0419,R0082,saved,,2024-01-13 00:29:00
I003161,U0358,R0063,rated,4.0,2024-12-04 22:00:00
I003162,U0133,R0180,rated,5.0,2024-09-04 02:23:00
I003163,U0425,R0137,rated,5.0,2024-11-28 22:24:00
I003164,U0200,R0004,visited,,2024-04-28 18:05:00
I003165,U0457,R0051,visited,4.0,2024-08-13 20:25:00
I003166,U0441,R0129,viewed,,2024-10-14 11:08:00
I003167,U0072,R0224,visited,,2024-02-06 15:23:00
I003168,U0276,R0266,viewed,,2024-10-12 16:31:00
I003169,U0074,R0240,saved,,2024-03-13 05:00:00
I003170,U0221,R0040,visited,,2024-07-31 19:10:00
I003171,U0305,R0275,saved,,2024-11-26 16:27:00
I003172,U0402,R0142,viewed,,2024-09-02 04:19:00
I003173,U0213,R0222,viewed,,2024-03-24 02:16:00
I003174,U0127,R0029,viewed,,2024-04-07 18:52:00
I003175,U0460,R0123,viewed,,2024-02-10 03:58:00
I003176,U0257,R0273,viewed,,2024-06-12 11:08:00
I003177,U0357,R0149,saved,,2024-02-23 10:04:00
I003178,U0142,R0099,viewed,,2024-05-09 11:29:00
I003179,U0451,R0280,viewed,,2024-12-30 02:42:00
I003180,U0124,R0169,viewed,,2024-08-05 19:27:00
I003181,U0382,R0276,saved,,2024-08-25 20:34:00
I003182,U0473,R0073,saved,,2024-01-24 22:07:00
I003183,U0397,R0222,rated,3.0,2024-11-04 09:40:00
I003184,U0087,R0101,visited,,2024-05-25 04:27:00
I003185,U0249,R0235,viewed,,2025-01-07 19:56:00
I003186,U0311,R0030,rated,4.0,2024-06-09 23:47:00
I003187,U0233,R0082,viewed,,2025-02-01 11:40:00
I003188,U0039,R0293,viewed,,2024-06-29 23:50:00
I003189,U0418,R0139,viewed,,2024-01-19 03:25:00
I003190,U0173,R0218,saved,,2024-04-30 19:13:00
I003191,U0348,R0181,saved,,2024-04-06 23:08:00
I003192,U0345,R0276,viewed,,2024-04-30 01:41:00
I003193,U0254,R0161,visited,,2025-03-05 09:04:00
I003194,U0271,R0153,visited,5.0,2024-05-23 11:00:00
I003195,U0127,R0095,rated,4.0,2024-11-23 18:38:00
I003196,U0406,R0239,viewed,,2024-01-03 09:59:00
I003197,U0404,R0104,visited,4.0,2024-09-04 03:42:00
I003198,U0286,R0090,viewed,,2024-12-19 07:59:00
I003199,U0067,R0251,saved,,2024-09-07 13:22:00
I003200,U0176,R0132,viewed,,2024-03-06 14:22:00
I003201,U0093,R0200,viewed,,2025-04-01 21:15:00
I003202,U0243,R0097,rated,5.0,2024-10-16 02:53:00
I003203,U0068,R0023,visited,,2024-02-26 04:28:00
I003204,U0178,R0125,visited,4.0,2024-12-07 02:18:00
I003205,U0411,R0093,saved,,2024-08-03 21:11:00
I003206,U0428,R0129,viewed,,2024-04-20 12:17:00
I003207,U0149,R0129,viewed,,2025-02-02 18:51:00
I003208,U0407,R0215,saved,,2024-03-21 22:48:00
I003209,U0238,R0077,rated,4.0,2024-08-14 12:45:00
I003210,U0257,R0123,saved,,2024-01-25 20:32:00
I003211,U0164,R0247,saved,,2024-04-21 06:34:00
I003212,U0385,R0191,viewed,,2024-10-28 01:57:00
I003213,U0031,R0217,rated,4.0,2024-06-24 16:46:00
I003214,U0146,R0207,viewed,,2024-09-02 05:35:00
I003215,U0335,R0015,viewed,,2024-08-03 20:13:00
I003216,U0420,R0194,rated,4.0,2025-01-24 21:26:00
I003217,U0439,R0271,visited,4.0,2024-05-31 23:26:00
I003218,U0377,R0103,viewed,,2024-09-10 06:20:00
I003219,U0264,R0188,saved,,2024-09-12 12:36:00
I003220,U0346,R0198,visited,4.0,2024-10-23 13:20:00
I003221,U0405,R0211,saved,,2024-11-23 07:45:00
I003222,U0327,R0072,saved,,2024-04-04 04:20:00
I003223,U0118,R0249,viewed,,2024-02-05 09:09:00
I003224,U0480,R0220,viewed,,2024-11-12 15:02:00
I003225,U0280,R0040,visited,3.0,2024-10-13 04:07:00
I003226,U0009,R0103,saved,,2024-06-08 21:12:00
I003227,U0311,R0079,visited,5.0,2025-01-01 21:42:00
I003228,U0347,R0169,viewed,,2024-10-06 14:34:00
I003229,U0225,R0259,viewed,,2024-08-08 12:24:00
I003230,U0312,R0159,saved,,2024-12-16 00:43:00
I003231,U0108,R0266,viewed,,2024-12-15 23:22:00
I003232,U0172,R0297,visited,,2024-10-19 15:50:00
I003233,U0095,R0194,saved,,2024-03-15 06:51:00
I003234,U0468,R0074,saved,,2024-03-22 15:15:00
I003235,U0420,R0085,viewed,,2024-12-15 08:29:00
I003236,U0091,R0099,visited,3.0,2024-05-08 13:26:00
I003237,U0204,R0054,viewed,,2024-06-01 19:46:00
I003238,U0381,R0198,viewed,,2024-07-12 16:25:00
I003239,U0316,R0087,saved,,2024-05-10 00:48:00
I003240,U0126,R0185,rated,3.0,2024-11-14 22:20:00
I003241,U0214,R0045,viewed,,2024-01-25 17:34:00
I003242,U0098,R0138,saved,,2025-02-15 04:41:00
I003243,U0427,R0105,viewed,,2025-02-05 07:40:00
I003244,U0047,R0081,saved,,2024-02-09 12:13:00
I003245,U0093,R0016,viewed,,2024-10-23 03:23:00
I003246,U0078,R0111,viewed,,2025-02-20 12:40:00
I003247,U0390,R0112,saved,,2024-01-03 18:35:00
I003248,U0091,R0041,viewed,,2024-05-05 03:35:00
I003249,U0305,R0219,viewed,,2024-02-27 05:39:00
I003250,U0486,R0126,saved,,2024-09-05 20:20:00
I003251,U0354,R0054,visited,,2024-02-10 14:24:00
I003252,U0272,R0123,viewed,,2025-03-18 16:58:00
I003253,U0468,R0038,saved,,2024-06-04 13:39:00
I003254,U0060,R0059,saved,,2025-01-01 22:35:00
I003255,U0232,R0006,viewed,,2024-04-05 01:54:00
I003256,U0131,R0028,viewed,,2025-01-10 23:33:00
I003257,U0291,R0059,viewed,,2024-02-27 12:42:00
I003258,U0349,R0007,visited,,2024-04-19 05:16:00
I003259,U0072,R0180,viewed,,2024-03-23 11:09:00
I003260,U0046,R0113,viewed,,2024-10-15 11:46:00
I003261,U0149,R0085,rated,4.0,2024-04-20 05:56:00
I003262,U0259,R0057,saved,,2024-08-27 23:34:00
I003263,U0004,R0092,viewed,,2024-09-16 12:55:00
I003264,U0120,R0009,viewed,,2024-10-20 09:05:00
I003265,U0248,R0174,visited,5.0,2024-12-10 00:23:00
I003266,U0032,R0176,saved,,2024-06-12 00:33:00
I003267,U0133,R0257,visited,,2024-09-07 14:03:00
I003268,U0120,R0255,saved,,2024-11-08 15:03:00
I003269,U0334,R0231,saved,,2025-03-01 01:21:00
I003270,U0479,R0262,viewed,,2024-01-04 02:31:00
I003271,U0463,R0084,visited,,2024-08-14 07:59:00
I003272,U0372,R0071,saved,,2024-03-01 22:35:00
I003273,U0465,R0121,viewed,,2024-02-16 05:04:00
I003274,U0424,R0099,viewed,,2024-04-10 12:34:00
I003275,U0306,R0021,viewed,,2024-01-22 12:20:00
I003276,U0033,R0034,visited,,2025-03-14 15:51:00
I003277,U0343,R0202,viewed,,2025-02-19 14:36:00
I003278,U0230,R0013,viewed,,2024-12-16 02:15:00
I003279,U0278,R0267,viewed,,2024-03-04 03:48:00
I003280,U0172,R0209,saved,,2024-08-25 14:26:00
I003281,U0205,R0015,viewed,,2024-03-19 03:28:00
I003282,U0239,R0021,viewed,,2024-04-15 17:00:00
I003283,U0157,R0232,saved,,2024-08-23 21:08:00
I003284,U0031,R0181,visited,4.0,2024-05-17 16:36:00
I003285,U0185,R0258,rated,3.0,2024-03-28 19:38:00
I003286,U0449,R0098,saved,,2024-12-24 15:57:00
I003287,U0462,R0131,rated,5.0,2024-05-04 18:32:00
I003288,U0206,R0217,saved,,2024-09-27 09:49:00
I003289,U0128,R0300,saved,,2025-01-23 12:50:00
I003290,U0347,R0178,viewed,,2024-02-09 17:46:00
I003291,U0080,R0243,rated,3.0,2025-03-19 07:53:00
I003292,U0029,R0054,viewed,,2024-05-18 01:07:00
I003293,U0135,R0069,viewed,,2024-04-10 08:56:00
I003294,U0353,R0176,visited,3.0,2024-03-28 16:35:00
I003295,U0100,R0187,saved,,2024-05-16 11:23:00
I003296,U0453,R0157,visited,,2024-02-13 02:06:00
I003297,U0240,R0174,saved,,2024-05-30 18:21:00
I003298,U0245,R0148,visited,,2024-09-29 22:19:00
I003299,U0092,R0154,viewed,,2024-07-06 02:10:00
I003300,U0320,R0057,visited,4.0,2024-09-08 20:39:00
I003301,U0089,R0130,saved,,2024-04-19 20:58:00
I003302,U0032,R0238,viewed,,2024-07-07 20:04:00
I003303,U0409,R0271,saved,,2025-03-28 18:11:00
I003304,U0470,R0121,rated,4.0,2025-02-20 17:10:00
I003305,U0047,R0072,rated,4.0,2024-05-02 23:30:00
I003306,U0158,R0106,rated,5.0,2024-11-21 02:58:00
I003307,U0138,R0213,viewed,,2025-01-15 18:24:00
I003308,U0059,R0014,visited,,2024-05-04 23:28:00
I003309,U0252,R0019,viewed,,2024-02-09 08:28:00
I003310,U0164,R0002,rated,4.0,2024-02-11 13:02:00
I003311,U0096,R0247,rated,3.0,2024-11-13 17:26:00
I003312,U0328,R0069,saved,,2024-10-10 12:56:00
I003313,U0316,R0281,viewed,,2025-03-11 14:39:00
I003314,U0134,R0084,viewed,,2024-02-04 09:05:00
I003315,U0143,R0139,viewed,,2024-11-24 15:14:00
I003316,U0432,R0251,saved,,2024-09-30 13:04:00
I003317,U0312,R0258,viewed,,2024-06-23 10:31:00
I003318,U0245,R0295,visited,,2025-03-10 06:24:00
I003319,U0228,R0223,viewed,,2024-11-16 03:02:00
I003320,U0374,R0275,viewed,,2024-05-23 07:36:00
I003321,U0029,R0122,visited,,2025-03-23 04:33:00
I003322,U0317,R0197,viewed,,2024-11-12 13:13:00
I003323,U0183,R0158,rated,3.0,2024-07-20 00:58:00
I003324,U0249,R0168,rated,5.0,2024-02-14 01:05:00
I003325,U0257,R0149,viewed,,2024-03-11 12:19:00
I003326,U0067,R0143,viewed,,2024-09-13 11:50:00
I003327,U0311,R0120,viewed,,2024-06-21 05:51:00
I003328,U0233,R0170,saved,,2024-08-01 21:59:00
I003329,U0186,R0166,viewed,,2025-03-24 08:35:00
I003330,U0384,R0080,viewed,,2024-06-18 23:35:00
I003331,U0425,R0149,saved,,2025-03-08 20:03:00
I003332,U0289,R0220,viewed,,2025-02-06 19:25:00
I003333,U0255,R0131,visited,,2024-11-11 01:09:00
I003334,U0031,R0115,saved,,2024-01-20 14:00:00
I003335,U0031,R0287,viewed,,2024-10-19 22:05:00
I003336,U0482,R0066,viewed,,2025-01-13 10:30:00
I003337,U0456,R0164,saved,,2024-06-23 02:45:00
I003338,U0127,R0171,viewed,,2024-02-06 09:08:00
I003339,U0012,R0139,viewed,,2024-01-12 12:50:00
I003340,U0126,R0105,viewed,,2024-02-05 16:38:00
I003341,U0256,R0270,viewed,,2024-09-23 05:41:00
I003342,U0458,R0097,visited,5.0,2024-02-22 22:39:00
I003343,U0034,R0247,rated,4.0,2024-07-15 01:15:00
I003344,U0104,R0119,rated,5.0,2024-05-29 09:05:00
I003345,U0271,R0155,saved,,2025-03-18 13:03:00
I003346,U0323,R0102,viewed,,2024-10-10 17:03:00
I003347,U0375,R0082,viewed,,2024-10-24 07:59:00
I003348,U0213,R0249,rated,4.0,2024-07-30 15:29:00
I003349,U0401,R0238,visited,3.0,2024-08-21 12:19:00
I003350,U0183,R0179,saved,,2024-01-30 06:16:00
I003351,U0461,R0259,viewed,,2025-03-16 22:16:00
I003352,U0370,R0057,viewed,,2024-07-14 19:13:00
I003353,U0375,R0070,saved,,2024-11-30 02:13:00
I003354,U0336,R0267,rated,4.0,2024-01-15 14:01:00
I003355,U0074,R0193,viewed,,2025-02-13 13:00:00
I003356,U0198,R0226,viewed,,2024-11-19 03:47:00
I003357,U0423,R0153,viewed,,2024-08-11 05:06:00
I003358,U0131,R0070,visited,,2024-08-20 07:03:00
I003359,U0090,R0299,saved,,2024-06-16 15:58:00
I003360,U0087,R0177,viewed,,2024-04-27 23:51:00
I003361,U0058,R0083,viewed,,2024-05-15 16:49:00
I003362,U0184,R0043,saved,,2024-11-15 18:04:00
I003363,U0384,R0299,rated,4.0,2024-07-20 21:18:00
I003364,U0165,R0074,saved,,2024-01-16 08:04:00
I003365,U0496,R0190,visited,,2025-03-25 23:33:00
I003366,U0170,R0131,viewed,,2024-02-05 16:37:00
I003367,U0241,R0250,saved,,2024-01-24 03:57:00
I003368,U0351,R0155,visited,,2024-11-11 21:48:00
I003369,U0117,R0217,saved,,2024-06-24 01:47:00
I003370,U0017,R0254,saved,,2024-08-04 01:43:00
I003371,U0128,R0055,viewed,,2024-06-01 00:47:00
I003372,U0382,R0045,saved,,2024-09-03 10:53:00
I003373,U0091,R0250,saved,,2025-01-02 16:45:00
I003374,U0390,R0288,visited,,2024-06-22 02:22:00
I003375,U0349,R0027,visited,,2024-09-17 02:22:00
I003376,U0184,R0240,viewed,,2025-03-03 13:43:00
I003377,U0290,R0123,rated,5.0,2024-07-17 08:26:00
I003378,U0328,R0008,visited,4.0,2024-12-22 13:07:00
I003379,U0443,R0037,visited,,2024-04-06 05:08:00
I003380,U0262,R0077,visited,4.0,2024-03-06 02:09:00
I003381,U0210,R0102,viewed,,2024-04-24 01:22:00
I003382,U0134,R0105,visited,,2024-04-02 11:52:00
I003383,U0289,R0041,viewed,,2024-01-03 03:08:00
I003384,U0248,R0145,rated,3.0,2025-01-27 00:07:00
I003385,U0250,R0200,viewed,,2024-11-06 02:36:00
I003386,U0186,R0178,saved,,2024-08-03 04:11:00
I003387,U0099,R0007,viewed,,2024-08-28 06:41:00
I003388,U0378,R0181,viewed,,2024-11-13 23:18:00
I003389,U0086,R0267,viewed,,2025-02-13 09:56:00
I003390,U0005,R0019,saved,,2024-08-28 06:01:00
I003391,U0112,R0066,viewed,,2024-12-29 14:19:00
I003392,U0443,R0196,saved,,2024-03-06 21:46:00
I003393,U0354,R0078,viewed,,2024-10-03 00:43:00
I003394,U0345,R0299,saved,,2024-07-30 04:42:00
I003395,U0041,R0239,saved,,2025-02-18 06:40:00
I003396,U0201,R0218,viewed,,2024-11-29 23:39:00
I003397,U0156,R0246,viewed,,2024-05-06 05:26:00
I003398,U0144,R0173,viewed,,2024-12-16 15:39:00
I003399,U0169,R0213,viewed,,2024-11-19 10:03:00
I003400,U0417,R0128,viewed,,2024-08-20 17:03:00
I003401,U0234,R0035,visited,5.0,2024-03-18 09:54:00
I003402,U0310,R0037,saved,,2025-01-05 19:32:00
I003403,U0038,R0168,saved,,2024-08-14 15:26:00
I003404,U0138,R0295,visited,4.0,2025-03-14 11:28:00
I003405,U0212,R0178,rated,5.0,2024-03-26 04:45:00
I003406,U0485,R0199,saved,,2024-06-16 21:17:00
I003407,U0288,R0135,saved,,2024-12-09 23:52:00
I003408,U0275,R0224,viewed,,2025-02-01 23:56:00
I003409,U0299,R0047,visited,,2025-01-16 14:32:00
I003410,U0388,R0097,viewed,,2024-02-29 18:49:00
I003411,U0146,R0045,viewed,,2024-07-31 12:06:00
I003412,U0288,R0168,visited,,2024-09-09 17:02:00
I003413,U0480,R0225,saved,,2024-01-15 07:59:00
I003414,U0296,R0219,viewed,,2024-04-22 14:10:00
I003415,U0484,R0009,viewed,,2024-05-31 08:32:00
I003416,U0115,R0193,viewed,,2024-08-23 20:06:00
I003417,U0297,R0002,saved,,2024-06-15 15:51:00
I003418,U0251,R0245,viewed,,2025-02-23 14:12:00
I003419,U0308,R0125,viewed,,2024-11-01 00:37:00
I003420,U0485,R0175,viewed,,2024-10-08 20:34:00
I003421,U0030,R0083,rated,5.0,2024-03-10 18:51:00
I003422,U0215,R0066,rated,5.0,2025-02-02 16:57:00
I003423,U0265,R0027,rated,4.0,2025-02-03 09:24:00
I003424,U0063,R0162,visited,,2024-01-21 00:04:00
I003425,U0495,R0018,viewed,,2024-06-12 08:25:00
I003426,U0373,R0255,visited,,2024-04-28 18:40:00
I003427,U0142,R0054,visited,5.0,2024-10-21 12:31:00
I003428,U0035,R0269,viewed,,2024-01-07 11:18:00
I003429,U0336,R0090,viewed,,2024-02-14 18:41:00
I003430,U0008,R0296,saved,,2024-05-24 02:52:00
I003431,U0319,R0019,saved,,2025-01-30 04:15:00
I003432,U0200,R0221,saved,,2025-03-01 05:53:00
I003433,U0400,R0159,viewed,,2024-11-09 15:35:00
I003434,U0112,R0274,viewed,,2024-12-24 20:12:00
I003435,U0011,R0271,viewed,,2024-05-02 05:44:00
I003436,U0125,R0262,viewed,,2024-03-03 11:59:00
I003437,U0159,R0287,saved,,2024-04-23 07:52:00
I003438,U0444,R0054,viewed,,2024-07-31 01:21:00
I003439,U0225,R0230,viewed,,2024-02-06 18:08:00
I003440,U0031,R0080,rated,3.0,2024-08-15 10:51:00
I003441,U0225,R0139,viewed,,2025-01-20 05:15:00
I003442,U0348,R0007,viewed,,2024-08-12 15:33:00
I003443,U0330,R0087,saved,,2024-12-05 05:24:00
I003444,U0239,R0033,viewed,,2024-10-22 13:30:00
I003445,U0049,R0159,viewed,,2025-01-26 05:22:00
I003446,U0153,R0266,rated,4.0,2024-06-14 04:46:00
I003447,U0053,R0058,viewed,,2024-05-07 07:34:00
I003448,U0443,R0177,viewed,,2024-05-26 23:26:00
I003449,U0031,R0212,rated,5.0,2024-09-29 00:38:00
I003450,U0279,R0104,saved,,2024-02-04 18:14:00
I003451,U0133,R0223,viewed,,2025-01-23 15:20:00
I003452,U0261,R0220,visited,4.0,2025-01-16 11:24:00
I003453,U0454,R0185,saved,,2024-08-19 01:21:00
I003454,U0327,R0069,viewed,,2024-01-04 20:12:00
I003455,U0347,R0075,viewed,,2024-12-06 16:47:00
I003456,U0491,R0129,saved,,2024-04-02 06:40:00
I003457,U0241,R0013,saved,,2024-11-29 08:30:00
I003458,U0356,R0095,viewed,,2025-03-20 06:58:00
I003459,U0063,R0080,saved,,2024-05-23 02:49:00
I003460,U0360,R0115,saved,,2024-01-01 12:11:00
I003461,U0179,R0124,saved,,2025-01-09 03:58:00
I003462,U0257,R0185,visited,4.0,2024-10-03 19:10:00
I003463,U0455,R0123,saved,,2024-01-27 07:22:00
I003464,U0206,R0116,visited,5.0,2024-03-18 13:30:00
I003465,U0446,R0005,viewed,,2025-02-20 17:24:00
I003466,U0185,R0227,visited,,2024-12-31 13:41:00
I003467,U0072,R0048,saved,,2025-02-10 11:03:00
I003468,U0269,R0214,viewed,,2024-10-01 10:24:00
I003469,U0150,R0108,visited,,2024-09-25 17:11:00
I003470,U0334,R0149,visited,,2024-07-20 06:04:00
I003471,U0204,R0104,visited,3.0,2024-01-22 03:30:00
I003472,U0342,R0256,viewed,,2024-02-16 13:51:00
I003473,U0349,R0018,viewed,,2024-12-31 22:06:00
I003474,U0199,R0211,viewed,,2024-04-01 04:33:00
I003475,U0157,R0038,viewed,,2024-11-21 10:29:00
I003476,U0316,R0194,visited,5.0,2025-01-26 03:40:00
I003477,U0001,R0262,viewed,,2024-01-19 12:46:00
I003478,U0379,R0031,visited,3.0,2024-08-02 18:01:00
I003479,U0327,R0054,saved,,2024-06-20 06:32:00
I003480,U0069,R0160,rated,3.0,2024-08-01 12:40:00
I003481,U0252,R0280,saved,,2024-08-28 07:54:00
I003482,U0221,R0179,saved,,2024-12-15 08:09:00
I003483,U0008,R0236,viewed,,2024-01-08 21:29:00
I003484,U0192,R0013,saved,,2024-01-14 11:40:00
I003485,U0223,R0228,viewed,,2024-04-29 07:42:00
I003486,U0102,R0063,viewed,,2024-08-21 18:48:00
I003487,U0163,R0183,rated,3.0,2024-03-28 18:58:00
I003488,U0150,R0297,viewed,,2025-02-04 05:32:00
I003489,U0491,R0282,saved,,2024-04-02 01:32:00
I003490,U0301,R0182,rated,3.0,2025-03-22 12:35:00
I003491,U0308,R0033,saved,,2024-05-02 01:15:00
I003492,U0419,R0087,rated,5.0,2024-03-27 15:16:00
I003493,U0259,R0145,saved,,2024-12-13 07:30:00
I003494,U0378,R0269,viewed,,2024-01-14 16:26:00
I003495,U0024,R0264,viewed,,2024-01-30 08:59:00
I003496,U0339,R0055,viewed,,2024-06-10 03:35:00
I003497,U0065,R0109,viewed,,2024-01-31 19:03:00
I003498,U0248,R0130,viewed,,2024-12-19 07:36:00
I003499,U0055,R0037,visited,3.0,2024-12-31 00:01:00
I003500,U0103,R0132,viewed,,2025-03-31 16:44:00
I003501,U0346,R0250,visited,,2024-11-02 12:25:00
I003502,U0408,R0241,viewed,,2024-10-12 03:34:00
I003503,U0001,R0099,saved,,2024-09-13 20:09:00
I003504,U0003,R0157,viewed,,2024-07-05 03:25:00
I003505,U0397,R0169,visited,3.0,2024-08-08 13:35:00
I003506,U0112,R0051,viewed,,2024-09-24 02:29:00
I003507,U0162,R0077,saved,,2024-02-04 07:21:00
I003508,U0125,R0250,saved,,2024-11-08 16:14:00
I003509,U0388,R0113,rated,2.0,2025-01-25 11:15:00
I003510,U0307,R0188,saved,,2025-03-10 12:02:00
I003511,U0149,R0016,viewed,,2025-02-18 19:31:00
I003512,U0428,R0156,saved,,2025-01-07 15:12:00
I003513,U0309,R0159,saved,,2025-03-16 10:36:00
I003514,U0246,R0231,viewed,,2025-02-03 01:42:00
I003515,U0103,R0129,viewed,,2024-07-24 17:57:00
I003516,U0435,R0298,viewed,,2025-03-19 23:01:00
I003517,U0255,R0161,visited,,2024-01-17 15:54:00
I003518,U0411,R0035,visited,,2024-10-28 03:24:00
I003519,U0164,R0260,viewed,,2024-05-06 09:48:00
I003520,U0036,R0061,viewed,,2024-06-18 14:35:00
I003521,U0470,R0215,visited,,2024-07-16 10:51:00
I003522,U0245,R0082,viewed,,2024-03-14 18:53:00
I003523,U0467,R0085,rated,3.0,2024-10-25 02:39:00
I003524,U0451,R0208,viewed,,2024-02-21 23:44:00
I003525,U0449,R0189,saved,,2024-02-01 22:50:00
I003526,U0214,R0105,viewed,,2024-10-16 12:31:00
I003527,U0223,R0131,saved,,2025-03-09 03:17:00
I003528,U0384,R0157,viewed,,2025-01-10 08:02:00
I003529,U0024,R0077,visited,2.0,2025-01-07 13:19:00
I003530,U0497,R0021,rated,4.0,2024-09-05 05:37:00
I003531,U0157,R0079,viewed,,2024-05-16 08:37:00
I003532,U0416,R0211,visited,5.0,2024-05-21 14:46:00
I003533,U0430,R0166,saved,,2024-12-22 04:22:00
I003534,U0355,R0254,saved,,2024-04-09 22:25:00
I003535,U0002,R0055,visited,,2024-05-11 01:59:00
I003536,U0081,R0180,saved,,2024-01-24 09:07:00
I003537,U0103,R0051,saved,,2024-09-10 14:22:00
I003538,U0001,R0225,viewed,,2024-08-17 18:45:00
I003539,U0377,R0240,saved,,2025-01-14 10:00:00
I003540,U0211,R0152,visited,5.0,2025-01-03 19:58:00
I003541,U0013,R0151,viewed,,2024-02-21 15:58:00
I003542,U0369,R0209,viewed,,2025-03-18 05:54:00
I003543,U0453,R0225,saved,,2024-06-08 07:04:00
I003544,U0164,R0262,visited,,2024-03-05 10:26:00
I003545,U0028,R0145,viewed,,2025-04-01 16:10:00
I003546,U0335,R0023,visited,4.0,2024-12-21 03:20:00
I003547,U0364,R0180,visited,4.0,2024-02-03 07:16:00
I003548,U0443,R0070,saved,,2024-01-29 22:27:00
I003549,U0497,R0166,viewed,,2024-04-29 23:40:00
I003550,U0092,R0143,rated,3.0,2024-02-28 22:55:00
I003551,U0211,R0290,saved,,2024-12-25 05:32:00
I003552,U0123,R0266,viewed,,2024-04-24 05:07:00
I003553,U0069,R0210,viewed,,2024-08-13 00:47:00
I003554,U0081,R0192,viewed,,2024-09-09 08:18:00
I003555,U0048,R0065,saved,,2024-12-10 18:37:00
I003556,U0163,R0288,viewed,,2024-07-23 07:20:00
I003557,U0221,R0013,visited,4.0,2024-06-26 02:23:00
I003558,U0129,R0172,visited,2.0,2025-02-14 06:17:00
I003559,U0343,R0034,visited,,2024-02-27 06:17:00
I003560,U0214,R0046,saved,,2024-02-09 10:09:00
I003561,U0397,R0231,visited,5.0,2024-01-02 03:17:00
I003562,U0271,R0056,rated,5.0,2024-02-07 19:35:00
I003563,U0275,R0140,visited,,2024-12-03 08:15:00
I003564,U0250,R0128,viewed,,2025-03-12 00:20:00
I003565,U0312,R0007,saved,,2024-09-17 01:34:00
I003566,U0062,R0138,viewed,,2024-12-30 00:21:00
I003567,U0486,R0114,saved,,2025-01-03 21:27:00
I003568,U0036,R0050,viewed,,2024-06-04 13:01:00
I003569,U0398,R0133,viewed,,2024-12-27 21:46:00
I003570,U0443,R0098,viewed,,2024-08-22 08:39:00
I003571,U0434,R0089,visited,3.0,2024-05-05 07:05:00
I003572,U0201,R0182,visited,,2024-02-19 06:01:00
I003573,U0435,R0030,visited,,2025-01-20 12:18:00
I003574,U0333,R0052,viewed,,2024-09-27 12:09:00
I003575,U0434,R0116,rated,4.0,2024-05-18 23:35:00
I003576,U0165,R0279,viewed,,2024-01-07 22:20:00
I003577,U0438,R0259,saved,,2025-03-28 01:33:00
I003578,U0113,R0189,visited,4.0,2024-03-13 21:40:00
I003579,U0064,R0089,saved,,2024-07-09 12:39:00
I003580,U0101,R0092,visited,,2024-03-13 14:27:00
I003581,U0353,R0084,viewed,,2024-04-30 02:51:00
I003582,U0090,R0241,visited,2.0,2024-04-15 19:47:00
I003583,U0421,R0017,rated,3.0,2025-02-24 04:57:00
I003584,U0264,R0010,visited,4.0,2024-01-14 13:08:00
I003585,U0289,R0152,visited,3.0,2024-07-16 21:48:00
I003586,U0293,R0147,viewed,,2024-07-05 21:13:00
I003587,U0319,R0038,viewed,,2024-05-02 23:44:00
I003588,U0064,R0271,saved,,2024-08-06 14:54:00
I003589,U0132,R0241,saved,,2025-01-19 01:45:00
I003590,U0475,R0050,visited,3.0,2024-10-09 07:32:00
I003591,U0434,R0286,viewed,,2024-02-13 20:34:00
I003592,U0097,R0145,viewed,,2024-10-29 07:39:00
I003593,U0067,R0069,viewed,,2025-01-26 15:30:00
I003594,U0231,R0093,viewed,,2024-08-16 21:21:00
I003595,U0338,R0267,saved,,2024-02-17 03:59:00
I003596,U0222,R0018,viewed,,2024-09-28 07:37:00
I003597,U0259,R0153,saved,,2025-01-23 23:50:00
I003598,U0342,R0147,rated,5.0,2024-11-16 22:56:00
I003599,U0301,R0287,saved,,2025-02-09 19:19:00
I003600,U0229,R0244,viewed,,2024-12-25 23:53:00
I003601,U0149,R0211,visited,,2024-12-06 02:33:00
I003602,U0446,R0294,visited,,2024-06-16 18:08:00
I003603,U0361,R0034,saved,,2025-01-18 14:11:00
I003604,U0293,R0217,saved,,2024-09-15 18:24:00
I003605,U0453,R0181,rated,5.0,2024-11-14 15:43:00
I003606,U0238,R0292,viewed,,2024-11-17 20:09:00
I003607,U0415,R0070,saved,,2024-11-26 03:01:00
I003608,U0404,R0016,viewed,,2024-09-15 13:42:00
I003609,U0214,R0030,viewed,,2024-06-13 15:20:00
I003610,U0301,R0175,visited,,2025-01-24 01:36:00
I003611,U0324,R0008,viewed,,2024-12-31 08:40:00
I003612,U0248,R0094,saved,,2024-09-04 21:57:00
I003613,U0369,R0202,saved,,2024-03-06 19:19:00
I003614,U0418,R0265,viewed,,2024-06-25 03:29:00
I003615,U0064,R0238,saved,,2024-04-02 20:13:00
I003616,U0443,R0132,visited,3.0,2024-08-09 14:23:00
I003617,U0255,R0228,visited,,2024-03-07 12:51:00
I003618,U0247,R0166,saved,,2024-01-05 09:45:00
I003619,U0132,R0001,saved,,2024-11-18 21:40:00
I003620,U0094,R0262,saved,,2024-02-13 21:36:00
I003621,U0306,R0019,viewed,,2024-07-20 12:56:00
I003622,U0255,R0140,saved,,2025-01-18 02:29:00
I003623,U0062,R0088,viewed,,2024-07-18 13:32:00
I003624,U0377,R0026,saved,,2024-04-10 12:59:00
I003625,U0434,R0294,viewed,,2024-07-04 10:34:00
I003626,U0229,R0195,viewed,,2024-01-06 15:35:00
I003627,U0339,R0256,visited,,2024-06-01 14:53:00
I003628,U0213,R0037,viewed,,2024-05-13 19:44:00
I003629,U0344,R0122,saved,,2024-03-31 14:21:00
I003630,U0202,R0153,saved,,2025-01-25 01:37:00
I003631,U0429,R0173,rated,4.0,2024-04-21 00:03:00
I003632,U0334,R0202,viewed,,2024-03-01 01:22:00
I003633,U0348,R0040,viewed,,2024-09-18 14:55:00
I003634,U0430,R0257,viewed,,2024-11-30 11:48:00
I003635,U0187,R0082,visited,5.0,2025-02-14 19:20:00
I003636,U0298,R0279,visited,,2024-06-20 11:19:00
I003637,U0019,R0243,saved,,2024-10-27 19:24:00
I003638,U0312,R0050,saved,,2024-04-03 15:00:00
I003639,U0026,R0066,saved,,2024-12-22 03:13:00
I003640,U0216,R0011,saved,,2025-01-23 17:54:00
I003641,U0275,R0148,visited,4.0,2024-03-10 23:38:00
I003642,U0359,R0192,saved,,2025-02-11 13:48:00
I003643,U0044,R0243,rated,4.0,2024-07-05 10:35:00
I003644,U0308,R0081,saved,,2024-07-04 04:44:00
I003645,U0280,R0166,visited,,2024-08-11 06:00:00
I003646,U0115,R0121,viewed,,2025-03-13 14:33:00
I003647,U0314,R0255,rated,2.0,2024-04-09 11:51:00
I003648,U0464,R0210,rated,5.0,2024-07-29 16:42:00
I003649,U0159,R0256,saved,,2024-07-03 10:02:00
I003650,U0026,R0270,rated,4.0,2024-09-02 10:25:00
I003651,U0334,R0007,viewed,,2024-01-01 17:57:00
I003652,U0422,R0216,visited,,2024-05-09 15:27:00
I003653,U0403,R0152,viewed,,2024-04-22 07:19:00
I003654,U0419,R0228,saved,,2024-07-28 07:12:00
I003655,U0441,R0076,rated,5.0,2024-12-20 13:58:00
I003656,U0457,R0088,visited,5.0,2024-01-01 05:13:00
I003657,U0249,R0149,visited,,2024-05-27 10:03:00
I003658,U0166,R0085,saved,,2024-06-12 20:00:00
I003659,U0130,R0243,viewed,,2024-11-15 15:55:00
I003660,U0305,R0039,visited,,2024-04-30 13:24:00
I003661,U0311,R0286,saved,,2024-09-05 23:14:00
I003662,U0200,R0224,saved,,2024-11-26 16:33:00
I003663,U0154,R0260,visited,5.0,2024-12-01 11:28:00
I003664,U0060,R0126,saved,,2024-10-01 08:16:00
I003665,U0136,R0200,visited,,2024-06-12 05:21:00
I003666,U0246,R0129,viewed,,2024-05-01 14:40:00
I003667,U0081,R0041,viewed,,2024-09-20 14:28:00
I003668,U0241,R0171,saved,,2024-12-08 17:54:00
I003669,U0499,R0114,viewed,,2024-10-31 01:40:00
I003670,U0166,R0007,visited,4.0,2024-04-27 12:20:00
I003671,U0282,R0187,viewed,,2024-10-17 02:36:00
I003672,U0115,R0142,viewed,,2024-07-28 04:55:00
I003673,U0337,R0241,viewed,,2024-11-08 07:15:00
I003674,U0391,R0209,viewed,,2025-03-25 06:56:00
I003675,U0366,R0189,visited,,2025-02-24 18:42:00
I003676,U0470,R0001,visited,,2024-06-15 20:30:00
I003677,U0259,R0283,saved,,2024-08-31 06:29:00
I003678,U0437,R0218,saved,,2024-08-28 14:14:00
I003679,U0339,R0024,viewed,,2024-07-23 05:39:00
I003680,U0230,R0265,viewed,,2024-05-01 00:21:00
I003681,U0378,R0180,viewed,,2024-08-22 14:20:00
I003682,U0395,R0227,visited,5.0,2024-02-16 22:56:00
I003683,U0303,R0284,viewed,,2024-09-16 21:32:00
I003684,U0156,R0004,saved,,2025-01-26 06:44:00
I003685,U0380,R0201,saved,,2024-03-13 13:33:00
I003686,U0112,R0190,viewed,,2024-12-23 00:22:00
I003687,U0163,R0199,visited,,2025-02-27 05:30:00
I003688,U0372,R0294,viewed,,2024-08-30 03:30:00
I003689,U0219,R0099,visited,,2024-09-28 06:02:00
I003690,U0209,R0287,visited,4.0,2025-03-16 13:49:00
I003691,U0217,R0227,viewed,,2024-08-05 10:42:00
I003692,U0386,R0168,visited,5.0,2025-01-16 20:42:00
I003693,U0338,R0067,viewed,,2024-01-21 05:21:00
I003694,U0413,R0167,viewed,,2024-06-24 15:32:00
I003695,U0150,R0185,visited,3.0,2024-01-11 04:18:00
I003696,U0482,R0059,viewed,,2024-07-08 01:50:00
I003697,U0060,R0208,viewed,,2024-03-01 13:49:00
I003698,U0349,R0059,saved,,2024-11-18 12:27:00
I003699,U0336,R0183,viewed,,2025-02-28 09:21:00
I003700,U0283,R0155,saved,,2024-10-27 04:08:00
I003701,U0321,R0245,visited,,2024-12-15 01:59:00
I003702,U0334,R0197,rated,5.0,2024-11-15 07:21:00
I003703,U0207,R0150,visited,4.0,2024-06-15 16:58:00
I003704,U0269,R0114,viewed,,2025-01-25 09:55:00
I003705,U0330,R0095,saved,,2025-03-22 19:40:00
I003706,U0425,R0209,saved,,2024-11-07 01:49:00
I003707,U0021,R0018,viewed,,2024-12-29 17:01:00
I003708,U0279,R0214,viewed,,2024-06-10 03:19:00
I003709,U0006,R0295,saved,,2024-01-27 18:37:00
I003710,U0258,R0230,viewed,,2024-01-08 18:32:00
I003711,U0467,R0288,visited,4.0,2024-11-16 17:18:00
I003712,U0134,R0210,viewed,,2024-08-12 07:07:00
I003713,U0080,R0179,viewed,,2024-08-13 12:37:00
I003714,U0251,R0144,saved,,2024-11-19 18:41:00
I003715,U0259,R0232,visited,,2024-02-15 10:49:00
I003716,U0019,R0143,visited,,2024-05-15 08:28:00
I003717,U0435,R0136,viewed,,2024-04-04 13:16:00
I003718,U0147,R0189,saved,,2025-03-05 18:51:00
I003719,U0478,R0238,viewed,,2024-09-16 15:53:00
I003720,U0220,R0070,viewed,,2024-10-07 06:28:00
I003721,U0377,R0085,viewed,,2024-08-31 21:26:00
I003722,U0002,R0249,saved,,2024-06-08 13:16:00
I003723,U0433,R0139,viewed,,2024-12-21 03:12:00
I003724,U0181,R0098,viewed,,2024-06-23 12:05:00
I003725,U0286,R0102,visited,,2025-03-01 02:13:00
I003726,U0442,R0185,visited,,2024-06-29 08:59:00
I003727,U0357,R0007,viewed,,2024-03-18 12:12:00
I003728,U0106,R0158,saved,,2024-12-02 19:13:00
I003729,U0376,R0128,viewed,,2024-08-19 07:15:00
I003730,U0080,R0210,viewed,,2025-01-04 13:28:00
I003731,U0433,R0150,visited,,2024-12-27 14:48:00
I003732,U0151,R0299,rated,4.0,2024-05-28 08:38:00
I003733,U0104,R0214,saved,,2024-09-10 05:55:00
I003734,U0425,R0207,viewed,,2025-02-21 19:56:00
I003735,U0003,R0170,saved,,2024-08-12 20:32:00
I003736,U0108,R0096,viewed,,2024-03-04 22:45:00
I003737,U0175,R0125,rated,4.0,2024-10-10 21:34:00
I003738,U0114,R0097,visited,,2024-12-06 23:06:00
I003739,U0006,R0081,viewed,,2024-01-30 03:55:00
I003740,U0037,R0057,saved,,2024-12-08 07:36:00
I003741,U0185,R0249,visited,,2024-10-23 02:01:00
I003742,U0007,R0257,viewed,,2025-01-01 12:22:00
I003743,U0031,R0149,rated,5.0,2024-07-29 20:11:00
I003744,U0310,R0068,visited,5.0,2024-11-22 17:44:00
I003745,U0051,R0126,rated,5.0,2024-03-05 02:03:00
I003746,U0272,R0149,saved,,2024-09-02 19:56:00
I003747,U0010,R0203,saved,,2024-09-25 02:02:00
I003748,U0215,R0192,viewed,,2024-08-02 17:05:00
I003749,U0415,R0084,viewed,,2024-04-25 15:12:00
I003750,U0489,R0080,viewed,,2025-03-08 23:42:00
I003751,U0201,R0091,viewed,,2024-01-04 20:11:00
I003752,U0334,R0146,viewed,,2024-06-16 20:28:00
I003753,U0033,R0119,viewed,,2024-03-01 10:11:00
I003754,U0079,R0107,visited,,2024-03-30 10:16:00
I003755,U0020,R0058,visited,,2024-10-08 21:54:00
I003756,U0458,R0152,visited,4.0,2024-11-24 02:32:00
I003757,U0185,R0138,viewed,,2024-08-31 20:53:00
I003758,U0426,R0294,rated,5.0,2025-01-20 13:13:00
I003759,U0428,R0268,visited,4.0,2024-11-22 20:23:00
I003760,U0332,R0009,visited,,2024-10-03 15:23:00
I003761,U0316,R0298,viewed,,2024-08-15 04:06:00
I003762,U0323,R0040,rated,4.0,2024-10-27 22:32:00
I003763,U0002,R0145,viewed,,2025-02-16 11:43:00
I003764,U0216,R0298,viewed,,2024-01-25 02:19:00
I003765,U0208,R0016,saved,,2024-04-12 06:20:00
I003766,U0415,R0197,saved,,2024-02-09 12:47:00
I003767,U0205,R0117,viewed,,2024-05-29 01:57:00
I003768,U0282,R0080,viewed,,2024-08-31 02:44:00
I003769,U0299,R0152,visited,4.0,2024-06-20 03:38:00
I003770,U0341,R0294,saved,,2024-11-02 22:00:00
I003771,U0003,R0171,viewed,,2025-02-18 07:40:00
I003772,U0123,R0186,viewed,,2024-11-29 00:09:00
I003773,U0028,R0204,saved,,2024-01-12 05:18:00
I003774,U0297,R0023,viewed,,2024-06-21 06:09:00
I003775,U0320,R0253,visited,5.0,2024-07-20 03:20:00
I003776,U0270,R0238,visited,,2025-03-08 16:38:00
I003777,U0414,R0060,visited,,2024-02-20 15:06:00
I003778,U0163,R0059,viewed,,2025-01-05 08:07:00
I003779,U0226,R0112,saved,,2024-04-14 14:04:00
I003780,U0454,R0136,visited,5.0,2024-07-28 12:38:00
I003781,U0244,R0003,viewed,,2024-03-03 20:50:00
I003782,U0047,R0253,rated,4.0,2024-08-24 00:24:00
I003783,U0054,R0106,viewed,,2024-02-23 21:08:00
I003784,U0241,R0195,visited,4.0,2024-01-16 02:36:00
I003785,U0033,R0163,viewed,,2024-07-23 23:03:00
I003786,U0364,R0225,rated,2.0,2025-03-12 09:04:00
I003787,U0130,R0243,viewed,,2024-07-21 13:09:00
I003788,U0141,R0271,viewed,,2025-03-07 01:41:00
I003789,U0218,R0151,viewed,,2024-02-10 13:58:00
I003790,U0262,R0134,viewed,,2025-02-17 19:51:00
I003791,U0174,R0077,rated,4.0,2024-08-04 12:20:00
I003792,U0167,R0097,saved,,2024-08-09 08:37:00
I003793,U0406,R0162,viewed,,2024-06-14 20:52:00
I003794,U0148,R0053,visited,,2024-11-30 03:59:00
I003795,U0351,R0165,viewed,,2024-02-27 17:51:00
I003796,U0008,R0141,visited,,2024-05-22 20:18:00
I003797,U0124,R0122,viewed,,2024-12-01 20:54:00
I003798,U0312,R0241,visited,,2024-02-18 21:27:00
I003799,U0258,R0185,rated,4.0,2025-03-04 07:04:00
I003800,U0164,R0025,viewed,,2024-10-15 06:30:00
I003801,U0060,R0266,viewed,,2024-10-20 22:28:00
I003802,U0168,R0182,viewed,,2024-10-19 04:32:00
I003803,U0374,R0079,viewed,,2024-07-22 06:47:00
I003804,U0450,R0089,viewed,,2024-11-21 03:05:00
I003805,U0019,R0196,visited,,2025-04-01 19:01:00
I003806,U0382,R0028,saved,,2024-02-15 03:09:00
I003807,U0450,R0284,rated,3.0,2024-03-23 06:15:00
I003808,U0490,R0042,visited,,2024-06-26 00:52:00
I003809,U0177,R0220,viewed,,2024-08-23 22:07:00
I003810,U0491,R0134,saved,,2024-03-30 15:41:00
I003811,U0363,R0254,viewed,,2024-11-29 15:14:00
I003812,U0159,R0078,saved,,2024-01-18 14:38:00
I003813,U0123,R0247,viewed,,2024-09-17 14:04:00
I003814,U0317,R0148,viewed,,2025-03-16 21:21:00
I003815,U0434,R0169,rated,5.0,2024-11-24 00:55:00
I003816,U0393,R0295,saved,,2025-01-13 21:35:00
I003817,U0236,R0300,viewed,,2024-09-23 23:40:00
I003818,U0402,R0037,viewed,,2024-05-02 10:06:00
I003819,U0053,R0038,viewed,,2024-02-24 00:30:00
I003820,U0392,R0023,saved,,2024-10-22 08:33:00
I003821,U0449,R0054,viewed,,2025-01-08 04:11:00
I003822,U0441,R0243,rated,3.0,2025-01-26 23:36:00
I003823,U0156,R0107,rated,4.0,2024-05-07 15:00:00
I003824,U0270,R0181,visited,,2024-09-02 19:10:00
I003825,U0380,R0284,viewed,,2024-01-28 16:00:00
I003826,U0317,R0108,viewed,,2024-11-15 07:04:00
I003827,U0279,R0287,rated,4.0,2024-10-03 00:12:00
I003828,U0157,R0188,viewed,,2025-03-14 15:56:00
I003829,U0008,R0008,viewed,,2024-07-01 10:41:00
I003830,U0399,R0262,saved,,2024-04-01 18:41:00
I003831,U0382,R0119,saved,,2025-02-16 04:46:00
I003832,U0036,R0191,viewed,,2024-06-13 07:13:00
I003833,U0381,R0018,viewed,,2024-07-29 13:43:00
I003834,U0457,R0253,visited,,2024-04-19 07:05:00
I003835,U0054,R0171,viewed,,2024-10-31 07:31:00
I003836,U0131,R0030,viewed,,2024-02-09 14:00:00
I003837,U0397,R0111,visited,4.0,2024-07-31 03:51:00
I003838,U0276,R0298,viewed,,2024-01-08 09:58:00
I003839,U0190,R0265,visited,,2024-07-19 05:53:00
I003840,U0153,R0066,visited,,2024-05-04 04:23:00
I003841,U0451,R0165,saved,,2024-06-17 04:36:00
I003842,U0339,R0013,rated,5.0,2024-07-15 14:39:00
I003843,U0326,R0062,visited,,2025-01-17 23:02:00
I003844,U0319,R0177,visited,,2024-01-12 07:20:00
I003845,U0357,R0165,rated,4.0,2024-02-20 18:38:00
I003846,U0410,R0135,viewed,,2024-12-26 14:47:00
I003847,U0357,R0276,rated,5.0,2024-08-16 08:18:00
I003848,U0341,R0167,saved,,2024-05-23 00:36:00
I003849,U0403,R0090,saved,,2024-11-26 15:51:00
I003850,U0162,R0125,rated,4.0,2024-02-06 07:56:00
I003851,U0132,R0041,viewed,,2025-01-12 20:34:00
I003852,U0027,R0199,viewed,,2024-02-06 08:50:00
I003853,U0003,R0026,visited,4.0,2024-05-29 22:26:00
I003854,U0131,R0184,viewed,,2024-09-27 06:18:00
I003855,U0180,R0088,viewed,,2024-10-09 18:38:00
I003856,U0073,R0145,viewed,,2024-08-15 13:03:00
I003857,U0379,R0041,visited,5.0,2025-04-01 03:50:00
I003858,U0349,R0191,visited,4.0,2024-06-17 19:01:00
I003859,U0158,R0124,visited,,2025-03-05 02:49:00
I003860,U0255,R0132,viewed,,2024-05-20 15:51:00
I003861,U0081,R0127,visited,,2024-03-24 11:19:00
I003862,U0494,R0193,saved,,2024-05-29 08:24:00
I003863,U0304,R0215,saved,,2024-11-25 16:38:00
I003864,U0463,R0093,saved,,2024-12-06 17:14:00
I003865,U0324,R0066,saved,,2024-12-14 08:49:00
I003866,U0295,R0157,viewed,,2024-12-04 09:24:00
I003867,U0174,R0279,visited,,2025-02-11 18:09:00
I003868,U0330,R0149,visited,,2024-10-13 00:41:00
I003869,U0131,R0293,saved,,2024-09-28 01:20:00
I003870,U0223,R0235,saved,,2024-07-23 01:44:00
I003871,U0313,R0042,visited,,2024-03-24 12:53:00
I003872,U0130,R0065,visited,,2024-02-27 14:27:00
I003873,U0443,R0297,visited,3.0,2025-02-10 11:26:00
I003874,U0386,R0230,viewed,,2024-11-17 11:54:00
I003875,U0335,R0224,saved,,2025-04-01 23:37:00
I003876,U0334,R0213,saved,,2025-03-14 08:50:00
I003877,U0470,R0057,saved,,2024-08-18 14:59:00
I003878,U0132,R0145,visited,,2024-11-14 17:20:00
I003879,U0235,R0166,viewed,,2024-11-18 06:31:00
I003880,U0282,R0138,visited,,2024-12-01 15:24:00
I003881,U0483,R0210,visited,,2024-04-04 00:45:00
I003882,U0464,R0171,visited,5.0,2024-04-20 00:43:00
I003883,U0231,R0083,saved,,2024-03-07 16:40:00
I003884,U0140,R0081,visited,,2024-07-25 00:15:00
I003885,U0449,R0157,viewed,,2025-01-29 19:52:00
I003886,U0412,R0147,viewed,,2024-01-29 15:38:00
I003887,U0222,R0182,viewed,,2025-02-03 14:43:00
I003888,U0270,R0132,viewed,,2024-08-03 09:36:00
I003889,U0176,R0091,viewed,,2024-11-06 02:22:00
I003890,U0246,R0261,viewed,,2024-12-08 01:01:00
I003891,U0269,R0033,rated,5.0,2025-01-18 09:52:00
I003892,U0378,R0297,viewed,,2025-01-29 15:19:00
I003893,U0051,R0283,saved,,2024-12-10 18:40:00
I003894,U0356,R0090,saved,,2024-05-14 01:15:00
I003895,U0035,R0055,saved,,2024-11-02 03:16:00
I003896,U0130,R0079,visited,3.0,2024-04-06 17:43:00
I003897,U0272,R0257,viewed,,2025-01-03 15:15:00
I003898,U0157,R0282,saved,,2025-01-11 07:00:00
I003899,U0169,R0181,saved,,2024-11-12 19:09:00
I003900,U0360,R0262,viewed,,2024-07-21 17:45:00
I003901,U0246,R0132,viewed,,2024-11-11 02:03:00
I003902,U0151,R0010,rated,5.0,2025-03-14 05:38:00
I003903,U0194,R0196,visited,4.0,2025-01-15 10:31:00
I003904,U0026,R0073,viewed,,2024-02-09 22:57:00
I003905,U0291,R0036,rated,3.0,2024-05-23 07:50:00
I003906,U0353,R0128,rated,3.0,2024-04-02 13:23:00
I003907,U0150,R0203,saved,,2024-01-16 02:37:00
I003908,U0108,R0190,viewed,,2024-02-10 00:56:00
I003909,U0355,R0237,viewed,,2024-08-18 11:26:00
I003910,U0120,R0004,viewed,,2024-12-24 14:13:00
I003911,U0233,R0110,saved,,2025-02-19 20:42:00
I003912,U0448,R0003,visited,4.0,2024-03-28 13:10:00
I003913,U0347,R0134,viewed,,2024-02-09 06:33:00
I003914,U0196,R0172,saved,,2024-08-06 12:03:00
I003915,U0500,R0139,viewed,,2024-01-22 08:53:00
I003916,U0242,R0043,saved,,2025-03-12 00:50:00
I003917,U0017,R0156,viewed,,2024-06-10 23:15:00
I003918,U0467,R0209,rated,4.0,2024-09-03 12:38:00
I003919,U0400,R0098,rated,5.0,2024-05-20 15:31:00
I003920,U0311,R0224,visited,3.0,2024-09-14 10:24:00
I003921,U0005,R0140,saved,,2025-03-18 08:48:00
I003922,U0057,R0252,viewed,,2024-02-24 23:33:00
I003923,U0056,R0060,visited,,2024-07-14 01:23:00
I003924,U0494,R0285,viewed,,2024-09-12 21:50:00
I003925,U0206,R0252,visited,,2025-03-30 01:16:00
I003926,U0139,R0149,viewed,,2024-05-22 23:08:00
I003927,U0384,R0208,saved,,2024-09-28 17:03:00
I003928,U0117,R0225,visited,,2025-03-27 05:26:00
I003929,U0486,R0228,viewed,,2024-02-02 13:46:00
I003930,U0289,R0259,viewed,,2024-01-03 14:24:00
I003931,U0338,R0276,saved,,2024-01-23 13:34:00
I003932,U0040,R0136,viewed,,2024-08-29 04:42:00
I003933,U0334,R0240,saved,,2024-12-15 01:20:00
I003934,U0015,R0254,viewed,,2025-03-01 14:22:00
I003935,U0388,R0057,visited,3.0,2024-08-17 15:35:00
I003936,U0499,R0189,viewed,,2024-09-28 20:27:00
I003937,U0472,R0248,viewed,,2024-08-07 15:08:00
I003938,U0353,R0048,saved,,2025-02-27 05:35:00
I003939,U0389,R0120,visited,5.0,2024-01-06 20:37:00
I003940,U0408,R0078,viewed,,2024-03-31 23:23:00
I003941,U0053,R0088,viewed,,2024-10-30 18:51:00
I003942,U0277,R0015,saved,,2024-03-25 10:48:00
I003943,U0208,R0067,viewed,,2024-02-19 23:00:00
I003944,U0077,R0184,saved,,2025-02-09 02:54:00
I003945,U0235,R0032,viewed,,2024-06-21 19:22:00
I003946,U0454,R0055,viewed,,2024-07-12 02:27:00
I003947,U0362,R0212,saved,,2025-03-24 11:34:00
I003948,U0383,R0099,rated,2.0,2024-03-08 11:15:00
I003949,U0317,R0076,visited,5.0,2025-02-16 17:58:00
I003950,U0328,R0003,viewed,,2024-05-29 16:18:00
I003951,U0387,R0289,viewed,,2024-01-03 08:27:00
I003952,U0161,R0213,viewed,,2024-12-22 20:31:00
I003953,U0455,R0020,visited,,2024-05-05 15:23:00
I003954,U0320,R0003,saved,,2024-11-08 01:40:00
I003955,U0421,R0125,viewed,,2024-03-05 15:41:00
I003956,U0272,R0296,rated,2.0,2024-08-05 08:23:00
I003957,U0059,R0097,visited,4.0,2024-11-18 01:57:00
I003958,U0169,R0153,rated,3.0,2024-09-17 00:34:00
I003959,U0145,R0093,viewed,,2024-03-22 16:10:00
I003960,U0228,R0084,saved,,2024-01-07 11:44:00
I003961,U0072,R0275,viewed,,2024-07-08 01:07:00
I003962,U0097,R0169,viewed,,2024-02-17 14:35:00
I003963,U0397,R0177,viewed,,2024-04-16 19:47:00
I003964,U0326,R0137,viewed,,2025-01-18 02:52:00
I003965,U0149,R0053,rated,2.0,2025-02-26 00:31:00
I003966,U0377,R0192,saved,,2024-11-05 06:13:00
I003967,U0411,R0079,saved,,2024-03-15 12:35:00
I003968,U0293,R0299,saved,,2024-08-26 19:12:00
I003969,U0346,R0190,viewed,,2024-01-25 12:03:00
I003970,U0188,R0212,visited,,2024-03-17 09:53:00
I003971,U0417,R0064,viewed,,2025-03-08 09:39:00
I003972,U0275,R0036,rated,4.0,2024-07-18 18:18:00
I003973,U0446,R0098,viewed,,2024-08-06 11:43:00
I003974,U0355,R0100,viewed,,2025-01-13 10:44:00
I003975,U0497,R0144,viewed,,2025-01-24 03:23:00
I003976,U0056,R0151,viewed,,2024-11-30 03:34:00
I003977,U0123,R0024,viewed,,2024-03-20 06:15:00
I003978,U0269,R0123,saved,,2024-01-03 04:20:00
I003979,U0133,R0003,viewed,,2025-01-31 17:58:00
I003980,U0156,R0240,viewed,,2024-03-19 12:02:00
I003981,U0378,R0083,viewed,,2024-09-16 19:26:00
I003982,U0488,R0219,viewed,,2024-07-01 06:31:00
I003983,U0100,R0272,saved,,2024-09-26 04:12:00
I003984,U0298,R0278,viewed,,2024-01-26 20:43:00
I003985,U0239,R0186,saved,,2024-07-21 04:06:00
I003986,U0279,R0294,viewed,,2025-01-31 12:54:00
I003987,U0160,R0084,viewed,,2024-05-16 12:20:00
I003988,U0306,R0069,viewed,,2024-12-06 19:39:00
I003989,U0227,R0005,viewed,,2024-02-01 16:13:00
I003990,U0178,R0133,visited,,2024-10-20 01:52:00
I003991,U0274,R0127,visited,,2024-10-03 12:58:00
I003992,U0094,R0052,visited,,2024-01-16 13:45:00
I003993,U0217,R0213,viewed,,2024-11-23 19:56:00
I003994,U0005,R0109,viewed,,2024-11-24 10:45:00
I003995,U0473,R0124,viewed,,2025-01-11 16:33:00
I003996,U0255,R0012,visited,3.0,2024-06-12 15:34:00
I003997,U0487,R0051,saved,,2024-04-12 22:04:00
I003998,U0199,R0071,saved,,2024-05-21 23:16:00
I003999,U0255,R0279,viewed,,2025-02-17 01:22:00
I004000,U0333,R0245,viewed,,2024-09-27 09:52:00
I004001,U0367,R0206,viewed,,2024-02-28 10:28:00
I004002,U0198,R0072,saved,,2024-09-05 16:42:00
I004003,U0163,R0219,viewed,,2024-06-24 21:54:00
I004004,U0154,R0077,visited,,2024-08-20 05:39:00
I004005,U0238,R0083,saved,,2024-08-29 19:17:00
I004006,U0134,R0054,viewed,,2025-01-02 07:35:00
I004007,U0311,R0269,viewed,,2024-11-27 08:27:00
I004008,U0096,R0289,viewed,,2024-02-14 01:14:00
I004009,U0185,R0206,viewed,,2024-10-10 01:35:00
I004010,U0468,R0160,saved,,2024-02-10 22:19:00
I004011,U0427,R0297,viewed,,2024-04-28 20:23:00
I004012,U0003,R0205,saved,,2024-03-17 13:26:00
I004013,U0326,R0019,saved,,2024-05-25 19:50:00
I004014,U0043,R0004,viewed,,2024-07-19 11:53:00
I004015,U0341,R0166,visited,,2024-05-07 01:03:00
I004016,U0003,R0162,visited,5.0,2024-12-11 17:36:00
I004017,U0423,R0102,saved,,2024-04-11 05:06:00
I004018,U0211,R0204,saved,,2024-07-23 18:56:00
I004019,U0417,R0254,saved,,2024-05-09 00:40:00
I004020,U0076,R0184,viewed,,2024-05-18 05:09:00
I004021,U0132,R0126,saved,,2024-06-05 21:26:00
I004022,U0345,R0183,viewed,,2024-04-08 09:31:00
I004023,U0135,R0041,viewed,,2024-03-21 16:23:00
I004024,U0256,R0176,visited,,2024-06-11 18:59:00
I004025,U0379,R0096,rated,3.0,2024-12-10 11:56:00
I004026,U0026,R0051,visited,,2024-01-11 21:15:00
I004027,U0151,R0148,saved,,2024-03-15 18:44:00
I004028,U0445,R0262,saved,,2024-02-22 18:50:00
I004029,U0006,R0210,visited,,2024-02-08 00:02:00
I004030,U0306,R0294,viewed,,2024-03-29 19:32:00
I004031,U0068,R0063,viewed,,2024-07-01 16:22:00
I004032,U0026,R0093,saved,,2024-01-01 10:41:00
I004033,U0187,R0241,saved,,2024-07-04 16:47:00
I004034,U0134,R0118,rated,4.0,2025-04-01 12:22:00
I004035,U0471,R0136,saved,,2024-08-27 22:01:00
I004036,U0264,R0011,saved,,2024-02-06 23:15:00
I004037,U0150,R0123,saved,,2025-01-18 20:58:00
I004038,U0354,R0064,viewed,,2024-11-22 03:50:00
I004039,U0037,R0094,saved,,2024-02-18 21:32:00
I004040,U0259,R0299,viewed,,2024-08-21 01:31:00
I004041,U0478,R0067,viewed,,2024-08-15 12:11:00
I004042,U0448,R0104,viewed,,2024-03-19 00:49:00
I004043,U0254,R0269,saved,,2024-01-21 15:32:00
I004044,U0319,R0124,visited,,2024-12-05 10:10:00
I004045,U0100,R0200,viewed,,2024-09-22 09:23:00
I004046,U0142,R0138,saved,,2024-10-27 17:43:00
I004047,U0232,R0292,viewed,,2025-02-17 04:47:00
I004048,U0310,R0010,rated,4.0,2024-06-29 03:20:00
I004049,U0309,R0296,saved,,2024-05-25 14:54:00
I004050,U0253,R0051,viewed,,2024-04-24 06:13:00
I004051,U0397,R0117,visited,,2025-02-22 15:21:00
I004052,U0440,R0238,visited,3.0,2025-02-14 00:51:00
I004053,U0011,R0023,saved,,2024-06-06 21:39:00
I004054,U0387,R0238,viewed,,2024-03-02 20:08:00
I004055,U0483,R0167,rated,5.0,2024-01-28 20:50:00
I004056,U0216,R0099,rated,4.0,2024-06-18 06:56:00
I004057,U0474,R0255,visited,2.0,2024-04-05 05:25:00
I004058,U0467,R0264,visited,3.0,2024-02-09 23:56:00
I004059,U0069,R0014,viewed,,2024-04-08 23:06:00
I004060,U0159,R0154,saved,,2025-02-18 03:37:00
I004061,U0295,R0197,saved,,2024-04-13 17:17:00
I004062,U0212,R0271,saved,,2024-01-31 10:43:00
I004063,U0057,R0278,viewed,,2024-03-01 00:12:00
I004064,U0046,R0273,viewed,,2024-01-10 15:22:00
I004065,U0297,R0054,visited,5.0,2024-08-07 02:39:00
I004066,U0028,R0139,rated,5.0,2025-01-28 02:00:00
I004067,U0156,R0237,visited,,2025-03-04 12:23:00
I004068,U0043,R0031,viewed,,2024-06-15 19:01:00
I004069,U0406,R0078,viewed,,2025-02-05 09:57:00
I004070,U0096,R0061,viewed,,2024-01-12 13:53:00
I004071,U0460,R0237,visited,2.0,2024-04-14 09:10:00
I004072,U0364,R0271,rated,5.0,2024-08-01 04:37:00
I004073,U0412,R0194,visited,,2025-03-15 01:27:00
I004074,U0028,R0113,visited,4.0,2024-10-22 01:17:00
I004075,U0061,R0062,visited,,2024-12-14 15:28:00
I004076,U0212,R0227,visited,5.0,2024-01-25 17:29:00
I004077,U0442,R0077,visited,,2024-01-10 16:42:00
I004078,U0259,R0079,viewed,,2024-06-27 19:25:00
I004079,U0221,R0091,viewed,,2024-09-14 05:44:00
I004080,U0484,R0019,saved,,2024-06-15 08:31:00
I004081,U0182,R0009,rated,4.0,2025-03-12 06:24:00
I004082,U0268,R0034,viewed,,2024-09-30 05:18:00
I004083,U0386,R0208,saved,,2025-02-28 03:41:00
I004084,U0123,R0231,saved,,2024-01-29 18:17:00
I004085,U0401,R0111,visited,,2024-11-23 07:30:00
I004086,U0061,R0033,viewed,,2024-02-08 22:15:00
I004087,U0350,R0280,viewed,,2025-01-24 07:39:00
I004088,U0352,R0083,visited,,2024-01-11 19:32:00
I004089,U0427,R0150,viewed,,2024-11-23 13:55:00
I004090,U0370,R0200,viewed,,2024-08-26 21:09:00
I004091,U0428,R0143,viewed,,2025-03-30 15:03:00
I004092,U0286,R0016,viewed,,2024-06-25 17:09:00
I004093,U0144,R0006,saved,,2024-09-05 22:43:00
I004094,U0018,R0119,viewed,,2024-02-03 23:50:00
I004095,U0267,R0212,saved,,2024-10-12 19:27:00
I004096,U0240,R0215,rated,4.0,2024-11-08 08:37:00
I004097,U0478,R0109,viewed,,2024-11-02 18:02:00
I004098,U0043,R0006,visited,,2024-04-18 08:59:00
I004099,U0132,R0276,viewed,,2024-09-24 20:00:00
I004100,U0061,R0062,visited,,2024-11-04 08:49:00
I004101,U0413,R0128,visited,,2024-01-08 16:48:00
I004102,U0111,R0254,visited,,2025-02-21 10:09:00
I004103,U0349,R0113,saved,,2024-12-23 04:06:00
I004104,U0454,R0222,viewed,,2024-10-09 00:31:00
I004105,U0369,R0268,visited,,2024-03-28 19:57:00
I004106,U0150,R0022,saved,,2024-03-22 16:24:00
I004107,U0384,R0232,viewed,,2025-01-20 05:40:00
I004108,U0424,R0070,saved,,2024-12-27 21:05:00
I004109,U0192,R0011,viewed,,2025-03-11 04:40:00
I004110,U0216,R0109,viewed,,2024-08-13 18:37:00
I004111,U0276,R0242,viewed,,2025-02-18 22:54:00
I004112,U0250,R0200,viewed,,2024-02-28 05:40:00
I004113,U0168,R0197,saved,,2024-01-07 17:56:00
I004114,U0198,R0063,viewed,,2024-02-08 17:43:00
I004115,U0452,R0193,saved,,2024-10-18 18:51:00
I004116,U0135,R0175,rated,5.0,2024-12-02 16:12:00
I004117,U0266,R0078,viewed,,2024-03-15 18:33:00
I004118,U0375,R0194,saved,,2024-09-05 16:23:00
I004119,U0055,R0030,saved,,2024-11-20 00:23:00
I004120,U0197,R0154,viewed,,2024-03-27 17:33:00
I004121,U0105,R0205,saved,,2024-07-30 16:01:00
I004122,U0340,R0259,saved,,2024-05-19 06:51:00
I004123,U0427,R0250,viewed,,2024-04-11 05:27:00
I004124,U0438,R0214,saved,,2024-04-24 02:45:00
I004125,U0358,R0124,saved,,2024-08-28 18:31:00
I004126,U0403,R0134,saved,,2024-10-11 01:04:00
I004127,U0242,R0143,saved,,2024-12-31 22:57:00
I004128,U0117,R0054,rated,4.0,2024-07-01 19:44:00
I004129,U0226,R0159,viewed,,2024-03-08 21:13:00
I004130,U0055,R0069,viewed,,2024-08-17 00:19:00
I004131,U0086,R0013,viewed,,2024-05-13 03:24:00
I004132,U0086,R0203,rated,4.0,2024-02-22 00:36:00
I004133,U0177,R0116,viewed,,2025-02-26 02:29:00
I004134,U0033,R0116,saved,,2024-03-20 06:34:00
I004135,U0334,R0010,saved,,2024-01-17 05:01:00
I004136,U0160,R0003,visited,4.0,2024-11-11 12:05:00
I004137,U0019,R0239,rated,3.0,2024-03-21 01:40:00
I004138,U0381,R0145,saved,,2024-10-19 17:00:00
I004139,U0455,R0180,rated,5.0,2024-07-04 00:07:00
I004140,U0216,R0068,viewed,,2024-06-08 18:17:00
I004141,U0415,R0174,viewed,,2024-03-05 00:37:00
I004142,U0203,R0227,rated,4.0,2024-10-27 04:18:00
I004143,U0324,R0215,viewed,,2024-10-15 01:14:00
I004144,U0408,R0197,rated,3.0,2024-07-04 15:17:00
I004145,U0010,R0006,saved,,2024-02-22 12:09:00
I004146,U0350,R0194,viewed,,2024-12-31 09:27:00
I004147,U0138,R0201,rated,5.0,2025-02-04 00:14:00
I004148,U0372,R0149,saved,,2024-11-25 05:03:00
I004149,U0051,R0258,saved,,2024-11-02 00:08:00
I004150,U0110,R0087,visited,4.0,2024-11-03 16:35:00
I004151,U0477,R0004,viewed,,2024-10-31 03:54:00
I004152,U0250,R0179,rated,4.0,2024-03-02 23:37:00
I004153,U0474,R0083,rated,3.0,2024-08-30 20:22:00
I004154,U0411,R0011,viewed,,2024-07-19 20:10:00
I004155,U0339,R0075,rated,3.0,2024-11-17 09:12:00
I004156,U0376,R0221,viewed,,2025-01-15 20:35:00
I004157,U0085,R0006,viewed,,2025-03-08 17:31:00
I004158,U0197,R0174,viewed,,2025-01-20 09:05:00
I004159,U0370,R0241,visited,,2024-05-31 10:13:00
I004160,U0033,R0152,viewed,,2024-01-08 17:03:00
I004161,U0369,R0299,viewed,,2024-06-10 13:58:00
I004162,U0470,R0131,viewed,,2024-03-12 18:16:00
I004163,U0482,R0082,viewed,,2024-09-24 03:16:00
I004164,U0227,R0022,viewed,,2024-01-04 14:18:00
I004165,U0058,R0252,visited,5.0,2024-07-04 05:21:00
I004166,U0042,R0097,viewed,,2024-08-03 05:11:00
I004167,U0252,R0190,viewed,,2024-07-17 07:28:00
I004168,U0315,R0019,viewed,,2024-10-10 05:35:00
I004169,U0059,R0229,viewed,,2025-01-21 19:47:00
I004170,U0208,R0053,visited,,2024-10-05 05:51:00
I004171,U0246,R0193,saved,,2024-07-01 12:10:00
I004172,U0472,R0181,saved,,2024-11-28 09:15:00
I004173,U0080,R0183,viewed,,2024-10-24 18:56:00
I004174,U0088,R0264,viewed,,2024-09-23 11:40:00
I004175,U0271,R0079,viewed,,2024-01-06 07:11:00
I004176,U0289,R0271,viewed,,2024-09-28 06:51:00
I004177,U0174,R0100,viewed,,2024-04-22 00:46:00
I004178,U0344,R0278,viewed,,2024-10-14 16:18:00
I004179,U0332,R0063,saved,,2025-03-08 15:56:00
I004180,U0151,R0157,rated,5.0,2024-01-13 13:37:00
I004181,U0127,R0262,visited,2.0,2024-11-25 09:15:00
I004182,U0060,R0163,visited,,2024-11-07 10:38:00
I004183,U0289,R0194,viewed,,2024-03-25 22:30:00
I004184,U0486,R0117,viewed,,2024-12-12 20:39:00
I004185,U0021,R0168,visited,,2024-02-25 08:04:00
I004186,U0351,R0120,viewed,,2024-08-17 12:33:00
I004187,U0334,R0119,saved,,2024-09-16 14:24:00
I004188,U0416,R0281,saved,,2024-08-08 01:59:00
I004189,U0182,R0045,visited,5.0,2024-12-14 08:11:00
I004190,U0444,R0122,viewed,,2024-05-08 23:42:00
I004191,U0111,R0237,viewed,,2024-04-21 02:33:00
I004192,U0135,R0099,viewed,,2025-03-16 21:30:00
I004193,U0384,R0288,viewed,,2024-02-25 23:18:00
I004194,U0088,R0013,saved,,2024-10-02 15:56:00
I004195,U0160,R0062,rated,4.0,2024-06-27 13:55:00
I004196,U0168,R0091,viewed,,2024-11-22 23:01:00
I004197,U0268,R0138,viewed,,2024-03-04 09:35:00
I004198,U0342,R0188,saved,,2025-03-31 03:25:00
I004199,U0192,R0222,viewed,,2024-01-25 21:50:00
I004200,U0344,R0067,rated,5.0,2025-02-16 22:11:00
I004201,U0222,R0034,viewed,,2024-07-12 01:59:00
I004202,U0481,R0280,saved,,2024-08-10 06:05:00
I004203,U0135,R0289,viewed,,2024-02-13 06:28:00
I004204,U0004,R0157,saved,,2024-01-02 20:33:00
I004205,U0404,R0118,viewed,,2024-02-11 12:18:00
I004206,U0251,R0212,viewed,,2024-09-01 06:35:00
I004207,U0354,R0209,viewed,,2025-03-25 07:59:00
I004208,U0415,R0286,viewed,,2024-06-25 06:42:00
I004209,U0297,R0095,viewed,,2024-05-07 01:59:00
I004210,U0334,R0123,viewed,,2025-01-06 15:48:00
I004211,U0267,R0233,viewed,,2024-09-09 09:38:00
I004212,U0008,R0242,visited,,2024-09-28 16:04:00
I004213,U0128,R0046,saved,,2024-03-29 16:32:00
I004214,U0495,R0095,visited,,2024-05-20 13:36:00
I004215,U0374,R0077,rated,3.0,2024-03-30 01:28:00
I004216,U0456,R0082,viewed,,2024-12-21 12:31:00
I004217,U0283,R0016,saved,,2024-07-16 15:02:00
I004218,U0001,R0131,viewed,,2025-03-30 05:02:00
I004219,U0288,R0104,viewed,,2024-10-07 14:19:00
I004220,U0258,R0169,viewed,,2024-08-17 17:41:00
I004221,U0500,R0285,viewed,,2024-04-23 04:51:00
I004222,U0292,R0299,viewed,,2024-08-30 09:04:00
I004223,U0125,R0127,rated,4.0,2024-07-09 13:49:00
I004224,U0044,R0260,viewed,,2024-09-03 14:30:00
I004225,U0186,R0289,visited,,2024-09-15 07:26:00
I004226,U0099,R0226,visited,,2024-03-26 06:48:00
I004227,U0318,R0194,viewed,,2024-05-16 10:00:00
I004228,U0416,R0265,viewed,,2024-10-27 17:34:00
I004229,U0493,R0120,viewed,,2025-01-26 05:37:00
I004230,U0150,R0002,saved,,2025-02-23 23:01:00
I004231,U0156,R0110,viewed,,2024-03-21 13:39:00
I004232,U0263,R0193,rated,3.0,2024-01-08 16:26:00
I004233,U0383,R0258,saved,,2024-12-13 02:15:00
I004234,U0066,R0156,visited,,2024-10-28 09:11:00
I004235,U0184,R0022,visited,3.0,2024-07-05 11:20:00
I004236,U0268,R0146,saved,,2024-01-04 00:47:00
I004237,U0100,R0041,visited,,2024-03-25 09:18:00
I004238,U0356,R0192,viewed,,2024-10-29 02:32:00
I004239,U0044,R0151,saved,,2025-03-25 12:55:00
I004240,U0171,R0186,saved,,2024-07-15 17:12:00
I004241,U0138,R0093,viewed,,2024-04-30 16:34:00
I004242,U0019,R0148,saved,,2024-04-08 13:14:00
I004243,U0134,R0171,visited,5.0,2024-10-15 07:55:00
I004244,U0308,R0150,rated,4.0,2024-02-05 21:10:00
I004245,U0436,R0166,saved,,2024-11-08 19:01:00
I004246,U0471,R0021,saved,,2024-07-17 17:31:00
I004247,U0068,R0128,saved,,2024-08-02 11:28:00
I004248,U0227,R0038,visited,,2024-01-27 09:06:00
I004249,U0121,R0205,saved,,2024-07-13 15:38:00
I004250,U0330,R0104,rated,4.0,2024-03-08 08:55:00
I004251,U0308,R0197,viewed,,2024-10-28 13:30:00
I004252,U0161,R0169,visited,4.0,2024-03-08 00:53:00
I004253,U0271,R0071,saved,,2024-07-25 18:17:00
I004254,U0490,R0062,viewed,,2024-09-06 08:49:00
I004255,U0280,R0267,viewed,,2024-10-25 12:38:00
I004256,U0246,R0266,visited,4.0,2024-06-01 03:34:00
I004257,U0134,R0239,viewed,,2024-08-19 04:23:00
I004258,U0154,R0140,viewed,,2024-10-14 13:04:00
I004259,U0032,R0172,visited,4.0,2024-08-31 08:57:00
I004260,U0477,R0130,viewed,,2024-08-17 17:10:00
I004261,U0287,R0016,viewed,,2024-11-02 19:44:00
I004262,U0246,R0236,visited,5.0,2024-02-24 06:36:00
I004263,U0377,R0271,visited,5.0,2024-04-25 17:25:00
I004264,U0107,R0274,viewed,,2024-04-11 04:47:00
I004265,U0410,R0210,saved,,2024-11-10 16:26:00
I004266,U0207,R0204,visited,,2024-08-19 00:49:00
I004267,U0161,R0116,saved,,2025-02-15 07:52:00
I004268,U0148,R0053,saved,,2024-07-13 05:03:00
I004269,U0435,R0040,rated,4.0,2024-11-11 07:57:00
I004270,U0131,R0260,viewed,,2024-01-13 21:37:00
I004271,U0084,R0010,visited,4.0,2024-05-27 20:22:00
I004272,U0205,R0269,viewed,,2024-01-21 01:59:00
I004273,U0063,R0161,saved,,2024-12-19 08:44:00
I004274,U0411,R0075,viewed,,2025-03-08 02:41:00
I004275,U0416,R0090,visited,,2025-03-07 18:47:00
I004276,U0494,R0194,rated,4.0,2025-01-02 21:11:00
I004277,U0468,R0187,viewed,,2024-02-03 00:13:00
I004278,U0189,R0072,saved,,2024-08-07 11:44:00
I004279,U0458,R0186,rated,5.0,2024-03-06 21:51:00
I004280,U0032,R0113,visited,,2024-07-29 14:43:00
I004281,U0089,R0224,saved,,2024-02-08 19:52:00
I004282,U0174,R0135,saved,,2025-01-01 13:08:00
I004283,U0128,R0260,saved,,2025-02-11 10:54:00
I004284,U0038,R0126,saved,,2024-01-23 14:43:00
I004285,U0377,R0163,visited,,2024-03-11 21:16:00
I004286,U0162,R0138,viewed,,2024-03-08 01:25:00
I004287,U0331,R0221,saved,,2025-02-04 23:22:00
I004288,U0395,R0233,viewed,,2024-06-17 07:50:00
I004289,U0001,R0119,viewed,,2024-07-12 09:14:00
I004290,U0495,R0129,visited,5.0,2024-01-09 22:20:00
I004291,U0131,R0009,rated,4.0,2025-02-03 23:48:00
I004292,U0287,R0255,visited,2.0,2024-04-06 18:01:00
I004293,U0435,R0020,viewed,,2025-01-09 20:13:00
I004294,U0485,R0096,viewed,,2024-07-17 04:01:00
I004295,U0255,R0191,viewed,,2024-08-14 17:44:00
I004296,U0107,R0037,visited,5.0,2024-10-03 16:32:00
I004297,U0272,R0008,visited,,2025-01-06 16:15:00
I004298,U0324,R0268,saved,,2024-11-21 22:46:00
I004299,U0175,R0215,viewed,,2025-01-17 12:40:00
I004300,U0468,R0081,visited,,2024-09-16 14:22:00
I004301,U0017,R0068,viewed,,2024-12-05 04:02:00
I004302,U0130,R0205,visited,2.0,2024-08-24 09:13:00
I004303,U0098,R0086,viewed,,2025-02-10 08:52:00
I004304,U0459,R0138,viewed,,2024-11-21 03:36:00
I004305,U0335,R0001,viewed,,2025-01-22 06:48:00
I004306,U0313,R0037,visited,,2024-03-05 13:05:00
I004307,U0327,R0201,viewed,,2024-09-04 02:01:00
I004308,U0251,R0294,viewed,,2024-06-23 13:23:00
I004309,U0055,R0099,viewed,,2025-01-12 12:05:00
I004310,U0326,R0269,viewed,,2024-03-22 18:59:00
I004311,U0253,R0152,rated,4.0,2025-03-24 12:45:00
I004312,U0357,R0138,viewed,,2024-07-12 00:51:00
I004313,U0340,R0121,viewed,,2024-04-18 04:54:00
I004314,U0130,R0144,viewed,,2024-01-25 12:03:00
I004315,U0085,R0038,visited,2.0,2024-08-23 05:51:00
I004316,U0393,R0201,visited,,2025-01-13 10:34:00
I004317,U0323,R0190,viewed,,2024-10-30 00:56:00
I004318,U0277,R0206,saved,,2024-01-23 17:00:00
I004319,U0279,R0090,saved,,2024-01-17 00:01:00
I004320,U0240,R0179,viewed,,2024-04-13 22:49:00
I004321,U0108,R0271,viewed,,2024-08-29 04:52:00
I004322,U0325,R0104,visited,3.0,2024-03-24 02:30:00
I004323,U0451,R0041,saved,,2024-09-14 00:19:00
I004324,U0156,R0119,rated,5.0,2024-12-14 14:59:00
I004325,U0248,R0065,viewed,,2024-02-24 22:25:00
I004326,U0265,R0055,saved,,2024-02-18 21:55:00
I004327,U0066,R0044,rated,4.0,2024-09-04 06:52:00
I004328,U0335,R0232,viewed,,2025-01-26 00:59:00
I004329,U0331,R0222,rated,3.0,2025-03-01 09:06:00
I004330,U0180,R0160,saved,,2024-04-08 20:29:00
I004331,U0163,R0236,viewed,,2024-10-25 18:40:00
I004332,U0294,R0192,saved,,2024-07-16 01:14:00
I004333,U0379,R0016,saved,,2024-01-09 19:22:00
I004334,U0324,R0114,viewed,,2024-06-06 15:58:00
I004335,U0252,R0078,saved,,2024-02-08 22:05:00
I004336,U0186,R0177,visited,5.0,2025-02-15 16:49:00
I004337,U0150,R0047,rated,4.0,2024-12-15 18:43:00
I004338,U0498,R0009,saved,,2025-01-26 16:05:00
I004339,U0165,R0210,saved,,2025-02-09 06:01:00
I004340,U0180,R0043,saved,,2024-04-12 08:52:00
I004341,U0291,R0105,saved,,2024-09-27 01:44:00
I004342,U0316,R0128,viewed,,2024-12-25 08:06:00
I004343,U0361,R0218,viewed,,2025-02-13 17:31:00
I004344,U0382,R0149,saved,,2024-05-26 15:19:00
I004345,U0067,R0103,viewed,,2025-01-08 09:33:00
I004346,U0172,R0054,viewed,,2024-12-29 18:02:00
I004347,U0285,R0160,viewed,,2024-03-20 12:08:00
I004348,U0202,R0207,viewed,,2025-02-12 03:39:00
I004349,U0227,R0130,rated,3.0,2024-08-05 10:45:00
I004350,U0094,R0067,visited,,2025-02-12 10:48:00
I004351,U0059,R0212,viewed,,2024-07-08 02:29:00
I004352,U0054,R0127,saved,,2024-11-18 17:19:00
I004353,U0015,R0168,viewed,,2025-02-16 14:16:00
I004354,U0350,R0171,rated,4.0,2024-09-05 13:26:00
I004355,U0160,R0274,viewed,,2024-04-25 17:42:00
I004356,U0128,R0061,viewed,,2024-09-10 17:49:00
I004357,U0121,R0101,viewed,,2024-03-31 20:58:00
I004358,U0186,R0065,rated,5.0,2025-01-22 17:34:00
I004359,U0250,R0218,visited,,2025-02-17 08:06:00
I004360,U0053,R0297,viewed,,2024-02-21 09:43:00
I004361,U0161,R0267,visited,,2024-01-05 21:06:00
I004362,U0069,R0235,viewed,,2024-08-14 15:44:00
I004363,U0054,R0165,viewed,,2024-06-22 06:52:00
I004364,U0050,R0231,viewed,,2024-05-09 00:58:00
I004365,U0270,R0002,viewed,,2025-02-14 17:38:00
I004366,U0376,R0082,saved,,2025-03-17 12:16:00
I004367,U0392,R0200,saved,,2024-01-17 04:44:00
I004368,U0290,R0126,viewed,,2024-03-05 13:40:00
I004369,U0164,R0285,viewed,,2024-01-08 05:15:00
I004370,U0092,R0212,viewed,,2024-01-05 11:37:00
I004371,U0279,R0014,viewed,,2024-09-26 17:32:00
I004372,U0001,R0001,viewed,,2024-10-02 04:34:00
I004373,U0403,R0080,saved,,2024-04-07 00:29:00
I004374,U0218,R0293,rated,3.0,2024-04-14 22:37:00
I004375,U0201,R0086,viewed,,2024-06-27 22:04:00
I004376,U0031,R0229,saved,,2024-03-05 14:46:00
I004377,U0210,R0111,saved,,2024-05-01 09:37:00
I004378,U0086,R0200,saved,,2024-11-22 17:31:00
I004379,U0180,R0046,viewed,,2025-01-31 23:14:00
I004380,U0482,R0123,visited,,2024-08-21 04:57:00
I004381,U0264,R0114,saved,,2024-11-27 16:52:00
I004382,U0042,R0014,rated,3.0,2024-10-11 15:23:00
I004383,U0077,R0210,rated,5.0,2024-11-03 21:48:00
I004384,U0030,R0153,viewed,,2024-06-16 20:42:00
I004385,U0081,R0022,saved,,2024-09-17 19:43:00
I004386,U0375,R0050,visited,,2024-02-11 02:35:00
I004387,U0488,R0062,viewed,,2024-05-23 10:50:00
I004388,U0265,R0155,visited,,2024-01-22 01:36:00
I004389,U0011,R0029,visited,3.0,2025-02-14 00:05:00
I004390,U0292,R0255,viewed,,2025-01-25 21:42:00
I004391,U0216,R0257,visited,5.0,2025-02-22 19:46:00
I004392,U0007,R0001,saved,,2024-10-14 03:08:00
I004393,U0400,R0109,viewed,,2024-12-26 05:18:00
I004394,U0348,R0020,rated,3.0,2024-06-25 03:36:00
I004395,U0249,R0148,viewed,,2024-01-28 21:34:00
I004396,U0109,R0171,saved,,2024-11-04 00:39:00
I004397,U0049,R0030,saved,,2024-08-01 07:17:00
I004398,U0329,R0236,saved,,2024-02-11 16:00:00
I004399,U0081,R0100,saved,,2024-10-15 15:56:00
I004400,U0177,R0234,rated,4.0,2025-02-26 13:35:00
I004401,U0491,R0231,visited,3.0,2024-09-17 13:35:00
I004402,U0219,R0197,rated,3.0,2024-09-01 16:10:00
I004403,U0499,R0262,viewed,,2024-01-27 01:11:00
I004404,U0176,R0181,saved,,2024-06-23 07:15:00
I004405,U0147,R0228,saved,,2024-10-26 08:40:00
I004406,U0234,R0004,viewed,,2024-12-23 09:23:00
I004407,U0247,R0021,rated,4.0,2024-11-28 03:54:00
I004408,U0034,R0268,visited,2.0,2024-09-30 20:28:00
I004409,U0179,R0167,saved,,2024-10-21 16:06:00
I004410,U0341,R0098,visited,5.0,2024-02-09 19:42:00
I004411,U0042,R0267,viewed,,2024-12-21 12:28:00
I004412,U0357,R0236,visited,4.0,2025-02-28 08:34:00
I004413,U0139,R0241,visited,,2024-06-05 15:24:00
I004414,U0357,R0265,viewed,,2024-09-15 13:05:00
I004415,U0277,R0150,saved,,2024-07-31 20:20:00
I004416,U0100,R0034,viewed,,2024-07-08 10:44:00
I004417,U0434,R0251,viewed,,2024-11-17 17:48:00
I004418,U0213,R0265,viewed,,2024-09-22 07:28:00
I004419,U0444,R0108,visited,,2024-06-27 18:58:00
I004420,U0158,R0056,viewed,,2025-01-15 08:20:00
I004421,U0299,R0089,visited,,2024-01-29 23:11:00
I004422,U0416,R0239,viewed,,2024-02-22 09:38:00
I004423,U0029,R0079,viewed,,2024-11-20 01:08:00
I004424,U0269,R0039,viewed,,2025-02-03 20:54:00
I004425,U0249,R0199,viewed,,2024-04-16 06:17:00
I004426,U0349,R0213,saved,,2025-03-29 23:24:00
I004427,U0497,R0107,viewed,,2024-05-22 02:45:00
I004428,U0281,R0254,viewed,,2024-03-18 03:23:00
I004429,U0370,R0046,visited,,2024-06-28 03:30:00
I004430,U0473,R0260,viewed,,2025-01-16 21:19:00
I004431,U0275,R0187,viewed,,2025-03-28 04:52:00
I004432,U0370,R0126,saved,,2024-03-19 05:16:00
I004433,U0460,R0122,viewed,,2024-02-09 03:14:00
I004434,U0314,R0009,viewed,,2024-09-28 19:08:00
I004435,U0085,R0101,viewed,,2024-01-19 11:26:00
I004436,U0288,R0116,viewed,,2024-07-02 12:15:00
I004437,U0033,R0270,visited,,2024-11-09 18:49:00
I004438,U0377,R0065,visited,,2024-05-27 00:19:00
I004439,U0190,R0014,visited,2.0,2024-07-30 21:53:00
I004440,U0384,R0069,viewed,,2024-04-03 01:16:00
I004441,U0123,R0010,viewed,,2024-02-02 18:06:00
I004442,U0348,R0062,saved,,2024-03-08 20:18:00
I004443,U0477,R0169,viewed,,2025-01-12 19:09:00
I004444,U0088,R0148,viewed,,2024-12-19 04:49:00
I004445,U0360,R0029,viewed,,2024-03-07 14:33:00
I004446,U0481,R0088,visited,2.0,2024-04-30 10:03:00
I004447,U0366,R0120,saved,,2024-11-05 10:24:00
I004448,U0357,R0266,saved,,2025-02-13 12:18:00
I004449,U0479,R0186,viewed,,2024-05-20 00:35:00
I004450,U0021,R0028,rated,4.0,2024-05-01 12:03:00
I004451,U0172,R0217,rated,2.0,2024-08-03 02:31:00
I004452,U0301,R0075,visited,,2024-10-19 15:45:00
I004453,U0231,R0233,saved,,2024-04-03 22:19:00
I004454,U0100,R0258,viewed,,2024-03-26 19:10:00
I004455,U0476,R0167,viewed,,2024-06-21 19:01:00
I004456,U0198,R0075,viewed,,2024-10-24 22:18:00
I004457,U0154,R0039,viewed,,2024-03-23 05:37:00
I004458,U0268,R0291,visited,,2024-12-23 20:22:00
I004459,U0018,R0144,viewed,,2024-11-10 22:12:00
I004460,U0101,R0236,viewed,,2024-04-10 10:35:00
I004461,U0420,R0120,viewed,,2024-09-17 20:37:00
I004462,U0382,R0138,visited,,2024-01-31 16:44:00
I004463,U0245,R0067,saved,,2024-12-14 06:00:00
I004464,U0003,R0247,viewed,,2025-03-30 02:35:00
I004465,U0153,R0202,saved,,2025-01-03 20:48:00
I004466,U0195,R0186,visited,5.0,2024-03-10 21:53:00
I004467,U0171,R0067,visited,,2024-12-08 22:16:00
I004468,U0448,R0189,viewed,,2024-11-30 09:04:00
I004469,U0019,R0128,rated,4.0,2024-03-28 09:53:00
I004470,U0393,R0167,rated,4.0,2024-03-20 00:27:00
I004471,U0376,R0116,viewed,,2024-02-04 09:14:00
I004472,U0153,R0031,rated,5.0,2025-03-06 06:30:00
I004473,U0037,R0177,visited,5.0,2025-02-10 03:02:00
I004474,U0432,R0211,visited,4.0,2025-01-12 11:15:00
I004475,U0084,R0206,viewed,,2024-08-12 17:29:00
I004476,U0032,R0223,saved,,2024-07-14 09:18:00
I004477,U0084,R0260,visited,2.0,2024-08-26 21:47:00
I004478,U0376,R0019,viewed,,2025-03-05 09:33:00
I004479,U0395,R0005,saved,,2024-06-01 04:06:00
I004480,U0367,R0011,viewed,,2024-02-05 01:42:00
I004481,U0497,R0032,saved,,2024-12-18 02:46:00
I004482,U0089,R0016,visited,5.0,2024-07-31 09:03:00
I004483,U0455,R0136,viewed,,2024-08-22 01:42:00
I004484,U0106,R0039,saved,,2025-02-06 00:13:00
I004485,U0020,R0199,saved,,2024-08-15 11:41:00
I004486,U0060,R0137,visited,2.0,2024-02-06 10:25:00
I004487,U0011,R0291,saved,,2024-03-08 14:30:00
I004488,U0027,R0080,saved,,2024-10-03 12:07:00
I004489,U0054,R0172,viewed,,2024-12-29 13:11:00
I004490,U0316,R0099,viewed,,2024-02-23 20:54:00
I004491,U0216,R0167,viewed,,2024-12-23 15:11:00
I004492,U0485,R0163,viewed,,2024-12-23 01:31:00
I004493,U0096,R0075,viewed,,2025-01-10 01:34:00
I004494,U0332,R0157,rated,4.0,2024-03-31 09:59:00
I004495,U0220,R0066,rated,5.0,2025-02-20 07:26:00
I004496,U0473,R0299,visited,5.0,2024-02-08 18:06:00
I004497,U0014,R0259,visited,,2024-08-19 22:07:00
I004498,U0410,R0183,viewed,,2024-12-28 10:52:00
I004499,U0023,R0077,viewed,,2024-03-29 15:15:00
I004500,U0450,R0043,viewed,,2025-01-27 05:36:00
I004501,U0328,R0070,visited,,2024-04-06 00:47:00
I004502,U0317,R0265,viewed,,2024-08-22 16:04:00
I004503,U0006,R0253,saved,,2024-03-09 08:03:00
I004504,U0043,R0113,rated,5.0,2024-06-30 14:36:00
I004505,U0199,R0084,viewed,,2024-03-18 18:51:00
I004506,U0348,R0072,visited,,2025-03-27 21:35:00
I004507,U0381,R0291,saved,,2024-09-01 12:57:00
I004508,U0248,R0111,viewed,,2024-09-27 13:14:00
I004509,U0455,R0106,saved,,2024-11-27 11:02:00
I004510,U0028,R0281,viewed,,2024-11-14 05:23:00
I004511,U0476,R0152,viewed,,2024-10-20 23:18:00
I004512,U0134,R0109,visited,5.0,2024-12-23 05:38:00
I004513,U0022,R0226,saved,,2025-01-25 20:32:00
I004514,U0275,R0108,viewed,,2024-11-08 00:15:00
I004515,U0069,R0048,viewed,,2025-03-02 22:05:00
I004516,U0223,R0225,viewed,,2024-12-20 21:50:00
I004517,U0021,R0143,viewed,,2024-11-24 06:47:00
I004518,U0448,R0054,viewed,,2024-11-26 21:55:00
I004519,U0027,R0276,visited,5.0,2024-04-11 18:03:00
I004520,U0110,R0218,saved,,2024-08-14 11:56:00
I004521,U0253,R0146,visited,,2024-09-22 03:10:00
I004522,U0030,R0235,visited,,2024-04-16 15:34:00
I004523,U0046,R0002,viewed,,2024-03-14 00:32:00
I004524,U0050,R0208,visited,5.0,2024-08-25 11:31:00
I004525,U0361,R0267,rated,5.0,2024-02-28 12:25:00
I004526,U0044,R0289,visited,4.0,2024-05-16 19:03:00
I004527,U0223,R0073,viewed,,2024-08-26 22:53:00
I004528,U0452,R0228,viewed,,2024-06-23 08:49:00
I004529,U0332,R0020,visited,,2024-04-02 16:41:00
I004530,U0155,R0212,saved,,2024-03-13 02:45:00
I004531,U0091,R0120,visited,,2025-02-05 20:19:00
I004532,U0156,R0131,saved,,2024-04-24 21:43:00
I004533,U0225,R0174,saved,,2024-11-04 09:28:00
I004534,U0201,R0111,saved,,2024-11-30 08:11:00
I004535,U0364,R0294,viewed,,2024-10-30 05:41:00
I004536,U0338,R0041,saved,,2024-03-22 03:48:00
I004537,U0417,R0219,saved,,2025-02-24 16:59:00
I004538,U0312,R0210,viewed,,2025-04-01 13:55:00
I004539,U0362,R0159,viewed,,2024-08-03 11:35:00
I004540,U0067,R0296,visited,4.0,2024-11-22 01:40:00
I004541,U0338,R0154,visited,4.0,2024-04-29 18:35:00
I004542,U0012,R0268,viewed,,2024-11-06 16:25:00
I004543,U0094,R0285,saved,,2024-02-09 11:42:00
I004544,U0480,R0104,viewed,,2025-04-01 19:51:00
I004545,U0039,R0184,rated,4.0,2024-11-22 07:58:00
I004546,U0142,R0164,saved,,2024-03-17 19:41:00
I004547,U0381,R0129,saved,,2024-09-17 06:12:00
I004548,U0386,R0158,viewed,,2024-08-22 09:14:00
I004549,U0270,R0069,saved,,2024-07-01 21:03:00
I004550,U0333,R0029,visited,,2024-06-19 10:00:00
I004551,U0018,R0165,saved,,2024-09-04 20:40:00
I004552,U0334,R0113,viewed,,2024-04-21 12:04:00
I004553,U0242,R0144,visited,,2025-03-01 13:47:00
I004554,U0115,R0077,visited,,2024-11-24 08:32:00
I004555,U0136,R0124,viewed,,2024-02-08 14:33:00
I004556,U0083,R0231,visited,,2024-01-31 12:04:00
I004557,U0134,R0201,viewed,,2024-05-10 02:38:00
I004558,U0194,R0157,saved,,2024-02-01 23:37:00
I004559,U0080,R0168,viewed,,2024-04-13 21:21:00
I004560,U0229,R0267,rated,5.0,2024-10-12 15:30:00
I004561,U0001,R0069,visited,,2024-03-03 09:22:00
I004562,U0059,R0099,saved,,2024-01-04 04:34:00
I004563,U0332,R0084,visited,,2025-01-30 13:21:00
I004564,U0093,R0292,saved,,2024-09-02 11:24:00
I004565,U0092,R0233,viewed,,2024-12-11 08:00:00
I004566,U0120,R0157,rated,4.0,2025-01-22 18:15:00
I004567,U0310,R0230,visited,4.0,2024-12-02 09:40:00
I004568,U0481,R0087,viewed,,2024-10-23 08:28:00
I004569,U0018,R0170,viewed,,2025-03-19 12:22:00
I004570,U0393,R0006,saved,,2024-12-01 14:24:00
I004571,U0266,R0231,rated,3.0,2025-01-28 22:33:00
I004572,U0333,R0137,viewed,,2024-10-25 19:44:00
I004573,U0275,R0004,viewed,,2024-09-25 12:44:00
I004574,U0090,R0250,viewed,,2024-08-26 03:07:00
I004575,U0180,R0229,viewed,,2025-02-04 17:05:00
I004576,U0175,R0209,visited,3.0,2025-01-14 15:13:00
I004577,U0330,R0221,rated,5.0,2024-03-29 23:04:00
I004578,U0258,R0071,viewed,,2024-11-18 20:11:00
I004579,U0065,R0132,visited,,2024-10-09 13:28:00
I004580,U0022,R0234,visited,5.0,2024-05-17 16:42:00
I004581,U0293,R0184,viewed,,2024-08-21 17:23:00
I004582,U0355,R0089,viewed,,2024-03-18 19:32:00
I004583,U0115,R0227,viewed,,2024-03-06 09:30:00
I004584,U0171,R0044,visited,,2024-08-18 00:27:00
I004585,U0060,R0108,visited,,2024-06-01 10:15:00
I004586,U0284,R0101,rated,4.0,2024-03-23 11:20:00
I004587,U0046,R0017,viewed,,2024-06-02 22:25:00
I004588,U0306,R0036,visited,,2025-03-10 18:48:00
I004589,U0437,R0230,viewed,,2024-12-25 15:00:00
I004590,U0372,R0065,viewed,,2024-01-22 02:57:00
I004591,U0137,R0111,viewed,,2025-02-15 06:50:00
I004592,U0264,R0118,viewed,,2024-08-02 20:54:00
I004593,U0260,R0060,viewed,,2024-04-09 04:50:00
I004594,U0194,R0012,visited,,2024-03-16 19:39:00
I004595,U0046,R0090,viewed,,2024-04-18 20:48:00
I004596,U0406,R0175,saved,,2024-09-04 17:57:00
I004597,U0069,R0061,visited,2.0,2024-03-18 23:37:00
I004598,U0315,R0259,saved,,2024-11-01 01:06:00
I004599,U0482,R0153,viewed,,2024-08-10 17:48:00
I004600,U0487,R0122,saved,,2025-03-13 00:00:00
I004601,U0443,R0168,visited,,2024-09-23 00:05:00
I004602,U0412,R0103,visited,3.0,2024-05-03 13:00:00
I004603,U0101,R0096,visited,4.0,2024-06-25 08:36:00
I004604,U0171,R0067,rated,3.0,2024-08-30 19:47:00
I004605,U0163,R0292,visited,,2024-10-20 09:34:00
I004606,U0456,R0039,visited,3.0,2024-02-12 10:57:00
I004607,U0150,R0108,visited,,2024-04-10 20:17:00
I004608,U0459,R0253,viewed,,2025-03-11 18:26:00
I004609,U0499,R0015,viewed,,2025-01-29 11:27:00
I004610,U0353,R0277,saved,,2024-11-01 15:02:00
I004611,U0136,R0211,rated,5.0,2024-06-18 10:22:00
I004612,U0050,R0208,saved,,2025-01-02 09:02:00
I004613,U0327,R0231,visited,,2024-02-21 02:58:00
I004614,U0328,R0290,saved,,2024-02-20 20:00:00
I004615,U0348,R0185,rated,3.0,2025-03-02 10:43:00
I004616,U0367,R0022,rated,4.0,2024-11-06 08:09:00
I004617,U0303,R0008,saved,,2024-12-12 21:33:00
I004618,U0301,R0074,visited,,2024-11-20 10:30:00
I004619,U0420,R0279,viewed,,2024-04-19 14:30:00
I004620,U0106,R0043,viewed,,2024-10-09 17:26:00
I004621,U0040,R0097,viewed,,2024-10-30 11:44:00
I004622,U0008,R0164,viewed,,2024-02-21 07:45:00
I004623,U0433,R0198,visited,3.0,2024-05-21 16:52:00
I004624,U0128,R0293,saved,,2024-07-03 13:05:00
I004625,U0140,R0138,viewed,,2025-01-01 22:49:00
I004626,U0063,R0171,viewed,,2024-09-11 13:07:00
I004627,U0211,R0040,viewed,,2025-02-07 13:45:00
I004628,U0289,R0153,rated,3.0,2025-03-08 20:03:00
I004629,U0001,R0040,saved,,2024-04-22 22:01:00
I004630,U0063,R0215,rated,4.0,2024-06-21 11:40:00
I004631,U0332,R0099,viewed,,2024-05-30 07:19:00
I004632,U0090,R0259,viewed,,2024-12-05 19:41:00
I004633,U0463,R0139,saved,,2024-08-11 17:14:00
I004634,U0229,R0252,viewed,,2024-09-13 15:11:00
I004635,U0191,R0299,rated,3.0,2024-06-28 23:29:00
I004636,U0429,R0044,viewed,,2024-10-09 09:37:00
I004637,U0183,R0189,viewed,,2024-05-06 20:20:00
I004638,U0072,R0071,saved,,2024-10-09 09:09:00
I004639,U0136,R0269,visited,4.0,2024-09-30 01:42:00
I004640,U0317,R0039,visited,3.0,2024-06-09 03:41:00
I004641,U0075,R0017,viewed,,2024-09-08 16:48:00
I004642,U0057,R0126,visited,,2024-07-13 04:46:00
I004643,U0191,R0117,viewed,,2024-03-11 08:54:00
I004644,U0034,R0113,viewed,,2024-04-17 02:18:00
I004645,U0095,R0043,visited,,2024-12-13 21:01:00
I004646,U0494,R0191,visited,4.0,2024-03-09 15:30:00
I004647,U0357,R0095,visited,,2025-02-03 09:04:00
I004648,U0403,R0149,visited,4.0,2024-08-16 22:25:00
I004649,U0316,R0145,viewed,,2025-02-03 11:40:00
I004650,U0095,R0066,viewed,,2025-03-28 15:52:00
I004651,U0121,R0071,saved,,2025-02-17 09:14:00
I004652,U0109,R0058,rated,5.0,2024-02-08 13:25:00
I004653,U0379,R0242,viewed,,2025-03-25 13:37:00
I004654,U0250,R0021,viewed,,2024-09-26 22:37:00
I004655,U0061,R0190,visited,3.0,2024-10-25 01:58:00
I004656,U0101,R0254,saved,,2024-09-21 12:00:00
I004657,U0094,R0206,viewed,,2025-03-21 05:46:00
I004658,U0431,R0155,viewed,,2025-01-04 09:45:00
I004659,U0012,R0183,visited,3.0,2025-03-31 15:33:00
I004660,U0133,R0158,viewed,,2025-01-10 15:52:00
I004661,U0088,R0142,saved,,2024-11-07 06:25:00
I004662,U0204,R0235,viewed,,2024-02-08 13:04:00
I004663,U0152,R0229,saved,,2024-08-12 16:47:00
I004664,U0150,R0192,visited,4.0,2024-05-04 20:40:00
I004665,U0425,R0267,viewed,,2024-06-16 09:07:00
I004666,U0142,R0181,viewed,,2024-08-21 20:51:00
I004667,U0324,R0192,viewed,,2024-01-11 02:31:00
I004668,U0135,R0054,viewed,,2024-06-28 18:11:00
I004669,U0284,R0183,saved,,2024-05-12 01:23:00
I004670,U0469,R0084,visited,,2024-05-27 20:34:00
I004671,U0182,R0221,visited,,2024-03-20 23:17:00
I004672,U0111,R0225,saved,,2024-03-10 04:01:00
I004673,U0095,R0066,viewed,,2024-08-02 09:57:00
I004674,U0293,R0208,viewed,,2024-06-23 05:45:00
I004675,U0263,R0237,saved,,2024-08-19 07:28:00
I004676,U0088,R0192,saved,,2024-03-23 03:47:00
I004677,U0217,R0178,visited,5.0,2024-11-17 03:43:00
I004678,U0267,R0130,viewed,,2024-04-21 12:16:00
I004679,U0298,R0136,visited,5.0,2024-01-18 21:10:00
I004680,U0211,R0074,saved,,2025-03-04 11:07:00
I004681,U0357,R0239,saved,,2024-08-30 18:50:00
I004682,U0092,R0296,viewed,,2024-08-08 11:14:00
I004683,U0042,R0139,saved,,2024-04-01 05:02:00
I004684,U0024,R0234,viewed,,2024-10-14 14:16:00
I004685,U0250,R0151,saved,,2024-01-17 02:31:00
I004686,U0265,R0030,viewed,,2024-04-15 01:41:00
I004687,U0272,R0114,rated,5.0,2024-03-16 06:29:00
I004688,U0253,R0172,viewed,,2024-09-25 00:25:00
I004689,U0335,R0124,saved,,2024-10-08 21:39:00
I004690,U0205,R0282,viewed,,2025-03-08 03:59:00
I004691,U0479,R0087,viewed,,2025-01-15 11:20:00
I004692,U0324,R0160,visited,4.0,2024-10-28 18:30:00
I004693,U0029,R0068,rated,4.0,2024-12-09 12:04:00
I004694,U0382,R0018,saved,,2024-02-07 01:09:00
I004695,U0333,R0188,viewed,,2025-01-18 01:48:00
I004696,U0408,R0136,viewed,,2024-01-17 05:39:00
I004697,U0339,R0213,rated,3.0,2024-06-18 00:13:00
I004698,U0165,R0212,rated,5.0,2024-05-01 14:52:00
I004699,U0096,R0141,viewed,,2024-06-15 12:00:00
I004700,U0044,R0300,rated,3.0,2024-06-12 12:46:00
I004701,U0037,R0060,visited,4.0,2024-04-02 11:38:00
I004702,U0092,R0298,saved,,2024-03-12 04:08:00
I004703,U0127,R0280,saved,,2024-06-18 15:59:00
I004704,U0200,R0045,viewed,,2024-09-05 05:10:00
I004705,U0449,R0121,viewed,,2024-10-26 17:13:00
I004706,U0121,R0145,viewed,,2025-02-20 06:30:00
I004707,U0262,R0112,saved,,2024-06-29 20:36:00
I004708,U0094,R0200,viewed,,2024-11-25 16:01:00
I004709,U0027,R0013,visited,,2024-07-05 00:39:00
I004710,U0009,R0144,viewed,,2024-03-20 17:02:00
I004711,U0121,R0114,viewed,,2024-03-13 21:07:00
I004712,U0111,R0242,rated,3.0,2024-09-12 18:14:00
I004713,U0448,R0293,viewed,,2025-02-25 13:47:00
I004714,U0262,R0110,viewed,,2024-12-13 15:11:00
I004715,U0409,R0264,rated,4.0,2025-02-28 11:39:00
I004716,U0341,R0257,saved,,2025-02-23 00:38:00
I004717,U0119,R0202,visited,,2025-02-02 09:21:00
I004718,U0425,R0066,viewed,,2024-05-12 04:24:00
I004719,U0354,R0248,visited,3.0,2024-06-10 11:15:00
I004720,U0075,R0164,viewed,,2024-11-12 18:12:00
I004721,U0465,R0227,viewed,,2024-12-26 21:25:00
I004722,U0174,R0036,saved,,2024-03-29 09:53:00
I004723,U0465,R0246,visited,,2024-04-18 04:42:00
I004724,U0002,R0233,saved,,2024-03-01 18:45:00
I004725,U0045,R0276,viewed,,2024-07-05 01:49:00
I004726,U0211,R0112,saved,,2025-03-15 16:21:00
I004727,U0481,R0298,rated,5.0,2024-07-13 13:37:00
I004728,U0227,R0208,viewed,,2024-04-11 12:17:00
I004729,U0157,R0293,rated,3.0,2024-06-26 21:06:00
I004730,U0434,R0149,saved,,2025-01-12 08:12:00
I004731,U0080,R0221,viewed,,2024-08-28 08:45:00
I004732,U0462,R0140,viewed,,2025-03-15 05:43:00
I004733,U0056,R0246,viewed,,2024-12-08 23:55:00
I004734,U0411,R0296,viewed,,2024-08-15 06:06:00
I004735,U0233,R0168,saved,,2024-10-29 11:34:00
I004736,U0122,R0287,saved,,2024-04-15 07:10:00
I004737,U0243,R0052,saved,,2025-01-11 10:05:00
I004738,U0495,R0112,saved,,2024-04-13 21:45:00
I004739,U0151,R0116,viewed,,2024-02-09 19:43:00
I004740,U0101,R0179,saved,,2024-12-25 11:55:00
I004741,U0134,R0109,visited,,2024-03-26 10:19:00
I004742,U0353,R0076,visited,5.0,2024-11-26 18:57:00
I004743,U0372,R0131,saved,,2024-01-22 05:59:00
I004744,U0061,R0286,rated,2.0,2024-02-21 18:42:00
I004745,U0151,R0101,viewed,,2024-05-07 23:26:00
I004746,U0174,R0052,visited,,2024-02-26 07:26:00
I004747,U0042,R0221,visited,5.0,2024-05-03 07:28:00
I004748,U0133,R0248,visited,,2024-07-10 07:51:00
I004749,U0040,R0090,saved,,2025-02-21 19:19:00
I004750,U0199,R0231,saved,,2024-08-16 04:54:00
I004751,U0027,R0140,viewed,,2024-11-09 06:04:00
I004752,U0456,R0228,rated,2.0,2024-08-19 10:47:00
I004753,U0354,R0286,viewed,,2024-05-12 00:56:00
I004754,U0074,R0187,visited,,2024-06-20 10:51:00
I004755,U0001,R0134,viewed,,2024-02-27 09:45:00
I004756,U0463,R0140,saved,,2024-08-26 04:54:00
I004757,U0194,R0245,viewed,,2024-08-02 18:40:00
I004758,U0030,R0298,viewed,,2024-07-01 21:48:00
I004759,U0032,R0181,saved,,2025-01-09 01:13:00
I004760,U0096,R0098,viewed,,2024-11-12 19:27:00
I004761,U0249,R0263,visited,2.0,2024-07-02 17:44:00
I004762,U0239,R0210,viewed,,2024-07-19 22:51:00
I004763,U0337,R0295,saved,,2024-11-27 22:17:00
I004764,U0101,R0216,viewed,,2024-02-19 02:29:00
I004765,U0414,R0025,visited,,2024-09-14 21:08:00
I004766,U0311,R0135,saved,,2025-02-14 01:38:00
I004767,U0267,R0171,saved,,2024-03-03 14:37:00
I004768,U0467,R0037,viewed,,2025-03-23 01:37:00
I004769,U0017,R0159,rated,4.0,2024-03-22 23:42:00
I004770,U0239,R0011,viewed,,2024-08-24 13:24:00
I004771,U0479,R0119,viewed,,2024-12-03 14:36:00
I004772,U0416,R0251,saved,,2024-01-01 18:01:00
I004773,U0145,R0012,visited,,2024-05-23 13:06:00
I004774,U0186,R0022,saved,,2024-02-02 15:03:00
I004775,U0072,R0027,rated,4.0,2024-02-15 22:13:00
I004776,U0317,R0015,visited,3.0,2024-02-02 23:05:00
I004777,U0156,R0226,saved,,2025-03-09 14:11:00
I004778,U0316,R0293,viewed,,2024-07-08 10:08:00
I004779,U0356,R0015,rated,3.0,2024-09-10 11:30:00
I004780,U0360,R0150,visited,4.0,2024-03-10 12:14:00
I004781,U0158,R0213,saved,,2024-01-22 06:45:00
I004782,U0149,R0288,viewed,,2024-03-11 09:05:00
I004783,U0107,R0022,saved,,2024-07-26 21:49:00
I004784,U0022,R0104,saved,,2024-05-04 09:59:00
I004785,U0361,R0233,visited,4.0,2024-02-21 20:54:00
I004786,U0273,R0082,viewed,,2024-01-09 13:42:00
I004787,U0097,R0292,viewed,,2024-09-27 12:29:00
I004788,U0326,R0267,viewed,,2025-02-16 00:34:00
I004789,U0411,R0032,visited,,2024-10-12 07:56:00
I004790,U0072,R0183,visited,4.0,2024-07-02 13:19:00
I004791,U0311,R0097,rated,5.0,2024-08-19 22:11:00
I004792,U0268,R0201,rated,4.0,2024-12-25 12:10:00
I004793,U0496,R0074,viewed,,2024-11-20 11:39:00
I004794,U0039,R0134,saved,,2024-11-03 20:01:00
I004795,U0336,R0098,visited,,2024-09-23 12:39:00
I004796,U0124,R0175,rated,3.0,2025-02-04 02:01:00
I004797,U0197,R0247,viewed,,2024-09-23 05:28:00
I004798,U0296,R0200,saved,,2024-12-26 05:15:00
I004799,U0014,R0038,visited,,2024-12-24 22:59:00
I004800,U0003,R0229,viewed,,2025-02-12 23:52:00
I004801,U0348,R0069,rated,4.0,2024-08-19 14:21:00
I004802,U0316,R0028,saved,,2025-01-18 20:38:00
I004803,U0481,R0272,viewed,,2024-04-16 05:00:00
I004804,U0354,R0141,viewed,,2024-11-23 15:08:00
I004805,U0261,R0035,viewed,,2025-01-20 19:29:00
I004806,U0453,R0059,viewed,,2024-01-29 20:03:00
I004807,U0478,R0109,viewed,,2024-04-02 05:22:00
I004808,U0053,R0240,viewed,,2024-09-29 19:39:00
I004809,U0251,R0147,viewed,,2024-04-16 06:19:00
I004810,U0178,R0288,saved,,2024-07-07 12:59:00
I004811,U0180,R0204,saved,,2024-03-28 19:59:00
I004812,U0039,R0153,visited,,2024-08-06 06:48:00
I004813,U0422,R0090,viewed,,2024-05-29 16:22:00
I004814,U0255,R0224,viewed,,2024-12-05 10:43:00
I004815,U0374,R0298,saved,,2024-06-21 02:06:00
I004816,U0432,R0170,viewed,,2024-06-07 05:27:00
I004817,U0256,R0183,visited,5.0,2025-02-01 09:44:00
I004818,U0355,R0200,saved,,2025-02-23 05:32:00
I004819,U0053,R0214,viewed,,2024-01-01 20:40:00
I004820,U0084,R0015,saved,,2024-06-20 05:07:00
I004821,U0370,R0145,visited,,2025-03-25 04:57:00
I004822,U0253,R0194,rated,3.0,2024-02-19 09:32:00
I004823,U0050,R0068,rated,5.0,2024-05-21 11:48:00
I004824,U0460,R0117,visited,5.0,2024-11-07 20:53:00
I004825,U0473,R0174,visited,,2024-12-13 10:05:00
I004826,U0063,R0041,saved,,2024-05-02 06:27:00
I004827,U0232,R0138,visited,3.0,2024-09-08 11:49:00
I004828,U0267,R0107,visited,5.0,2024-11-03 23:17:00
I004829,U0087,R0046,viewed,,2024-01-09 21:32:00
I004830,U0449,R0264,saved,,2024-07-27 10:17:00
I004831,U0281,R0227,saved,,2024-12-27 11:19:00
I004832,U0297,R0195,viewed,,2025-03-15 21:25:00
I004833,U0418,R0052,viewed,,2025-02-07 17:13:00
I004834,U0402,R0185,saved,,2024-03-22 15:29:00
I004835,U0331,R0092,viewed,,2024-01-06 05:45:00
I004836,U0337,R0071,saved,,2025-03-20 08:23:00
I004837,U0301,R0197,saved,,2025-02-03 15:13:00
I004838,U0475,R0217,viewed,,2024-10-17 16:44:00
I004839,U0323,R0045,viewed,,2025-02-11 15:39:00
I004840,U0167,R0082,viewed,,2024-04-30 05:17:00
I004841,U0042,R0227,saved,,2025-01-23 03:09:00
I004842,U0309,R0214,saved,,2024-09-05 19:41:00
I004843,U0021,R0263,viewed,,2024-03-29 05:47:00
I004844,U0093,R0028,viewed,,2024-12-03 22:15:00
I004845,U0442,R0163,viewed,,2025-02-01 17:06:00
I004846,U0303,R0009,saved,,2024-11-19 05:32:00
I004847,U0151,R0085,saved,,2024-09-12 01:45:00
I004848,U0403,R0049,viewed,,2024-05-21 06:16:00
I004849,U0267,R0059,viewed,,2025-01-24 05:03:00
I004850,U0207,R0090,viewed,,2024-08-19 00:40:00
I004851,U0028,R0214,viewed,,2024-02-24 04:17:00
I004852,U0110,R0200,visited,5.0,2024-12-22 07:56:00
I004853,U0371,R0171,visited,3.0,2024-05-18 08:59:00
I004854,U0353,R0297,visited,,2024-02-12 16:18:00
I004855,U0132,R0183,visited,,2025-01-11 19:28:00
I004856,U0073,R0181,visited,,2025-01-25 01:18:00
I004857,U0230,R0185,saved,,2024-10-27 00:16:00
I004858,U0447,R0146,viewed,,2024-12-21 11:31:00
I004859,U0159,R0265,viewed,,2024-06-11 05:20:00
I004860,U0069,R0262,visited,,2024-06-01 12:20:00
I004861,U0360,R0256,viewed,,2024-11-11 06:31:00
I004862,U0249,R0248,viewed,,2025-02-01 14:47:00
I004863,U0063,R0186,viewed,,2024-05-11 03:10:00
I004864,U0141,R0051,viewed,,2024-04-02 07:55:00
I004865,U0023,R0228,viewed,,2024-09-04 11:13:00
I004866,U0422,R0245,saved,,2025-03-14 13:15:00
I004867,U0474,R0286,visited,,2024-08-21 06:14:00
I004868,U0490,R0191,rated,3.0,2024-09-28 10:58:00
I004869,U0484,R0116,viewed,,2024-11-05 08:51:00
I004870,U0353,R0297,rated,4.0,2024-02-17 16:07:00
I004871,U0309,R0139,viewed,,2025-02-22 22:35:00
I004872,U0329,R0002,viewed,,2024-12-02 18:47:00
I004873,U0336,R0164,visited,3.0,2024-05-25 18:43:00
I004874,U0111,R0095,viewed,,2024-04-10 20:49:00
I004875,U0495,R0236,viewed,,2024-04-23 04:18:00
I004876,U0332,R0117,viewed,,2025-02-11 21:31:00
I004877,U0392,R0088,viewed,,2024-05-02 18:47:00
I004878,U0015,R0249,viewed,,2024-03-26 11:31:00
I004879,U0222,R0040,viewed,,2024-02-27 18:32:00
I004880,U0429,R0092,viewed,,2024-05-23 09:41:00
I004881,U0320,R0185,viewed,,2024-07-15 18:37:00
I004882,U0322,R0040,visited,,2024-02-13 02:59:00
I004883,U0451,R0274,saved,,2024-05-31 00:48:00
I004884,U0074,R0239,viewed,,2024-12-06 04:14:00
I004885,U0050,R0200,rated,3.0,2024-07-07 02:01:00
I004886,U0018,R0010,visited,,2024-06-27 15:55:00
I004887,U0188,R0258,viewed,,2025-03-16 01:59:00
I004888,U0091,R0055,visited,,2024-04-08 13:12:00
I004889,U0170,R0058,saved,,2024-09-23 01:47:00
I004890,U0369,R0045,visited,2.0,2024-01-13 11:02:00
I004891,U0419,R0143,saved,,2024-02-09 13:38:00
I004892,U0461,R0028,viewed,,2024-06-30 23:59:00
I004893,U0437,R0145,visited,,2024-05-10 13:27:00
I004894,U0065,R0086,visited,4.0,2024-09-09 09:41:00
I004895,U0226,R0007,viewed,,2025-01-19 10:10:00
I004896,U0388,R0074,saved,,2024-12-20 01:23:00
I004897,U0306,R0219,rated,3.0,2024-07-06 09:38:00
I004898,U0231,R0273,viewed,,2024-09-03 02:39:00
I004899,U0432,R0204,saved,,2024-05-28 16:39:00
I004900,U0249,R0114,visited,5.0,2024-07-13 10:15:00
I004901,U0095,R0048,visited,,2024-12-15 10:17:00
I004902,U0416,R0094,viewed,,2024-01-12 21:47:00
I004903,U0213,R0281,rated,3.0,2024-05-03 10:33:00
I004904,U0390,R0248,viewed,,2024-05-29 05:40:00
I004905,U0435,R0156,viewed,,2025-02-12 15:20:00
I004906,U0207,R0264,rated,4.0,2025-03-29 21:33:00
I004907,U0247,R0093,saved,,2025-01-23 16:06:00
I004908,U0171,R0272,visited,,2024-09-24 21:49:00
I004909,U0474,R0134,viewed,,2024-11-04 07:43:00
I004910,U0212,R0247,visited,,2024-10-30 04:29:00
I004911,U0173,R0088,visited,5.0,2024-01-05 23:09:00
I004912,U0329,R0198,viewed,,2025-01-27 17:54:00
I004913,U0249,R0180,viewed,,2025-02-21 05:02:00
I004914,U0114,R0011,viewed,,2024-07-27 08:50:00
I004915,U0426,R0148,viewed,,2024-08-06 15:20:00
I004916,U0272,R0008,rated,3.0,2024-04-23 04:45:00
I004917,U0137,R0021,viewed,,2024-02-09 06:56:00
I004918,U0249,R0015,viewed,,2024-05-15 13:53:00
I004919,U0244,R0120,rated,5.0,2024-02-24 13:51:00
I004920,U0293,R0074,saved,,2024-09-08 09:26:00
I004921,U0475,R0025,viewed,,2024-07-23 20:38:00
I004922,U0237,R0029,viewed,,2024-07-08 20:43:00
I004923,U0353,R0204,visited,,2024-07-12 03:00:00
I004924,U0416,R0233,saved,,2025-02-28 00:06:00
I004925,U0068,R0060,viewed,,2025-02-28 06:55:00
I004926,U0433,R0019,rated,4.0,2024-02-09 17:58:00
I004927,U0469,R0238,visited,,2024-02-03 01:53:00
I004928,U0057,R0145,viewed,,2025-02-09 13:14:00
I004929,U0381,R0078,saved,,2024-05-11 04:58:00
I004930,U0198,R0063,viewed,,2024-02-02 15:01:00
I004931,U0305,R0200,viewed,,2024-03-21 22:17:00
I004932,U0043,R0266,rated,2.0,2024-06-15 08:40:00
I004933,U0269,R0026,viewed,,2024-06-25 19:53:00
I004934,U0498,R0169,visited,5.0,2024-05-08 20:49:00
I004935,U0071,R0215,rated,4.0,2024-04-01 07:07:00
I004936,U0327,R0067,viewed,,2024-09-25 13:28:00
I004937,U0218,R0237,viewed,,2024-03-26 05:32:00
I004938,U0256,R0100,viewed,,2025-03-03 09:39:00
I004939,U0222,R0118,saved,,2024-07-16 13:25:00
I004940,U0327,R0022,saved,,2024-03-03 13:19:00
I004941,U0421,R0168,rated,4.0,2024-06-13 20:32:00
I004942,U0237,R0061,visited,,2024-02-26 11:12:00
I004943,U0131,R0086,rated,4.0,2024-04-18 20:53:00
I004944,U0238,R0111,saved,,2024-03-29 14:49:00
I004945,U0353,R0157,viewed,,2024-01-31 06:57:00
I004946,U0120,R0197,saved,,2025-04-01 18:18:00
I004947,U0184,R0104,visited,,2024-04-20 04:15:00
I004948,U0157,R0171,saved,,2024-07-17 13:32:00
I004949,U0315,R0281,viewed,,2025-02-18 20:29:00
I004950,U0328,R0204,saved,,2024-07-06 21:29:00
I004951,U0247,R0005,saved,,2024-02-15 03:59:00
I004952,U0271,R0056,rated,5.0,2024-04-18 02:22:00
I004953,U0125,R0140,viewed,,2024-07-02 17:29:00
I004954,U0449,R0208,saved,,2024-02-02 12:12:00
I004955,U0187,R0012,viewed,,2025-01-15 19:48:00
I004956,U0403,R0071,visited,4.0,2024-12-01 19:35:00
I004957,U0425,R0048,saved,,2025-03-13 08:18:00
I004958,U0114,R0008,viewed,,2024-04-25 04:48:00
I004959,U0290,R0149,saved,,2024-11-17 06:35:00
I004960,U0005,R0270,visited,,2025-03-22 12:51:00
I004961,U0228,R0214,visited,5.0,2024-06-07 07:05:00
I004962,U0383,R0032,viewed,,2024-11-01 16:55:00
I004963,U0494,R0096,visited,2.0,2024-04-23 00:50:00
I004964,U0455,R0058,viewed,,2025-01-10 06:53:00
I004965,U0146,R0243,saved,,2024-10-25 09:31:00
I004966,U0450,R0173,viewed,,2024-10-28 15:51:00
I004967,U0422,R0083,saved,,2024-11-06 14:58:00
I004968,U0279,R0092,saved,,2024-06-23 11:44:00
I004969,U0481,R0144,viewed,,2024-02-27 09:40:00
I004970,U0303,R0205,saved,,2025-03-04 15:28:00
I004971,U0375,R0005,saved,,2024-03-06 20:22:00
I004972,U0250,R0112,rated,4.0,2024-03-21 09:23:00
I004973,U0378,R0060,viewed,,2024-09-08 07:42:00
I004974,U0427,R0289,viewed,,2024-02-14 10:27:00
I004975,U0244,R0036,viewed,,2024-06-14 21:56:00
I004976,U0312,R0111,visited,,2024-10-26 02:58:00
I004977,U0082,R0248,viewed,,2024-05-23 06:43:00
I004978,U0079,R0242,viewed,,2024-04-23 12:42:00
I004979,U0226,R0071,saved,,2025-03-16 23:22:00
I004980,U0290,R0141,viewed,,2025-02-24 18:15:00
I004981,U0043,R0045,saved,,2024-12-28 17:20:00
I004982,U0160,R0015,saved,,2024-03-05 03:33:00
I004983,U0385,R0210,viewed,,2024-07-08 23:07:00
I004984,U0075,R0046,visited,2.0,2024-12-21 01:53:00
I004985,U0264,R0225,saved,,2024-09-18 09:43:00
I004986,U0165,R0139,rated,4.0,2024-01-16 00:29:00
I004987,U0418,R0231,visited,3.0,2024-11-27 09:57:00
I004988,U0257,R0108,viewed,,2025-01-22 05:56:00
I004989,U0101,R0021,rated,4.0,2024-08-25 22:32:00
I004990,U0417,R0195,viewed,,2024-01-30 05:52:00
I004991,U0465,R0173,saved,,2024-07-14 13:27:00
I004992,U0345,R0183,visited,,2024-08-06 02:03:00
I004993,U0377,R0108,saved,,2024-05-10 15:17:00
I004994,U0133,R0033,viewed,,2024-12-11 08:12:00
I004995,U0264,R0108,saved,,2024-07-17 01:00:00
I004996,U0352,R0080,viewed,,2024-02-24 12:40:00
I004997,U0298,R0075,saved,,2024-09-16 18:36:00
I004998,U0414,R0113,rated,5.0,2024-11-08 17:30:00
I004999,U0449,R0066,viewed,,2024-02-19 16:04:00
I005000,U0382,R0005,viewed,,2024-09-23 13:45:00
I005001,U0065,R0211,saved,,2024-02-14 10:08:00
I005002,U0352,R0266,saved,,2024-02-24 12:55:00
I005003,U0103,R0040,visited,,2024-08-23 09:36:00
I005004,U0126,R0060,viewed,,2025-02-10 23:31:00
I005005,U0127,R0252,viewed,,2024-02-17 16:56:00
I005006,U0066,R0165,visited,,2024-06-21 03:24:00
I005007,U0120,R0171,viewed,,2024-07-24 00:45:00
I005008,U0213,R0259,viewed,,2024-11-26 23:18:00
I005009,U0220,R0162,viewed,,2024-03-13 03:32:00
I005010,U0434,R0251,rated,4.0,2024-12-03 05:06:00
I005011,U0180,R0030,viewed,,2024-02-03 06:19:00
I005012,U0392,R0195,visited,,2024-06-14 22:26:00
I005013,U0405,R0137,visited,4.0,2024-06-06 02:10:00
I005014,U0266,R0128,visited,3.0,2024-07-07 14:52:00
I005015,U0196,R0188,viewed,,2024-12-31 01:56:00
I005016,U0226,R0250,viewed,,2024-02-18 01:55:00
I005017,U0377,R0287,visited,,2025-01-18 03:33:00
I005018,U0112,R0141,saved,,2024-06-20 23:48:00
I005019,U0262,R0094,saved,,2025-03-27 15:12:00
I005020,U0469,R0028,saved,,2024-08-11 12:25:00
I005021,U0451,R0183,saved,,2024-02-13 03:18:00
I005022,U0448,R0045,rated,3.0,2025-03-07 09:26:00
I005023,U0439,R0218,visited,,2024-09-25 09:09:00
I005024,U0010,R0011,visited,,2024-06-18 01:41:00
I005025,U0469,R0072,viewed,,2025-01-21 05:02:00
I005026,U0115,R0111,visited,4.0,2024-07-10 15:27:00
I005027,U0028,R0128,visited,,2025-03-17 22:04:00
I005028,U0499,R0291,saved,,2024-09-01 01:19:00
I005029,U0396,R0163,rated,5.0,2024-10-04 14:25:00
I005030,U0291,R0230,visited,5.0,2024-11-21 06:21:00
I005031,U0035,R0144,rated,4.0,2024-03-02 11:47:00
I005032,U0366,R0186,visited,4.0,2024-01-26 01:33:00
I005033,U0022,R0160,rated,4.0,2025-03-20 05:17:00
I005034,U0054,R0231,saved,,2024-05-08 05:56:00
I005035,U0112,R0040,rated,4.0,2024-03-17 09:04:00
I005036,U0150,R0226,saved,,2024-09-03 12:10:00
I005037,U0402,R0241,rated,3.0,2025-02-21 23:46:00
I005038,U0493,R0091,visited,,2024-09-10 08:34:00
I005039,U0393,R0069,saved,,2024-02-14 15:49:00
I005040,U0252,R0291,viewed,,2024-03-14 08:43:00
I005041,U0031,R0141,rated,5.0,2024-11-14 13:44:00
I005042,U0330,R0164,saved,,2024-03-28 15:05:00
I005043,U0142,R0180,rated,5.0,2024-06-11 22:34:00
I005044,U0473,R0110,viewed,,2025-01-19 14:29:00
I005045,U0050,R0238,viewed,,2024-10-29 18:12:00
I005046,U0438,R0045,saved,,2024-09-01 00:42:00
I005047,U0001,R0066,viewed,,2025-03-17 13:49:00
I005048,U0083,R0142,viewed,,2024-09-15 09:12:00
I005049,U0001,R0006,viewed,,2024-09-13 20:48:00
I005050,U0440,R0207,viewed,,2024-12-16 06:30:00
I005051,U0134,R0215,viewed,,2024-09-15 03:14:00
I005052,U0067,R0077,rated,3.0,2024-07-08 00:16:00
I005053,U0039,R0071,viewed,,2025-01-20 07:44:00
I005054,U0002,R0293,visited,2.0,2025-01-13 20:41:00
I005055,U0228,R0119,saved,,2024-03-18 21:27:00
I005056,U0217,R0091,saved,,2024-09-08 14:27:00
I005057,U0078,R0258,rated,2.0,2024-02-01 01:09:00
I005058,U0433,R0271,visited,5.0,2024-08-23 20:37:00
I005059,U0314,R0104,viewed,,2024-04-10 16:28:00
I005060,U0272,R0077,viewed,,2024-08-17 06:35:00
I005061,U0053,R0194,saved,,2024-05-07 10:02:00
I005062,U0252,R0121,rated,4.0,2024-04-29 23:40:00
I005063,U0185,R0069,saved,,2024-01-13 12:33:00
I005064,U0131,R0207,viewed,,2024-04-16 09:11:00
I005065,U0305,R0180,viewed,,2024-03-19 23:09:00
I005066,U0210,R0223,viewed,,2024-01-29 14:25:00
I005067,U0118,R0247,rated,2.0,2024-11-07 01:22:00
I005068,U0334,R0296,visited,,2025-02-07 18:57:00
I005069,U0292,R0117,viewed,,2024-12-20 15:17:00
I005070,U0022,R0218,viewed,,2024-07-17 03:03:00
I005071,U0364,R0121,viewed,,2024-10-11 22:30:00
I005072,U0042,R0109,viewed,,2024-07-23 07:23:00
I005073,U0498,R0242,viewed,,2025-03-10 06:38:00
I005074,U0282,R0179,viewed,,2024-07-22 21:44:00
I005075,U0268,R0166,viewed,,2024-10-10 21:45:00
I005076,U0154,R0117,rated,4.0,2024-06-30 16:49:00
I005077,U0448,R0005,saved,,2024-10-28 16:27:00
I005078,U0223,R0292,visited,5.0,2025-02-12 10:44:00
I005079,U0009,R0168,viewed,,2024-01-15 09:32:00
I005080,U0177,R0250,saved,,2024-05-26 10:15:00
I005081,U0201,R0052,visited,,2024-10-20 19:40:00
I005082,U0228,R0234,viewed,,2024-12-23 13:19:00
I005083,U0122,R0018,viewed,,2024-03-10 14:49:00
I005084,U0125,R0276,rated,4.0,2024-02-25 08:22:00
I005085,U0305,R0006,viewed,,2025-04-01 02:09:00
I005086,U0390,R0020,visited,4.0,2024-07-25 19:54:00
I005087,U0178,R0292,saved,,2024-12-04 05:55:00
I005088,U0109,R0093,viewed,,2024-10-01 19:19:00
I005089,U0144,R0043,visited,,2024-07-10 20:05:00
I005090,U0466,R0229,saved,,2024-04-16 01:15:00
I005091,U0283,R0041,saved,,2024-10-27 01:30:00
I005092,U0363,R0034,visited,,2024-07-29 03:41:00
I005093,U0266,R0249,saved,,2024-09-14 20:07:00
I005094,U0075,R0036,viewed,,2024-08-13 16:37:00
I005095,U0493,R0121,saved,,2024-10-09 09:03:00
I005096,U0185,R0074,visited,5.0,2025-03-18 01:35:00
I005097,U0293,R0050,viewed,,2024-05-14 22:46:00
I005098,U0271,R0291,viewed,,2024-10-09 02:35:00
I005099,U0499,R0140,viewed,,2025-03-23 07:34:00
I005100,U0158,R0236,rated,4.0,2024-09-12 20:54:00
I005101,U0157,R0272,viewed,,2024-07-13 04:14:00
I005102,U0447,R0056,visited,5.0,2025-03-31 21:49:00
I005103,U0027,R0214,visited,4.0,2025-03-04 01:54:00
I005104,U0425,R0185,saved,,2024-01-11 16:54:00
I005105,U0220,R0169,visited,4.0,2025-02-15 15:36:00
I005106,U0475,R0158,viewed,,2024-03-18 18:53:00
I005107,U0167,R0079,saved,,2025-02-01 18:46:00
I005108,U0010,R0064,viewed,,2025-02-04 08:31:00
I005109,U0037,R0158,saved,,2024-04-26 05:05:00
I005110,U0298,R0026,saved,,2025-01-25 21:08:00
I005111,U0121,R0249,rated,5.0,2024-10-09 03:50:00
I005112,U0113,R0128,visited,,2024-02-20 08:23:00
I005113,U0084,R0128,visited,,2024-04-16 09:24:00
I005114,U0093,R0264,saved,,2025-02-15 11:26:00
I005115,U0465,R0283,saved,,2024-01-18 23:42:00
I005116,U0021,R0017,viewed,,2024-10-11 18:42:00
I005117,U0180,R0111,saved,,2025-03-02 11:55:00
I005118,U0437,R0161,visited,,2025-01-17 10:29:00
I005119,U0277,R0055,viewed,,2024-09-03 14:39:00
I005120,U0139,R0219,visited,,2024-06-23 08:07:00
I005121,U0233,R0048,visited,,2024-07-05 13:53:00
I005122,U0073,R0203,viewed,,2024-07-04 09:54:00
I005123,U0121,R0205,rated,3.0,2024-09-11 13:27:00
I005124,U0409,R0068,visited,5.0,2024-08-07 05:11:00
I005125,U0050,R0160,viewed,,2024-09-21 07:25:00
I005126,U0043,R0103,rated,4.0,2024-06-25 13:07:00
I005127,U0460,R0003,viewed,,2024-08-31 06:19:00
I005128,U0296,R0099,rated,3.0,2024-04-26 19:56:00
I005129,U0413,R0057,saved,,2024-11-08 22:55:00
I005130,U0209,R0286,viewed,,2024-09-24 17:21:00
I005131,U0271,R0230,viewed,,2025-03-19 14:12:00
I005132,U0313,R0245,saved,,2024-02-23 23:31:00
I005133,U0029,R0198,visited,,2024-05-14 04:21:00
I005134,U0064,R0045,visited,3.0,2024-06-09 02:37:00
I005135,U0460,R0065,viewed,,2024-03-07 16:27:00
I005136,U0025,R0195,visited,3.0,2024-06-15 06:15:00
I005137,U0196,R0049,visited,4.0,2024-12-16 09:04:00
I005138,U0180,R0243,saved,,2024-09-22 08:00:00
I005139,U0371,R0046,viewed,,2024-09-08 16:04:00
I005140,U0294,R0192,viewed,,2024-06-02 11:06:00
I005141,U0160,R0299,viewed,,2025-03-14 22:41:00
I005142,U0490,R0240,visited,,2025-03-08 16:03:00
I005143,U0274,R0132,viewed,,2025-03-29 02:24:00
I005144,U0424,R0277,viewed,,2024-08-27 22:10:00
I005145,U0310,R0017,viewed,,2024-06-08 23:59:00
I005146,U0198,R0142,viewed,,2024-01-12 21:00:00
I005147,U0194,R0002,saved,,2024-03-04 21:39:00
I005148,U0315,R0025,rated,4.0,2024-09-02 07:13:00
I005149,U0028,R0015,saved,,2024-07-12 07:45:00
I005150,U0072,R0234,viewed,,2024-09-11 07:53:00
I005151,U0219,R0166,visited,5.0,2024-11-28 12:56:00
I005152,U0134,R0238,viewed,,2025-03-07 04:10:00
I005153,U0215,R0188,viewed,,2025-02-10 11:55:00
I005154,U0050,R0100,saved,,2024-11-10 18:27:00
I005155,U0152,R0075,visited,,2025-01-01 00:39:00
I005156,U0288,R0235,viewed,,2024-01-06 22:20:00
I005157,U0199,R0149,viewed,,2024-11-10 02:44:00
I005158,U0089,R0220,saved,,2024-10-03 20:36:00
I005159,U0338,R0094,viewed,,2024-04-14 11:54:00
I005160,U0288,R0290,viewed,,2024-11-24 15:17:00
I005161,U0445,R0249,saved,,2024-11-14 14:29:00
I005162,U0104,R0275,viewed,,2024-08-04 11:49:00
I005163,U0377,R0002,viewed,,2024-02-06 07:14:00
I005164,U0349,R0135,saved,,2025-01-12 16:13:00
I005165,U0423,R0172,saved,,2024-06-18 14:18:00
I005166,U0289,R0260,visited,,2025-03-29 16:12:00
I005167,U0288,R0066,visited,5.0,2024-01-19 19:54:00
I005168,U0478,R0174,viewed,,2024-02-02 15:12:00
I005169,U0131,R0241,viewed,,2025-02-03 10:26:00
I005170,U0457,R0054,viewed,,2024-02-09 01:51:00
I005171,U0110,R0011,visited,,2024-04-17 18:21:00
I005172,U0493,R0187,viewed,,2025-02-20 13:38:00
I005173,U0263,R0115,viewed,,2024-06-30 08:06:00
I005174,U0212,R0066,viewed,,2024-04-13 15:06:00
I005175,U0173,R0019,viewed,,2024-11-12 12:31:00
I005176,U0279,R0226,viewed,,2024-01-17 02:43:00
I005177,U0052,R0107,viewed,,2024-04-05 06:58:00
I005178,U0090,R0202,visited,4.0,2024-11-08 21:02:00
I005179,U0437,R0175,saved,,2024-05-06 05:12:00
I005180,U0151,R0175,viewed,,2024-10-13 23:30:00
I005181,U0224,R0083,viewed,,2024-04-03 06:21:00
I005182,U0220,R0146,saved,,2024-04-29 00:39:00
I005183,U0288,R0224,saved,,2024-07-19 18:36:00
I005184,U0311,R0290,viewed,,2024-02-25 18:41:00
I005185,U0064,R0291,rated,4.0,2024-12-15 14:17:00
I005186,U0200,R0061,rated,5.0,2024-02-12 19:44:00
I005187,U0340,R0005,viewed,,2024-07-04 10:07:00
I005188,U0105,R0104,viewed,,2024-03-07 16:49:00
I005189,U0418,R0206,viewed,,2024-08-09 17:23:00
I005190,U0138,R0109,viewed,,2024-02-04 01:45:00
I005191,U0344,R0208,rated,5.0,2024-02-13 09:44:00
I005192,U0225,R0254,viewed,,2024-04-14 21:03:00
I005193,U0339,R0074,saved,,2024-01-22 17:58:00
I005194,U0391,R0170,visited,,2024-06-18 16:19:00
I005195,U0097,R0052,saved,,2024-06-19 05:47:00
I005196,U0446,R0281,viewed,,2024-11-25 00:48:00
I005197,U0320,R0263,viewed,,2024-05-19 01:41:00
I005198,U0295,R0300,viewed,,2024-06-03 23:06:00
I005199,U0031,R0286,saved,,2024-12-26 07:43:00
I005200,U0402,R0213,visited,5.0,2024-07-29 09:28:00
I005201,U0070,R0164,visited,,2025-01-13 05:18:00
I005202,U0371,R0204,viewed,,2024-05-09 00:34:00
I005203,U0363,R0142,saved,,2024-10-19 22:44:00
I005204,U0417,R0222,viewed,,2024-10-18 03:35:00
I005205,U0332,R0282,viewed,,2025-02-05 12:24:00
I005206,U0400,R0275,visited,2.0,2024-01-05 19:48:00
I005207,U0432,R0240,viewed,,2024-08-10 21:15:00
I005208,U0039,R0241,viewed,,2024-03-01 14:03:00
I005209,U0001,R0273,saved,,2024-11-27 07:29:00
I005210,U0282,R0236,viewed,,2024-08-27 02:31:00
I005211,U0166,R0118,viewed,,2024-04-12 05:21:00
I005212,U0414,R0213,saved,,2024-02-04 06:59:00
I005213,U0464,R0121,viewed,,2024-02-16 19:26:00
I005214,U0277,R0155,saved,,2024-08-09 06:05:00
I005215,U0061,R0127,visited,,2024-04-10 22:24:00
I005216,U0222,R0255,viewed,,2024-08-02 22:12:00
I005217,U0155,R0167,viewed,,2024-11-23 04:13:00
I005218,U0072,R0167,rated,4.0,2024-09-18 21:20:00
I005219,U0291,R0109,visited,,2024-08-12 14:20:00
I005220,U0114,R0178,saved,,2024-09-11 00:43:00
I005221,U0199,R0151,viewed,,2024-02-15 04:12:00
I005222,U0476,R0040,viewed,,2024-06-06 08:29:00
I005223,U0258,R0105,visited,,2024-01-08 03:25:00
I005224,U0101,R0073,viewed,,2024-04-07 20:17:00
I005225,U0065,R0195,visited,4.0,2024-07-30 09:10:00
I005226,U0238,R0079,saved,,2025-03-23 12:16:00
I005227,U0475,R0096,viewed,,2024-12-29 06:00:00
I005228,U0106,R0113,saved,,2024-10-14 23:51:00
I005229,U0214,R0248,saved,,2024-02-06 09:54:00
I005230,U0309,R0145,rated,4.0,2024-06-29 03:19:00
I005231,U0377,R0236,rated,4.0,2024-07-31 23:02:00
I005232,U0077,R0204,viewed,,2025-03-26 05:53:00
I005233,U0161,R0207,rated,4.0,2025-01-20 00:36:00
I005234,U0468,R0195,saved,,2024-07-07 19:10:00
I005235,U0318,R0098,viewed,,2024-08-19 16:38:00
I005236,U0008,R0098,rated,5.0,2025-01-29 07:18:00
I005237,U0419,R0037,viewed,,2024-08-28 06:01:00
I005238,U0019,R0238,saved,,2025-02-08 06:15:00
I005239,U0191,R0284,viewed,,2024-10-03 19:43:00
I005240,U0184,R0035,viewed,,2024-05-03 20:48:00
I005241,U0318,R0299,saved,,2025-02-11 07:34:00
I005242,U0422,R0235,visited,,2024-07-18 14:34:00
I005243,U0421,R0081,viewed,,2024-10-09 22:18:00
I005244,U0236,R0139,visited,4.0,2024-01-12 12:33:00
I005245,U0073,R0026,saved,,2024-02-10 02:13:00
I005246,U0149,R0044,saved,,2025-01-21 02:44:00
I005247,U0128,R0100,saved,,2024-01-01 14:48:00
I005248,U0088,R0226,visited,5.0,2024-10-12 20:00:00
I005249,U0073,R0267,rated,5.0,2024-05-15 03:50:00
I005250,U0402,R0210,viewed,,2024-04-19 21:26:00
I005251,U0415,R0092,viewed,,2025-01-14 16:49:00
I005252,U0336,R0220,saved,,2024-02-23 06:31:00
I005253,U0008,R0164,visited,2.0,2024-05-04 15:26:00
I005254,U0475,R0082,visited,3.0,2024-05-17 03:45:00
I005255,U0168,R0066,visited,,2024-09-26 11:05:00
I005256,U0411,R0221,viewed,,2024-02-07 03:26:00
I005257,U0145,R0143,visited,,2025-02-16 15:06:00
I005258,U0422,R0098,visited,4.0,2024-02-21 01:56:00
I005259,U0424,R0028,saved,,2024-03-08 06:49:00
I005260,U0382,R0190,saved,,2025-02-06 18:25:00
I005261,U0173,R0220,viewed,,2024-09-10 12:25:00
I005262,U0026,R0074,viewed,,2024-10-25 05:29:00
I005263,U0446,R0240,visited,,2024-02-15 17:04:00
I005264,U0273,R0118,visited,,2024-01-24 11:05:00
I005265,U0007,R0131,rated,2.0,2024-11-17 17:01:00
I005266,U0095,R0265,viewed,,2024-02-28 22:05:00
I005267,U0155,R0120,saved,,2024-06-07 12:36:00
I005268,U0289,R0212,visited,,2024-01-09 00:59:00
I005269,U0369,R0116,viewed,,2024-02-01 08:06:00
I005270,U0317,R0187,viewed,,2024-11-18 01:13:00
I005271,U0440,R0200,viewed,,2024-12-25 03:24:00
I005272,U0138,R0212,saved,,2024-12-11 04:50:00
I005273,U0268,R0251,viewed,,2024-09-24 02:32:00
I005274,U0055,R0274,viewed,,2024-03-12 07:49:00
I005275,U0029,R0168,viewed,,2024-06-07 15:48:00
I005276,U0237,R0088,saved,,2024-10-19 13:54:00
I005277,U0101,R0207,saved,,2024-10-25 02:26:00
I005278,U0035,R0015,viewed,,2025-02-14 12:27:00
I005279,U0125,R0225,saved,,2025-02-10 11:50:00
I005280,U0285,R0295,viewed,,2024-05-08 23:46:00
I005281,U0157,R0247,visited,4.0,2024-08-21 02:52:00
I005282,U0197,R0143,saved,,2024-07-21 12:26:00
I005283,U0235,R0049,saved,,2024-02-27 02:52:00
I005284,U0061,R0072,visited,5.0,2024-12-18 21:01:00
I005285,U0355,R0173,rated,5.0,2024-04-08 11:36:00
I005286,U0453,R0210,saved,,2024-06-22 04:22:00
I005287,U0236,R0216,viewed,,2024-12-30 07:12:00
I005288,U0178,R0263,visited,,2024-08-01 02:32:00
I005289,U0064,R0002,saved,,2024-10-25 17:36:00
I005290,U0424,R0112,viewed,,2024-01-04 01:15:00
I005291,U0251,R0216,viewed,,2025-01-11 21:36:00
I005292,U0339,R0009,viewed,,2025-03-24 10:27:00
I005293,U0171,R0001,saved,,2024-10-07 15:02:00
I005294,U0313,R0029,rated,3.0,2025-01-11 19:36:00
I005295,U0004,R0139,viewed,,2025-03-15 02:49:00
I005296,U0265,R0099,visited,5.0,2025-01-21 17:12:00
I005297,U0195,R0069,visited,,2024-07-30 22:12:00
I005298,U0200,R0228,visited,3.0,2024-12-29 14:20:00
I005299,U0349,R0293,rated,3.0,2025-02-07 05:44:00
I005300,U0140,R0277,visited,,2025-01-08 02:42:00
I005301,U0326,R0136,viewed,,2024-06-16 05:50:00
I005302,U0228,R0242,viewed,,2024-09-30 15:21:00
I005303,U0478,R0174,viewed,,2024-05-15 09:53:00
I005304,U0422,R0274,visited,,2025-01-16 23:34:00
I005305,U0273,R0198,rated,4.0,2025-01-01 11:55:00
I005306,U0013,R0052,saved,,2024-10-22 06:33:00
I005307,U0143,R0042,viewed,,2024-02-21 07:17:00
I005308,U0091,R0160,viewed,,2025-01-07 06:50:00
I005309,U0095,R0111,viewed,,2024-04-26 07:03:00
I005310,U0257,R0293,viewed,,2025-02-01 09:19:00
I005311,U0204,R0257,rated,4.0,2025-01-24 05:53:00
I005312,U0305,R0165,visited,,2024-02-22 15:29:00
I005313,U0411,R0097,visited,,2024-01-02 18:39:00
I005314,U0422,R0143,viewed,,2024-08-26 00:38:00
I005315,U0295,R0191,saved,,2024-04-20 22:53:00
I005316,U0204,R0069,rated,4.0,2025-01-06 20:38:00
I005317,U0153,R0141,saved,,2025-03-07 12:43:00
I005318,U0255,R0191,visited,,2024-04-05 00:10:00
I005319,U0059,R0231,visited,,2024-10-14 06:36:00
I005320,U0236,R0015,viewed,,2024-09-01 22:25:00
I005321,U0341,R0234,saved,,2024-04-20 04:57:00
I005322,U0073,R0117,rated,4.0,2024-09-03 11:26:00
I005323,U0139,R0193,visited,4.0,2024-04-05 08:07:00
I005324,U0177,R0272,visited,,2024-07-20 09:23:00
I005325,U0045,R0298,viewed,,2024-10-17 07:16:00
I005326,U0094,R0267,rated,5.0,2024-06-16 03:05:00
I005327,U0202,R0124,saved,,2024-05-20 09:35:00
I005328,U0010,R0099,viewed,,2025-03-12 05:31:00
I005329,U0366,R0145,saved,,2024-01-05 10:43:00
I005330,U0431,R0167,rated,5.0,2024-07-25 05:09:00
I005331,U0422,R0036,viewed,,2024-07-27 10:05:00
I005332,U0396,R0059,viewed,,2024-02-02 09:57:00
I005333,U0053,R0254,saved,,2024-06-28 18:15:00
I005334,U0315,R0213,viewed,,2025-02-21 22:21:00
I005335,U0190,R0085,viewed,,2025-01-12 04:16:00
I005336,U0198,R0192,visited,,2024-11-03 11:45:00
I005337,U0249,R0288,saved,,2024-04-10 10:07:00
I005338,U0195,R0279,viewed,,2025-02-21 05:10:00
I005339,U0257,R0026,viewed,,2024-05-22 19:33:00
I005340,U0500,R0274,rated,5.0,2024-06-10 10:23:00
I005341,U0229,R0249,visited,5.0,2024-10-13 05:14:00
I005342,U0453,R0035,rated,3.0,2024-12-27 02:35:00
I005343,U0298,R0135,saved,,2024-10-27 16:41:00
I005344,U0006,R0269,saved,,2025-02-20 15:13:00
I005345,U0388,R0172,viewed,,2024-11-27 06:29:00
I005346,U0028,R0074,viewed,,2025-03-10 19:33:00
I005347,U0315,R0015,visited,,2024-01-15 18:19:00
I005348,U0240,R0269,viewed,,2024-08-01 04:59:00
I005349,U0433,R0218,rated,2.0,2024-06-18 16:57:00
I005350,U0138,R0154,rated,5.0,2024-05-04 02:09:00
I005351,U0302,R0265,viewed,,2024-03-11 01:11:00
I005352,U0491,R0038,viewed,,2024-03-11 20:43:00
I005353,U0260,R0182,saved,,2024-05-22 01:20:00
I005354,U0343,R0170,viewed,,2024-01-05 00:49:00
I005355,U0276,R0232,visited,,2025-01-19 01:13:00
I005356,U0221,R0014,saved,,2025-03-22 14:32:00
I005357,U0383,R0147,viewed,,2024-05-11 17:19:00
I005358,U0419,R0107,rated,4.0,2024-10-05 21:51:00
I005359,U0182,R0132,saved,,2025-03-31 15:15:00
I005360,U0276,R0090,visited,,2025-01-25 10:38:00
I005361,U0071,R0139,visited,,2025-03-26 02:09:00
I005362,U0257,R0267,saved,,2024-12-18 06:01:00
I005363,U0245,R0279,viewed,,2025-02-01 10:29:00
I005364,U0011,R0212,viewed,,2024-09-12 19:45:00
I005365,U0346,R0096,saved,,2024-12-30 10:19:00
I005366,U0377,R0241,visited,,2024-02-22 07:53:00
I005367,U0057,R0192,visited,,2024-09-26 15:13:00
I005368,U0060,R0022,viewed,,2025-02-15 09:20:00
I005369,U0410,R0294,visited,,2024-06-25 16:45:00
I005370,U0244,R0070,saved,,2024-12-21 15:22:00
I005371,U0018,R0096,viewed,,2024-03-20 12:19:00
I005372,U0265,R0281,viewed,,2024-07-31 23:57:00
I005373,U0253,R0022,saved,,2024-06-09 18:45:00
I005374,U0208,R0137,visited,,2024-06-25 13:09:00
I005375,U0097,R0298,viewed,,2024-02-07 02:55:00
I005376,U0184,R0121,saved,,2024-10-04 18:15:00
I005377,U0295,R0184,saved,,2024-09-27 18:33:00
I005378,U0037,R0229,visited,,2024-05-26 15:55:00
I005379,U0275,R0093,viewed,,2024-06-29 18:39:00
I005380,U0464,R0250,viewed,,2024-07-19 13:20:00
I005381,U0101,R0063,viewed,,2024-06-27 01:09:00
I005382,U0175,R0008,rated,4.0,2024-04-12 04:47:00
I005383,U0356,R0179,visited,,2024-12-04 13:38:00
I005384,U0326,R0161,viewed,,2024-10-01 13:24:00
I005385,U0478,R0131,visited,2.0,2024-03-25 22:32:00
I005386,U0157,R0005,rated,2.0,2025-03-03 00:53:00
I005387,U0358,R0057,visited,,2024-04-07 14:32:00
I005388,U0009,R0244,visited,5.0,2024-04-02 04:20:00
I005389,U0434,R0278,saved,,2024-08-06 05:41:00
I005390,U0108,R0121,viewed,,2024-06-24 08:07:00
I005391,U0242,R0253,viewed,,2024-08-03 13:05:00
I005392,U0022,R0026,visited,,2025-03-12 03:33:00
I005393,U0375,R0138,saved,,2024-11-15 06:40:00
I005394,U0261,R0296,viewed,,2024-07-21 18:41:00
I005395,U0459,R0116,viewed,,2024-12-24 11:40:00
I005396,U0180,R0270,viewed,,2024-09-03 11:31:00
I005397,U0396,R0174,viewed,,2024-12-19 06:07:00
I005398,U0276,R0144,visited,,2024-06-12 00:06:00
I005399,U0045,R0126,visited,,2024-06-01 03:35:00
I005400,U0482,R0159,viewed,,2024-07-25 23:17:00
I005401,U0166,R0233,viewed,,2025-02-18 14:15:00
I005402,U0035,R0025,viewed,,2024-01-23 11:18:00
I005403,U0405,R0290,viewed,,2024-10-22 07:05:00
I005404,U0450,R0199,visited,,2024-08-02 23:38:00
I005405,U0012,R0154,visited,,2024-01-06 19:23:00
I005406,U0441,R0285,saved,,2025-03-18 02:45:00
I005407,U0221,R0156,saved,,2024-05-01 00:37:00
I005408,U0253,R0165,viewed,,2024-07-12 06:07:00
I005409,U0484,R0069,saved,,2024-10-23 03:33:00
I005410,U0352,R0207,viewed,,2024-11-27 12:34:00
I005411,U0222,R0112,viewed,,2024-05-20 18:24:00
I005412,U0087,R0089,visited,,2025-04-01 18:42:00
I005413,U0271,R0124,viewed,,2025-03-02 11:34:00
I005414,U0489,R0126,saved,,2024-02-19 23:54:00
I005415,U0179,R0120,visited,,2024-02-13 19:53:00
I005416,U0387,R0096,rated,4.0,2024-08-19 14:32:00
I005417,U0402,R0108,viewed,,2025-03-03 21:40:00
I005418,U0415,R0097,rated,4.0,2024-02-10 17:05:00
I005419,U0198,R0243,rated,2.0,2024-08-19 21:06:00
I005420,U0062,R0004,viewed,,2024-01-28 15:55:00
I005421,U0113,R0224,viewed,,2024-08-20 08:06:00
I005422,U0328,R0271,saved,,2024-01-15 00:56:00
I005423,U0423,R0047,viewed,,2025-03-05 21:40:00
I005424,U0087,R0061,saved,,2024-01-10 08:58:00
I005425,U0005,R0041,visited,4.0,2025-02-07 20:36:00
I005426,U0083,R0056,saved,,2025-03-18 23:56:00
I005427,U0040,R0298,saved,,2024-03-16 08:18:00
I005428,U0294,R0051,visited,,2025-02-28 06:13:00
I005429,U0323,R0054,viewed,,2024-12-18 03:38:00
I005430,U0404,R0115,viewed,,2024-03-08 23:24:00
I005431,U0178,R0217,viewed,,2024-11-21 18:24:00
I005432,U0279,R0037,saved,,2024-12-15 19:37:00
I005433,U0346,R0014,visited,,2024-12-22 12:22:00
I005434,U0376,R0218,saved,,2024-08-14 21:20:00
I005435,U0308,R0238,visited,,2025-02-09 20:32:00
I005436,U0163,R0018,visited,4.0,2024-12-01 23:15:00
I005437,U0400,R0244,rated,3.0,2024-10-16 07:17:00
I005438,U0475,R0090,saved,,2024-07-26 10:28:00
I005439,U0027,R0229,visited,,2024-07-07 08:53:00
I005440,U0387,R0185,rated,4.0,2025-03-25 06:08:00
I005441,U0035,R0128,saved,,2024-09-20 14:43:00
I005442,U0287,R0299,visited,,2024-01-08 05:45:00
I005443,U0388,R0112,viewed,,2024-04-20 15:52:00
I005444,U0351,R0017,rated,3.0,2025-01-06 02:53:00
I005445,U0097,R0043,viewed,,2025-01-30 09:18:00
I005446,U0498,R0147,saved,,2024-03-04 03:45:00
I005447,U0226,R0082,viewed,,2024-06-10 18:24:00
I005448,U0123,R0132,viewed,,2025-02-07 23:54:00
I005449,U0025,R0129,visited,,2025-02-03 22:49:00
I005450,U0201,R0234,viewed,,2024-11-06 12:10:00
I005451,U0287,R0253,visited,5.0,2025-03-09 03:23:00
I005452,U0448,R0204,viewed,,2024-12-12 19:04:00
I005453,U0262,R0239,viewed,,2024-05-17 10:45:00
I005454,U0082,R0024,viewed,,2024-09-21 19:35:00
I005455,U0479,R0012,viewed,,2024-02-23 17:37:00
I005456,U0332,R0204,viewed,,2024-06-08 12:06:00
I005457,U0177,R0187,viewed,,2024-04-03 07:55:00
I005458,U0106,R0175,viewed,,2025-02-10 09:47:00
I005459,U0318,R0045,viewed,,2024-04-09 00:44:00
I005460,U0101,R0196,viewed,,2025-01-01 09:32:00
I005461,U0205,R0171,viewed,,2024-05-30 08:13:00
I005462,U0163,R0001,saved,,2024-07-30 11:14:00
I005463,U0414,R0202,visited,,2024-11-16 21:30:00
I005464,U0421,R0107,viewed,,2024-06-24 04:17:00
I005465,U0222,R0141,viewed,,2025-02-24 10:13:00
I005466,U0178,R0013,visited,4.0,2024-06-28 23:48:00
I005467,U0039,R0267,rated,4.0,2024-07-12 06:38:00
I005468,U0207,R0187,rated,5.0,2024-03-15 14:05:00
I005469,U0026,R0018,saved,,2024-02-23 05:27:00
I005470,U0121,R0265,viewed,,2024-01-14 23:39:00
I005471,U0440,R0109,saved,,2024-03-18 21:15:00
I005472,U0419,R0201,saved,,2024-04-22 04:55:00
I005473,U0383,R0062,saved,,2024-11-07 05:45:00
I005474,U0466,R0109,viewed,,2024-03-29 07:48:00
I005475,U0467,R0088,viewed,,2024-09-09 18:05:00
I005476,U0253,R0231,saved,,2024-10-20 13:00:00
I005477,U0252,R0044,viewed,,2025-03-19 04:15:00
I005478,U0128,R0108,viewed,,2024-07-10 07:22:00
I005479,U0279,R0236,rated,4.0,2024-06-30 22:53:00
I005480,U0341,R0255,visited,,2024-09-29 21:39:00
I005481,U0276,R0089,saved,,2024-05-28 09:24:00
I005482,U0050,R0205,viewed,,2024-09-06 00:13:00
I005483,U0073,R0084,viewed,,2024-03-11 08:10:00
I005484,U0439,R0222,rated,3.0,2024-10-11 23:13:00
I005485,U0082,R0175,viewed,,2024-03-10 16:49:00
I005486,U0249,R0278,viewed,,2024-01-04 08:16:00
I005487,U0227,R0218,viewed,,2024-02-09 00:22:00
I005488,U0094,R0180,saved,,2024-11-19 04:17:00
I005489,U0154,R0138,rated,3.0,2024-05-22 23:23:00
I005490,U0310,R0231,rated,3.0,2024-05-15 15:08:00
I005491,U0015,R0220,viewed,,2024-12-31 00:06:00
I005492,U0338,R0230,viewed,,2024-11-09 09:35:00
I005493,U0475,R0244,visited,,2024-03-07 13:07:00
I005494,U0447,R0122,saved,,2024-10-08 04:46:00
I005495,U0261,R0090,viewed,,2024-09-14 00:38:00
I005496,U0067,R0183,viewed,,2024-11-27 22:51:00
I005497,U0101,R0177,visited,3.0,2024-01-26 23:10:00
I005498,U0251,R0298,visited,,2024-03-26 10:05:00
I005499,U0468,R0086,saved,,2025-02-12 04:54:00
I005500,U0461,R0270,saved,,2024-12-19 23:42:00
I005501,U0129,R0109,saved,,2024-04-28 05:53:00
I005502,U0088,R0154,viewed,,2024-11-28 14:30:00
I005503,U0329,R0017,viewed,,2024-09-30 03:31:00
I005504,U0055,R0178,viewed,,2024-06-16 04:18:00
I005505,U0190,R0295,saved,,2024-10-04 10:07:00
I005506,U0485,R0184,viewed,,2024-11-26 16:26:00
I005507,U0149,R0296,viewed,,2025-02-02 14:07:00
I005508,U0128,R0242,viewed,,2024-12-10 21:49:00
I005509,U0289,R0227,visited,,2024-02-08 10:19:00
I005510,U0375,R0291,rated,4.0,2024-12-10 19:59:00
I005511,U0042,R0298,visited,,2024-01-27 01:29:00
I005512,U0361,R0025,viewed,,2024-07-24 07:57:00
I005513,U0179,R0077,rated,5.0,2024-04-01 06:17:00
I005514,U0045,R0191,rated,3.0,2024-10-05 20:27:00
I005515,U0278,R0239,viewed,,2024-06-24 09:09:00
I005516,U0440,R0060,rated,3.0,2024-09-24 16:39:00
I005517,U0306,R0059,visited,5.0,2024-12-09 18:21:00
I005518,U0061,R0244,viewed,,2024-07-18 13:19:00
I005519,U0281,R0062,viewed,,2025-02-07 14:57:00
I005520,U0291,R0280,viewed,,2024-02-25 00:57:00
I005521,U0121,R0082,saved,,2024-10-18 23:20:00
I005522,U0337,R0257,saved,,2024-09-13 20:42:00
I005523,U0170,R0167,viewed,,2024-02-27 11:18:00
I005524,U0447,R0123,saved,,2025-02-08 01:57:00
I005525,U0329,R0110,visited,4.0,2024-10-31 06:01:00
I005526,U0026,R0269,visited,3.0,2024-01-03 13:37:00
I005527,U0097,R0098,saved,,2025-01-23 05:24:00
I005528,U0229,R0178,saved,,2024-10-21 18:01:00
I005529,U0336,R0221,viewed,,2024-01-31 12:28:00
I005530,U0057,R0030,visited,5.0,2024-02-20 00:51:00
I005531,U0412,R0167,visited,4.0,2024-07-14 10:13:00
I005532,U0371,R0256,viewed,,2024-12-19 11:45:00
I005533,U0044,R0269,visited,,2025-01-10 22:21:00
I005534,U0375,R0064,saved,,2025-02-12 20:47:00
I005535,U0361,R0123,viewed,,2024-08-25 01:40:00
I005536,U0418,R0112,saved,,2024-09-25 03:29:00
I005537,U0379,R0217,rated,5.0,2024-03-29 10:21:00
I005538,U0044,R0060,viewed,,2024-08-02 03:56:00
I005539,U0160,R0065,viewed,,2025-02-04 22:50:00
I005540,U0498,R0010,rated,5.0,2024-03-12 11:38:00
I005541,U0228,R0211,viewed,,2024-06-22 08:19:00
I005542,U0409,R0226,rated,4.0,2024-06-29 02:38:00
I005543,U0201,R0033,visited,,2025-03-08 02:53:00
I005544,U0338,R0136,rated,5.0,2024-01-11 10:19:00
I005545,U0477,R0154,saved,,2024-03-28 20:47:00
I005546,U0473,R0192,viewed,,2024-06-27 07:35:00
I005547,U0500,R0025,viewed,,2025-01-15 12:31:00
I005548,U0330,R0153,rated,3.0,2024-05-03 03:53:00
I005549,U0393,R0165,saved,,2024-01-05 12:58:00
I005550,U0143,R0189,rated,4.0,2024-08-12 17:14:00
I005551,U0346,R0216,viewed,,2024-02-22 18:08:00
I005552,U0075,R0236,rated,5.0,2024-07-31 05:13:00
I005553,U0439,R0118,visited,4.0,2024-08-24 20:28:00
I005554,U0089,R0214,visited,,2024-04-14 04:50:00
I005555,U0497,R0223,viewed,,2025-02-10 08:08:00
I005556,U0452,R0003,rated,5.0,2025-03-06 17:08:00
I005557,U0465,R0030,viewed,,2024-12-16 07:02:00
I005558,U0368,R0191,viewed,,2024-02-09 10:25:00
I005559,U0152,R0260,visited,4.0,2025-03-06 23:35:00
I005560,U0452,R0236,saved,,2025-02-01 16:16:00
I005561,U0278,R0122,viewed,,2024-03-18 03:22:00
I005562,U0077,R0213,rated,4.0,2024-08-27 02:24:00
I005563,U0108,R0025,viewed,,2024-02-19 13:48:00
I005564,U0283,R0263,viewed,,2024-09-19 04:55:00
I005565,U0486,R0189,viewed,,2024-10-06 06:56:00
I005566,U0438,R0040,saved,,2024-10-30 09:17:00
I005567,U0387,R0193,viewed,,2024-08-19 03:06:00
I005568,U0023,R0117,viewed,,2024-09-02 22:17:00
I005569,U0063,R0228,viewed,,2025-03-17 19:46:00
I005570,U0484,R0089,viewed,,2024-03-07 05:18:00
I005571,U0092,R0067,rated,4.0,2024-02-16 12:24:00
I005572,U0082,R0034,viewed,,2024-11-10 05:28:00
I005573,U0499,R0297,viewed,,2025-02-19 15:27:00
I005574,U0323,R0132,saved,,2024-12-31 22:50:00
I005575,U0389,R0126,viewed,,2024-11-09 03:01:00
I005576,U0490,R0135,viewed,,2024-06-18 05:41:00
I005577,U0473,R0024,viewed,,2024-07-17 13:34:00
I005578,U0046,R0011,visited,3.0,2024-08-29 21:40:00
I005579,U0093,R0070,saved,,2024-09-28 07:52:00
I005580,U0005,R0086,viewed,,2024-06-06 08:33:00
I005581,U0243,R0205,viewed,,2024-06-29 19:10:00
I005582,U0284,R0291,viewed,,2025-01-25 02:10:00
I005583,U0448,R0152,viewed,,2024-08-20 08:37:00
I005584,U0136,R0239,rated,5.0,2024-10-12 05:09:00
I005585,U0409,R0149,saved,,2024-12-07 09:34:00
I005586,U0156,R0269,saved,,2025-02-02 19:50:00
I005587,U0169,R0042,saved,,2024-11-18 11:29:00
I005588,U0072,R0048,viewed,,2024-01-29 15:04:00
I005589,U0044,R0139,viewed,,2024-08-13 12:50:00
I005590,U0145,R0204,saved,,2024-04-18 23:38:00
I005591,U0181,R0166,saved,,2024-11-22 04:57:00
I005592,U0429,R0107,visited,5.0,2024-07-30 14:28:00
I005593,U0327,R0112,saved,,2024-12-12 14:35:00
I005594,U0314,R0110,saved,,2024-03-23 01:45:00
I005595,U0419,R0045,rated,3.0,2024-10-25 06:35:00
I005596,U0371,R0165,viewed,,2024-09-13 09:34:00
I005597,U0327,R0165,viewed,,2024-07-19 16:07:00
I005598,U0136,R0213,rated,5.0,2024-06-19 12:49:00
I005599,U0325,R0209,viewed,,2024-12-27 12:59:00
I005600,U0091,R0159,viewed,,2024-03-04 09:17:00
I005601,U0447,R0186,visited,3.0,2024-12-29 08:37:00
I005602,U0309,R0232,saved,,2024-02-05 09:16:00
I005603,U0198,R0109,viewed,,2024-06-15 09:21:00
I005604,U0410,R0002,saved,,2024-03-12 02:58:00
I005605,U0316,R0267,visited,,2024-04-14 02:08:00
I005606,U0449,R0126,saved,,2024-11-12 22:14:00
I005607,U0335,R0095,viewed,,2025-01-02 09:56:00
I005608,U0469,R0225,saved,,2025-02-22 21:25:00
I005609,U0446,R0272,visited,,2024-07-12 22:26:00
I005610,U0230,R0149,visited,,2024-11-02 21:30:00
I005611,U0250,R0114,visited,,2024-07-28 05:23:00
I005612,U0375,R0060,viewed,,2024-06-19 06:03:00
I005613,U0061,R0083,viewed,,2024-04-11 13:46:00
I005614,U0133,R0200,viewed,,2024-02-01 13:30:00
I005615,U0153,R0149,saved,,2024-05-17 16:11:00
I005616,U0094,R0062,saved,,2025-02-14 10:48:00
I005617,U0358,R0253,visited,4.0,2024-06-12 07:10:00
I005618,U0451,R0181,viewed,,2025-02-25 19:18:00
I005619,U0409,R0189,rated,4.0,2025-02-21 06:46:00
I005620,U0201,R0028,viewed,,2024-10-13 16:18:00
I005621,U0492,R0297,saved,,2024-09-29 20:35:00
I005622,U0259,R0297,viewed,,2024-07-23 20:43:00
I005623,U0017,R0161,viewed,,2024-08-05 03:16:00
I005624,U0445,R0049,saved,,2024-04-29 20:28:00
I005625,U0010,R0236,visited,4.0,2024-03-12 00:02:00
I005626,U0448,R0179,saved,,2024-05-30 00:56:00
I005627,U0025,R0135,saved,,2024-06-27 19:01:00
I005628,U0023,R0158,viewed,,2024-02-23 08:00:00
I005629,U0465,R0266,visited,,2025-03-09 02:20:00
I005630,U0426,R0083,viewed,,2024-11-26 06:29:00
I005631,U0324,R0299,viewed,,2024-10-10 16:18:00
I005632,U0346,R0008,viewed,,2024-07-25 22:15:00
I005633,U0355,R0298,saved,,2024-11-01 03:19:00
I005634,U0415,R0296,rated,3.0,2024-09-13 09:08:00
I005635,U0240,R0195,rated,4.0,2024-05-22 03:27:00
I005636,U0424,R0215,viewed,,2024-07-12 09:15:00
I005637,U0208,R0266,rated,4.0,2025-03-25 04:19:00
I005638,U0037,R0254,viewed,,2024-06-03 15:35:00
I005639,U0105,R0089,viewed,,2025-03-12 02:01:00
I005640,U0028,R0044,viewed,,2025-02-16 02:41:00
I005641,U0359,R0287,viewed,,2024-08-31 18:27:00
I005642,U0097,R0257,saved,,2024-03-29 08:20:00
I005643,U0412,R0276,visited,,2024-01-05 16:01:00
I005644,U0384,R0256,viewed,,2024-09-21 20:50:00
I005645,U0186,R0230,saved,,2024-12-21 09:10:00
I005646,U0169,R0141,viewed,,2024-08-24 01:11:00
I005647,U0422,R0150,saved,,2024-11-16 04:58:00
I005648,U0442,R0001,saved,,2024-10-19 14:09:00
I005649,U0500,R0014,visited,,2024-04-16 09:48:00
I005650,U0305,R0257,viewed,,2024-06-04 08:00:00
I005651,U0478,R0079,viewed,,2024-12-20 04:42:00
I005652,U0235,R0029,viewed,,2024-02-11 11:15:00
I005653,U0010,R0221,saved,,2025-02-13 04:15:00
I005654,U0350,R0265,rated,4.0,2024-01-09 00:43:00
I005655,U0326,R0089,saved,,2024-08-03 20:30:00
I005656,U0375,R0283,viewed,,2024-06-09 20:20:00
I005657,U0077,R0117,viewed,,2024-06-05 08:08:00
I005658,U0479,R0042,viewed,,2024-11-27 19:17:00
I005659,U0099,R0065,visited,5.0,2025-01-21 12:07:00
I005660,U0076,R0057,viewed,,2025-01-20 22:20:00
I005661,U0367,R0092,viewed,,2024-12-04 11:52:00
I005662,U0155,R0132,saved,,2024-01-15 22:03:00
I005663,U0396,R0131,saved,,2024-06-24 19:43:00
I005664,U0441,R0232,viewed,,2024-05-09 16:55:00
I005665,U0075,R0026,rated,3.0,2024-01-27 12:42:00
I005666,U0003,R0282,saved,,2024-08-20 15:15:00
I005667,U0467,R0163,viewed,,2024-04-29 10:14:00
I005668,U0257,R0109,rated,3.0,2024-01-20 05:15:00
I005669,U0029,R0168,saved,,2024-12-13 14:24:00
I005670,U0454,R0269,saved,,2024-01-23 14:38:00
I005671,U0324,R0206,saved,,2025-03-26 18:51:00
I005672,U0315,R0181,viewed,,2024-03-09 14:20:00
I005673,U0229,R0078,viewed,,2025-01-07 22:53:00
I005674,U0483,R0012,viewed,,2024-11-22 10:21:00
I005675,U0447,R0151,viewed,,2024-01-23 13:29:00
I005676,U0379,R0264,viewed,,2024-03-25 09:48:00
I005677,U0295,R0070,saved,,2024-01-01 00:35:00
I005678,U0110,R0115,visited,,2024-03-02 10:45:00
I005679,U0101,R0100,rated,5.0,2024-09-17 00:12:00
I005680,U0385,R0190,viewed,,2024-05-07 14:47:00
I005681,U0365,R0293,visited,,2024-05-18 17:57:00
I005682,U0264,R0280,saved,,2024-09-12 22:23:00
I005683,U0290,R0290,viewed,,2024-03-31 20:37:00
I005684,U0049,R0020,viewed,,2024-08-07 14:35:00
I005685,U0468,R0293,visited,,2024-08-27 20:24:00
I005686,U0434,R0132,viewed,,2024-02-02 03:34:00
I005687,U0180,R0042,viewed,,2024-12-08 05:28:00
I005688,U0399,R0090,visited,4.0,2025-01-12 03:32:00
I005689,U0090,R0115,viewed,,2025-01-09 15:59:00
I005690,U0500,R0093,rated,3.0,2024-07-09 05:07:00
I005691,U0374,R0076,visited,,2024-04-23 09:04:00
I005692,U0443,R0120,visited,,2024-07-06 18:28:00
I005693,U0068,R0239,viewed,,2024-10-19 16:44:00
I005694,U0141,R0209,viewed,,2024-06-03 12:58:00
I005695,U0406,R0276,saved,,2024-09-30 13:50:00
I005696,U0246,R0099,viewed,,2024-05-03 19:00:00
I005697,U0044,R0007,viewed,,2024-12-25 15:34:00
I005698,U0037,R0277,rated,5.0,2024-04-16 05:11:00
I005699,U0346,R0077,rated,4.0,2024-05-12 20:18:00
I005700,U0448,R0190,saved,,2025-01-06 09:49:00
I005701,U0364,R0090,saved,,2025-02-22 21:46:00
I005702,U0382,R0134,viewed,,2025-01-30 12:07:00
I005703,U0112,R0242,rated,4.0,2025-03-20 05:12:00
I005704,U0232,R0193,saved,,2024-06-11 23:38:00
I005705,U0395,R0253,visited,5.0,2024-02-09 05:05:00
I005706,U0494,R0285,visited,4.0,2024-03-29 12:10:00
I005707,U0149,R0118,saved,,2024-10-04 05:56:00
I005708,U0468,R0257,rated,5.0,2024-02-20 05:22:00
I005709,U0454,R0068,saved,,2024-04-05 01:36:00
I005710,U0036,R0277,saved,,2024-03-01 04:18:00
I005711,U0221,R0239,viewed,,2024-02-19 15:10:00
I005712,U0306,R0137,saved,,2025-03-24 15:22:00
I005713,U0042,R0110,rated,4.0,2024-12-15 17:51:00
I005714,U0133,R0272,saved,,2024-02-22 22:38:00
I005715,U0377,R0195,visited,,2024-02-21 17:18:00
I005716,U0417,R0168,viewed,,2024-09-17 23:17:00
I005717,U0319,R0219,saved,,2024-06-21 02:58:00
I005718,U0292,R0135,visited,,2025-01-20 21:22:00
I005719,U0356,R0130,visited,4.0,2024-08-24 11:55:00
I005720,U0417,R0243,visited,,2024-08-29 23:42:00
I005721,U0362,R0165,visited,5.0,2024-05-07 22:51:00
I005722,U0095,R0244,viewed,,2024-05-26 21:49:00
I005723,U0321,R0007,viewed,,2024-10-22 10:34:00
I005724,U0077,R0122,visited,,2024-04-07 18:00:00
I005725,U0492,R0228,viewed,,2024-04-13 17:00:00
I005726,U0206,R0219,rated,4.0,2024-11-14 09:00:00
I005727,U0492,R0020,viewed,,2024-03-10 05:39:00
I005728,U0141,R0273,viewed,,2024-05-26 20:42:00
I005729,U0395,R0183,viewed,,2025-01-02 05:38:00
I005730,U0328,R0139,visited,,2025-03-04 10:45:00
I005731,U0206,R0018,viewed,,2024-10-30 07:22:00
I005732,U0463,R0033,visited,4.0,2024-09-18 20:25:00
I005733,U0097,R0213,rated,5.0,2025-01-11 01:22:00
I005734,U0276,R0130,viewed,,2024-01-04 21:50:00
I005735,U0434,R0135,saved,,2024-02-23 15:23:00
I005736,U0311,R0099,viewed,,2025-03-21 02:56:00
I005737,U0422,R0135,saved,,2024-11-26 02:48:00
I005738,U0453,R0129,saved,,2024-07-22 03:49:00
I005739,U0092,R0216,viewed,,2024-12-30 19:38:00
I005740,U0259,R0164,viewed,,2024-11-03 21:30:00
I005741,U0023,R0208,viewed,,2024-10-08 16:35:00
I005742,U0362,R0244,viewed,,2024-08-31 20:28:00
I005743,U0261,R0166,viewed,,2024-09-01 21:29:00
I005744,U0012,R0204,saved,,2025-02-10 10:47:00
I005745,U0343,R0098,saved,,2025-03-17 13:18:00
I005746,U0077,R0243,visited,,2024-06-25 12:10:00
I005747,U0320,R0290,saved,,2025-02-24 11:08:00
I005748,U0231,R0077,saved,,2024-05-10 12:15:00
I005749,U0419,R0053,saved,,2024-05-22 22:59:00
I005750,U0123,R0249,visited,,2024-09-20 16:12:00
I005751,U0372,R0116,viewed,,2024-10-24 07:41:00
I005752,U0165,R0107,saved,,2024-12-23 02:02:00
I005753,U0291,R0011,visited,,2024-01-01 01:01:00
I005754,U0239,R0288,saved,,2025-02-26 12:50:00
I005755,U0177,R0002,visited,,2025-01-26 05:22:00
I005756,U0032,R0044,visited,,2024-07-04 06:23:00
I005757,U0104,R0234,saved,,2025-04-01 05:30:00
I005758,U0193,R0086,visited,,2024-04-18 16:01:00
I005759,U0243,R0023,viewed,,2024-05-30 09:25:00
I005760,U0287,R0193,viewed,,2025-01-15 10:00:00
I005761,U0471,R0104,viewed,,2024-04-14 07:07:00
I005762,U0194,R0089,viewed,,2024-02-06 20:01:00
I005763,U0430,R0114,viewed,,2024-02-24 12:17:00
I005764,U0149,R0212,viewed,,2024-07-01 20:42:00
I005765,U0009,R0035,saved,,2024-12-09 18:51:00
I005766,U0304,R0179,viewed,,2024-06-21 18:23:00
I005767,U0122,R0004,saved,,2024-07-05 08:36:00
I005768,U0374,R0250,saved,,2024-11-15 09:16:00
I005769,U0185,R0291,viewed,,2025-01-29 02:00:00
I005770,U0105,R0259,saved,,2024-11-19 14:04:00
I005771,U0127,R0220,viewed,,2024-03-08 02:09:00
I005772,U0004,R0018,viewed,,2024-11-07 15:22:00
I005773,U0074,R0042,viewed,,2024-05-25 17:27:00
I005774,U0161,R0154,visited,4.0,2024-08-09 22:33:00
I005775,U0197,R0073,saved,,2025-01-17 20:20:00
I005776,U0414,R0137,viewed,,2024-02-15 00:22:00
I005777,U0494,R0196,visited,3.0,2024-04-20 22:55:00
I005778,U0428,R0017,viewed,,2024-07-13 08:43:00
I005779,U0265,R0253,viewed,,2025-01-23 16:49:00
I005780,U0338,R0171,visited,,2024-01-28 09:29:00
I005781,U0248,R0012,saved,,2024-12-23 00:43:00
I005782,U0186,R0176,viewed,,2025-03-07 23:19:00
I005783,U0111,R0286,visited,2.0,2025-02-12 05:55:00
I005784,U0066,R0173,visited,2.0,2024-09-28 06:29:00
I005785,U0119,R0002,rated,5.0,2024-07-29 08:27:00
I005786,U0486,R0016,viewed,,2024-11-04 10:47:00
I005787,U0356,R0085,saved,,2024-02-23 01:52:00
I005788,U0111,R0112,saved,,2024-10-25 17:03:00
I005789,U0357,R0011,viewed,,2024-09-03 12:32:00
I005790,U0150,R0270,viewed,,2024-12-09 09:09:00
I005791,U0084,R0180,viewed,,2024-07-18 16:22:00
I005792,U0240,R0172,saved,,2025-01-28 09:19:00
I005793,U0497,R0073,visited,3.0,2024-02-14 19:13:00
I005794,U0075,R0185,viewed,,2024-08-13 09:39:00
I005795,U0391,R0089,viewed,,2024-11-09 11:11:00
I005796,U0098,R0261,rated,3.0,2024-11-07 17:28:00
I005797,U0039,R0148,viewed,,2024-12-24 07:42:00
I005798,U0163,R0234,visited,3.0,2024-03-31 08:03:00
I005799,U0149,R0126,rated,5.0,2024-04-19 12:09:00
I005800,U0471,R0252,viewed,,2024-04-21 23:29:00
I005801,U0240,R0222,rated,3.0,2025-01-02 13:20:00
I005802,U0221,R0183,visited,,2025-03-14 19:37:00
I005803,U0113,R0015,rated,4.0,2025-01-20 16:59:00
I005804,U0240,R0210,viewed,,2024-06-09 00:20:00
I005805,U0203,R0041,saved,,2025-01-30 11:23:00
I005806,U0412,R0050,rated,2.0,2025-02-16 19:40:00
I005807,U0280,R0063,saved,,2025-01-21 19:55:00
I005808,U0196,R0054,saved,,2024-11-07 00:04:00
I005809,U0183,R0208,visited,4.0,2024-07-18 01:23:00
I005810,U0328,R0036,visited,,2024-09-03 13:39:00
I005811,U0006,R0176,saved,,2024-03-18 12:56:00
I005812,U0283,R0065,rated,5.0,2024-11-05 09:45:00
I005813,U0230,R0043,viewed,,2024-03-08 21:15:00
I005814,U0089,R0255,viewed,,2025-02-21 22:30:00
I005815,U0401,R0127,rated,3.0,2024-07-06 19:53:00
I005816,U0289,R0032,saved,,2025-02-13 06:56:00
I005817,U0042,R0227,rated,5.0,2025-01-12 01:41:00
I005818,U0203,R0108,viewed,,2024-02-06 16:44:00
I005819,U0108,R0180,viewed,,2024-05-31 11:39:00
I005820,U0114,R0049,viewed,,2024-08-14 00:59:00
I005821,U0296,R0298,viewed,,2024-02-22 07:22:00
I005822,U0143,R0004,visited,5.0,2025-03-29 15:07:00
I005823,U0139,R0099,visited,4.0,2024-05-31 10:57:00
I005824,U0266,R0142,viewed,,2024-03-31 04:10:00
I005825,U0352,R0003,saved,,2024-01-28 13:48:00
I005826,U0223,R0249,viewed,,2024-10-29 06:48:00
I005827,U0373,R0146,viewed,,2025-03-31 03:45:00
I005828,U0412,R0020,viewed,,2024-11-24 04:04:00
I005829,U0495,R0286,viewed,,2025-01-05 08:18:00
I005830,U0103,R0251,saved,,2024-09-22 08:10:00
I005831,U0178,R0139,viewed,,2024-05-02 10:13:00
I005832,U0334,R0100,visited,,2025-03-20 07:21:00
I005833,U0004,R0099,viewed,,2025-03-23 03:14:00
I005834,U0072,R0084,viewed,,2024-12-15 20:42:00
I005835,U0083,R0024,viewed,,2024-11-20 04:13:00
I005836,U0339,R0144,visited,5.0,2024-04-25 21:52:00
I005837,U0284,R0155,rated,5.0,2024-04-17 11:53:00
I005838,U0017,R0028,viewed,,2025-01-07 13:15:00
I005839,U0213,R0290,saved,,2024-07-27 10:32:00
I005840,U0311,R0296,visited,4.0,2024-12-21 03:53:00
I005841,U0113,R0159,viewed,,2024-06-13 07:44:00
I005842,U0083,R0200,viewed,,2025-03-12 10:37:00
I005843,U0160,R0080,viewed,,2024-11-27 17:33:00
I005844,U0337,R0202,rated,3.0,2024-07-23 07:15:00
I005845,U0417,R0154,viewed,,2024-01-18 19:05:00
I005846,U0050,R0174,viewed,,2024-09-18 05:18:00
I005847,U0311,R0238,rated,4.0,2024-12-12 08:42:00
I005848,U0294,R0059,saved,,2024-12-11 08:56:00
I005849,U0017,R0220,viewed,,2024-09-09 12:22:00
I005850,U0218,R0248,rated,3.0,2025-01-03 08:38:00
I005851,U0412,R0116,viewed,,2024-05-07 08:59:00
I005852,U0188,R0212,saved,,2024-04-23 09:42:00
I005853,U0308,R0167,saved,,2024-06-20 22:34:00
I005854,U0305,R0154,viewed,,2024-10-17 13:28:00
I005855,U0222,R0043,visited,,2024-04-21 07:49:00
I005856,U0472,R0153,viewed,,2024-09-05 18:53:00
I005857,U0328,R0082,visited,4.0,2025-01-24 23:05:00
I005858,U0264,R0216,viewed,,2025-02-26 08:49:00
I005859,U0103,R0068,viewed,,2024-02-14 03:25:00
I005860,U0316,R0130,viewed,,2024-10-07 04:25:00
I005861,U0040,R0296,visited,,2024-10-25 09:45:00
I005862,U0469,R0247,viewed,,2024-06-08 04:09:00
I005863,U0458,R0228,viewed,,2024-02-11 05:53:00
I005864,U0016,R0287,saved,,2024-06-25 14:43:00
I005865,U0019,R0016,rated,4.0,2024-04-01 08:25:00
I005866,U0205,R0117,viewed,,2024-09-19 02:00:00
I005867,U0284,R0223,rated,5.0,2024-05-17 21:49:00
I005868,U0067,R0297,saved,,2024-11-02 00:13:00
I005869,U0165,R0143,rated,3.0,2024-07-17 08:09:00
I005870,U0382,R0271,visited,,2024-09-13 08:51:00
I005871,U0410,R0215,rated,4.0,2024-09-22 22:59:00
I005872,U0042,R0077,visited,5.0,2024-11-04 20:13:00
I005873,U0388,R0256,viewed,,2024-08-25 04:14:00
I005874,U0172,R0072,rated,5.0,2025-02-08 06:24:00
I005875,U0046,R0057,rated,5.0,2024-09-22 17:30:00
I005876,U0030,R0165,rated,5.0,2024-08-09 05:53:00
I005877,U0318,R0260,saved,,2024-06-03 16:31:00
I005878,U0211,R0061,saved,,2024-05-23 16:15:00
I005879,U0323,R0181,viewed,,2024-08-10 13:32:00
I005880,U0119,R0071,saved,,2024-06-21 06:39:00
I005881,U0108,R0022,viewed,,2024-02-08 19:36:00
I005882,U0289,R0107,rated,4.0,2024-05-06 17:59:00
I005883,U0274,R0103,viewed,,2024-12-11 06:28:00
I005884,U0041,R0240,viewed,,2024-10-02 17:01:00
I005885,U0173,R0155,viewed,,2024-07-18 07:44:00
I005886,U0198,R0108,rated,5.0,2024-10-09 21:48:00
I005887,U0496,R0094,viewed,,2024-10-31 23:36:00
I005888,U0155,R0276,visited,,2024-09-12 23:02:00
I005889,U0469,R0048,viewed,,2025-01-30 14:53:00
I005890,U0323,R0242,saved,,2024-01-04 02:11:00
I005891,U0455,R0013,saved,,2024-01-08 23:18:00
I005892,U0366,R0004,rated,5.0,2024-01-26 23:59:00
I005893,U0310,R0080,viewed,,2024-07-29 18:27:00
I005894,U0288,R0115,viewed,,2024-12-18 00:45:00
I005895,U0470,R0223,rated,5.0,2025-03-02 06:44:00
I005896,U0208,R0036,visited,4.0,2024-12-10 13:04:00
I005897,U0456,R0216,visited,4.0,2024-02-25 16:07:00
I005898,U0331,R0039,saved,,2024-11-08 19:18:00
I005899,U0339,R0078,rated,3.0,2024-10-23 05:10:00
I005900,U0477,R0121,saved,,2025-01-15 16:37:00
I005901,U0268,R0298,saved,,2024-01-22 02:58:00
I005902,U0471,R0004,viewed,,2025-01-07 04:41:00
I005903,U0459,R0255,saved,,2024-09-22 07:51:00
I005904,U0018,R0047,rated,3.0,2024-05-16 03:00:00
I005905,U0261,R0275,saved,,2024-05-17 08:09:00
I005906,U0174,R0128,viewed,,2024-11-02 09:05:00
I005907,U0414,R0254,visited,,2024-09-12 01:09:00
I005908,U0111,R0299,saved,,2024-04-07 02:03:00
I005909,U0309,R0034,rated,3.0,2024-11-01 02:00:00
I005910,U0461,R0047,saved,,2024-03-19 09:09:00
I005911,U0179,R0024,saved,,2024-04-14 03:03:00
I005912,U0217,R0287,rated,3.0,2024-10-07 14:50:00
I005913,U0394,R0253,saved,,2024-11-17 02:03:00
I005914,U0457,R0159,saved,,2024-09-26 23:09:00
I005915,U0177,R0092,visited,5.0,2024-09-02 13:35:00
I005916,U0141,R0215,visited,5.0,2024-06-02 20:41:00
I005917,U0008,R0133,viewed,,2024-05-24 15:13:00
I005918,U0425,R0226,rated,5.0,2024-06-18 04:24:00
I005919,U0115,R0083,saved,,2025-03-22 08:18:00
I005920,U0060,R0120,viewed,,2024-10-09 20:03:00
I005921,U0038,R0031,saved,,2024-01-08 00:09:00
I005922,U0123,R0110,viewed,,2024-06-18 00:27:00
I005923,U0090,R0240,viewed,,2025-02-19 11:30:00
I005924,U0481,R0272,viewed,,2024-07-20 01:16:00
I005925,U0050,R0195,viewed,,2025-03-05 08:14:00
I005926,U0341,R0162,viewed,,2024-08-03 20:18:00
I005927,U0371,R0120,viewed,,2024-05-19 00:13:00
I005928,U0042,R0257,visited,,2024-04-30 10:00:00
I005929,U0438,R0221,viewed,,2025-03-05 17:42:00
I005930,U0227,R0101,viewed,,2025-02-20 19:55:00
I005931,U0441,R0181,saved,,2024-06-23 21:03:00
I005932,U0005,R0273,viewed,,2024-12-27 09:48:00
I005933,U0490,R0144,viewed,,2024-04-06 21:23:00
I005934,U0450,R0051,viewed,,2024-03-26 01:07:00
I005935,U0374,R0136,visited,,2024-04-25 08:01:00
I005936,U0159,R0290,viewed,,2024-07-07 11:14:00
I005937,U0165,R0104,rated,2.0,2024-03-08 17:24:00
I005938,U0460,R0025,viewed,,2024-04-11 15:53:00
I005939,U0043,R0273,viewed,,2024-01-24 05:09:00
I005940,U0272,R0252,saved,,2024-12-26 16:46:00
I005941,U0480,R0020,saved,,2024-08-10 09:11:00
I005942,U0153,R0038,saved,,2025-04-01 22:17:00
I005943,U0449,R0147,saved,,2024-04-05 15:41:00
I005944,U0440,R0078,viewed,,2024-02-11 11:47:00
I005945,U0333,R0239,viewed,,2024-06-30 22:12:00
I005946,U0378,R0119,viewed,,2024-11-15 08:35:00
I005947,U0150,R0150,saved,,2024-04-15 03:16:00
I005948,U0323,R0006,viewed,,2024-01-11 01:34:00
I005949,U0055,R0004,viewed,,2024-02-29 20:19:00
I005950,U0007,R0252,rated,5.0,2024-08-27 17:50:00
I005951,U0224,R0087,saved,,2024-04-20 08:32:00
I005952,U0157,R0148,viewed,,2024-04-19 09:59:00
I005953,U0457,R0182,viewed,,2024-04-27 17:09:00
I005954,U0474,R0202,visited,,2024-10-24 10:43:00
I005955,U0015,R0252,visited,5.0,2024-09-05 03:19:00
I005956,U0195,R0115,viewed,,2024-09-30 09:27:00
I005957,U0110,R0279,viewed,,2025-03-19 05:12:00
I005958,U0269,R0115,rated,3.0,2024-09-03 01:19:00
I005959,U0313,R0134,visited,,2024-12-21 09:01:00
I005960,U0082,R0195,viewed,,2024-11-11 05:16:00
I005961,U0085,R0121,saved,,2024-01-15 16:06:00
I005962,U0403,R0048,saved,,2024-09-24 22:11:00
I005963,U0024,R0294,viewed,,2024-02-16 17:55:00
I005964,U0424,R0074,viewed,,2024-03-17 02:46:00
I005965,U0146,R0210,viewed,,2024-05-13 14:12:00
I005966,U0408,R0127,viewed,,2025-01-28 10:20:00
I005967,U0178,R0201,saved,,2024-03-02 08:07:00
I005968,U0438,R0181,viewed,,2024-02-26 17:03:00
I005969,U0290,R0070,saved,,2025-03-28 06:39:00
I005970,U0360,R0054,viewed,,2024-01-01 16:48:00
I005971,U0230,R0143,viewed,,2024-07-10 13:22:00
I005972,U0010,R0250,viewed,,2024-04-26 15:53:00
I005973,U0354,R0119,rated,4.0,2024-04-13 11:48:00
I005974,U0486,R0119,saved,,2024-05-29 12:15:00
I005975,U0028,R0256,visited,,2024-06-17 16:13:00
I005976,U0413,R0011,rated,4.0,2025-03-29 17:59:00
I005977,U0456,R0201,viewed,,2024-01-26 05:25:00
I005978,U0255,R0145,saved,,2024-11-04 06:25:00
I005979,U0202,R0252,visited,4.0,2024-01-09 16:15:00
I005980,U0153,R0024,visited,,2025-02-16 08:49:00
I005981,U0352,R0300,visited,,2025-03-24 22:25:00
I005982,U0307,R0101,saved,,2025-02-18 10:55:00
I005983,U0380,R0167,visited,,2025-03-01 13:29:00
I005984,U0377,R0245,viewed,,2024-02-03 18:05:00
I005985,U0212,R0199,viewed,,2024-03-13 03:44:00
I005986,U0153,R0136,saved,,2024-01-13 08:21:00
I005987,U0357,R0223,viewed,,2025-02-09 08:15:00
I005988,U0295,R0210,viewed,,2024-07-24 07:02:00
I005989,U0020,R0239,rated,4.0,2024-03-29 06:45:00
I005990,U0187,R0215,viewed,,2024-02-25 16:29:00
I005991,U0225,R0113,saved,,2024-01-25 11:54:00
I005992,U0352,R0237,viewed,,2024-07-29 16:21:00
I005993,U0413,R0002,viewed,,2024-11-11 21:16:00
I005994,U0479,R0051,visited,4.0,2025-01-09 22:39:00
I005995,U0277,R0197,rated,4.0,2024-08-06 23:47:00
I005996,U0119,R0193,visited,3.0,2024-05-02 12:00:00
I005997,U0006,R0132,saved,,2024-02-28 22:12:00
I005998,U0489,R0262,viewed,,2024-01-27 03:04:00
I005999,U0407,R0279,viewed,,2024-11-24 15:38:00
I006000,U0007,R0255,saved,,2024-10-24 21:32:00
I006001,U0064,R0265,viewed,,2024-02-05 13:27:00
I006002,U0283,R0002,visited,3.0,2024-03-28 05:43:00
I006003,U0212,R0167,saved,,2024-07-03 17:27:00
I006004,U0435,R0207,viewed,,2024-01-27 09:58:00
I006005,U0152,R0086,visited,,2024-05-14 01:43:00
I006006,U0350,R0234,visited,4.0,2024-08-27 04:03:00
I006007,U0386,R0069,visited,4.0,2024-06-16 04:37:00
I006008,U0487,R0212,saved,,2024-05-08 15:07:00
I006009,U0210,R0277,viewed,,2024-12-31 03:46:00
I006010,U0484,R0024,viewed,,2024-08-17 18:30:00
I006011,U0343,R0024,viewed,,2024-01-13 20:58:00
I006012,U0128,R0221,viewed,,2024-09-18 05:08:00
I006013,U0128,R0176,viewed,,2024-11-04 09:06:00
I006014,U0336,R0206,saved,,2024-03-16 23:56:00
I006015,U0458,R0012,viewed,,2025-02-20 20:52:00
I006016,U0014,R0296,viewed,,2024-04-06 18:50:00
I006017,U0207,R0171,viewed,,2024-12-21 10:06:00
I006018,U0228,R0200,saved,,2024-10-13 07:26:00
I006019,U0156,R0166,saved,,2025-03-24 05:26:00
I006020,U0499,R0252,rated,5.0,2024-12-05 23:12:00
I006021,U0365,R0051,viewed,,2024-01-06 12:06:00
I006022,U0482,R0271,saved,,2024-01-21 19:42:00
I006023,U0295,R0281,saved,,2024-04-24 15:04:00
I006024,U0031,R0133,viewed,,2024-02-19 21:06:00
I006025,U0115,R0217,viewed,,2024-11-10 01:56:00
I006026,U0492,R0198,rated,4.0,2024-08-27 16:20:00
I006027,U0276,R0014,viewed,,2024-11-25 14:50:00
I006028,U0020,R0173,saved,,2025-01-15 15:21:00
I006029,U0320,R0175,visited,,2025-03-04 18:28:00
I006030,U0329,R0028,saved,,2024-08-24 23:48:00
I006031,U0403,R0253,visited,5.0,2024-01-16 08:57:00
I006032,U0417,R0100,visited,,2024-08-01 23:43:00
I006033,U0331,R0160,viewed,,2024-01-05 08:49:00
I006034,U0478,R0008,rated,5.0,2025-03-21 21:35:00
I006035,U0133,R0288,viewed,,2024-04-27 09:54:00
I006036,U0086,R0048,viewed,,2024-11-26 09:25:00
I006037,U0250,R0113,viewed,,2024-12-28 20:16:00
I006038,U0443,R0045,viewed,,2024-02-29 23:37:00
I006039,U0237,R0141,viewed,,2024-12-30 06:45:00
I006040,U0080,R0251,viewed,,2024-10-16 15:51:00
I006041,U0169,R0135,rated,2.0,2024-04-03 12:12:00
I006042,U0386,R0297,saved,,2024-04-13 01:37:00
I006043,U0078,R0075,viewed,,2025-03-25 14:01:00
I006044,U0022,R0111,visited,,2024-09-11 05:39:00
I006045,U0153,R0100,viewed,,2024-08-22 06:49:00
I006046,U0141,R0172,saved,,2025-02-27 03:39:00
I006047,U0172,R0171,visited,,2024-03-02 12:57:00
I006048,U0382,R0049,rated,3.0,2024-07-28 19:53:00
I006049,U0306,R0170,viewed,,2024-02-26 10:24:00
I006050,U0415,R0201,saved,,2024-06-21 19:28:00
I006051,U0387,R0054,viewed,,2025-02-28 04:38:00
I006052,U0267,R0035,viewed,,2024-04-18 17:40:00
I006053,U0344,R0167,saved,,2024-11-13 12:20:00
I006054,U0353,R0184,viewed,,2025-02-16 16:20:00
I006055,U0439,R0023,viewed,,2024-05-03 18:50:00
I006056,U0203,R0020,viewed,,2025-01-22 01:36:00
I006057,U0025,R0177,viewed,,2024-10-16 16:36:00
I006058,U0317,R0010,viewed,,2025-01-29 15:29:00
I006059,U0256,R0100,rated,3.0,2024-09-14 02:21:00
I006060,U0118,R0011,saved,,2024-04-15 06:24:00
I006061,U0409,R0239,viewed,,2024-10-15 15:37:00
I006062,U0070,R0181,saved,,2024-12-27 04:59:00
I006063,U0054,R0115,saved,,2024-05-07 04:44:00
I006064,U0041,R0217,viewed,,2024-03-11 03:08:00
I006065,U0344,R0058,visited,,2024-06-15 09:41:00
I006066,U0264,R0180,saved,,2025-01-22 13:44:00
I006067,U0048,R0002,viewed,,2024-09-03 15:43:00
I006068,U0298,R0251,visited,,2024-06-20 03:45:00
I006069,U0156,R0202,viewed,,2024-09-09 05:03:00
I006070,U0158,R0021,viewed,,2024-12-11 09:00:00
I006071,U0053,R0082,saved,,2024-08-05 22:40:00
I006072,U0388,R0159,viewed,,2024-06-21 11:52:00
I006073,U0017,R0044,viewed,,2024-05-02 02:58:00
I006074,U0275,R0218,viewed,,2024-07-15 09:25:00
I006075,U0104,R0196,saved,,2024-03-18 01:36:00
I006076,U0001,R0269,rated,5.0,2024-01-18 02:48:00
I006077,U0156,R0195,viewed,,2025-03-27 01:50:00
I006078,U0322,R0084,visited,,2024-03-07 08:51:00
I006079,U0119,R0046,saved,,2024-07-17 08:10:00
I006080,U0171,R0015,saved,,2024-03-30 07:09:00
I006081,U0397,R0136,visited,,2024-08-09 20:46:00
I006082,U0128,R0252,visited,,2025-01-01 05:38:00
I006083,U0085,R0045,viewed,,2024-01-03 12:04:00
I006084,U0184,R0203,rated,4.0,2024-08-17 08:59:00
I006085,U0342,R0269,viewed,,2025-03-14 13:47:00
I006086,U0299,R0049,rated,5.0,2024-11-17 16:43:00
I006087,U0386,R0037,saved,,2024-01-25 05:20:00
I006088,U0443,R0201,visited,4.0,2024-08-11 01:19:00
I006089,U0376,R0153,viewed,,2024-02-25 09:09:00
I006090,U0355,R0214,viewed,,2024-02-06 12:03:00
I006091,U0132,R0207,viewed,,2025-01-03 00:28:00
I006092,U0108,R0237,viewed,,2025-02-10 23:38:00
I006093,U0091,R0132,viewed,,2025-02-04 22:04:00
I006094,U0328,R0212,rated,5.0,2024-02-24 04:48:00
I006095,U0377,R0259,rated,5.0,2024-03-22 08:53:00
I006096,U0430,R0284,saved,,2024-11-03 09:42:00
I006097,U0426,R0259,viewed,,2025-03-13 01:26:00
I006098,U0151,R0019,saved,,2024-04-06 04:20:00
I006099,U0142,R0236,rated,5.0,2024-06-26 12:39:00
I006100,U0457,R0163,viewed,,2024-06-21 08:07:00
I006101,U0374,R0248,rated,5.0,2024-06-02 14:49:00
I006102,U0248,R0004,visited,5.0,2024-03-11 00:56:00
I006103,U0099,R0195,rated,5.0,2024-07-23 11:49:00
I006104,U0125,R0287,rated,4.0,2024-10-03 18:21:00
I006105,U0480,R0104,visited,4.0,2024-02-04 05:37:00
I006106,U0010,R0160,visited,,2024-04-22 22:35:00
I006107,U0182,R0187,visited,4.0,2025-03-11 01:03:00
I006108,U0023,R0297,viewed,,2024-05-13 06:37:00
I006109,U0328,R0258,rated,3.0,2024-11-16 16:15:00
I006110,U0424,R0251,viewed,,2024-07-29 17:47:00
I006111,U0419,R0023,viewed,,2024-12-07 22:11:00
I006112,U0269,R0048,viewed,,2024-07-20 11:56:00
I006113,U0247,R0283,visited,,2024-07-06 08:43:00
I006114,U0380,R0036,saved,,2024-04-23 12:24:00
I006115,U0101,R0145,viewed,,2024-01-27 07:18:00
I006116,U0411,R0203,rated,4.0,2024-02-03 03:49:00
I006117,U0169,R0180,saved,,2024-07-28 00:38:00
I006118,U0391,R0039,viewed,,2024-12-12 19:24:00
I006119,U0146,R0242,viewed,,2024-10-04 23:01:00
I006120,U0463,R0255,viewed,,2024-10-27 19:27:00
I006121,U0320,R0300,visited,,2025-02-16 04:06:00
I006122,U0335,R0201,visited,,2024-10-01 08:12:00
I006123,U0412,R0284,viewed,,2024-06-04 07:44:00
I006124,U0457,R0295,viewed,,2025-01-12 23:51:00
I006125,U0407,R0233,rated,4.0,2024-06-24 20:27:00
I006126,U0272,R0042,visited,4.0,2024-01-11 04:50:00
I006127,U0421,R0296,saved,,2024-12-14 22:24:00
I006128,U0152,R0256,saved,,2024-02-11 21:59:00
I006129,U0430,R0177,visited,4.0,2024-04-21 09:52:00
I006130,U0079,R0061,viewed,,2024-07-15 05:27:00
I006131,U0315,R0213,visited,,2025-01-30 14:50:00
I006132,U0259,R0123,visited,5.0,2024-04-16 15:12:00
I006133,U0034,R0290,visited,4.0,2024-08-03 18:32:00
I006134,U0455,R0024,viewed,,2024-12-18 19:28:00
I006135,U0081,R0217,rated,5.0,2024-08-04 18:05:00
I006136,U0240,R0008,saved,,2024-10-05 06:43:00
I006137,U0196,R0142,viewed,,2024-02-25 11:02:00
I006138,U0001,R0221,visited,4.0,2024-03-25 17:21:00
I006139,U0464,R0103,viewed,,2024-07-10 15:44:00
I006140,U0444,R0027,visited,,2025-01-04 21:39:00
I006141,U0157,R0060,viewed,,2024-01-29 02:32:00
I006142,U0338,R0002,viewed,,2024-03-14 00:45:00
I006143,U0194,R0282,visited,4.0,2024-09-12 00:17:00
I006144,U0428,R0220,rated,3.0,2024-11-24 00:42:00
I006145,U0412,R0286,viewed,,2024-07-17 04:07:00
I006146,U0042,R0223,viewed,,2024-01-21 08:24:00
I006147,U0310,R0277,visited,,2024-02-19 13:42:00
I006148,U0072,R0052,viewed,,2024-12-23 11:01:00
I006149,U0037,R0137,saved,,2025-01-20 17:09:00
I006150,U0134,R0228,rated,2.0,2024-08-27 18:44:00
I006151,U0160,R0160,viewed,,2024-08-27 11:24:00
I006152,U0220,R0198,rated,4.0,2024-07-22 05:05:00
I006153,U0318,R0192,visited,,2024-10-27 15:51:00
I006154,U0197,R0043,viewed,,2025-02-15 03:25:00
I006155,U0499,R0285,saved,,2024-08-31 21:02:00
I006156,U0139,R0175,viewed,,2024-12-06 15:53:00
I006157,U0125,R0006,saved,,2024-01-17 02:35:00
I006158,U0188,R0300,viewed,,2024-09-01 07:07:00
I006159,U0252,R0096,viewed,,2024-09-18 12:59:00
I006160,U0172,R0013,rated,4.0,2024-09-21 09:07:00
I006161,U0298,R0096,saved,,2024-04-01 22:56:00
I006162,U0288,R0087,visited,,2024-03-01 09:14:00
I006163,U0363,R0248,viewed,,2025-01-11 01:49:00
I006164,U0283,R0212,rated,5.0,2024-09-19 00:33:00
I006165,U0254,R0057,viewed,,2024-09-22 22:19:00
I006166,U0227,R0101,viewed,,2024-01-31 22:22:00
I006167,U0238,R0031,visited,,2024-07-10 18:11:00
I006168,U0162,R0245,saved,,2025-02-08 15:53:00
I006169,U0335,R0295,viewed,,2024-05-14 22:27:00
I006170,U0117,R0246,saved,,2025-01-05 02:24:00
I006171,U0251,R0048,visited,5.0,2024-09-11 01:09:00
I006172,U0075,R0150,saved,,2024-08-01 05:06:00
I006173,U0009,R0274,saved,,2025-03-03 05:01:00
I006174,U0392,R0297,visited,,2025-03-04 18:15:00
I006175,U0118,R0028,viewed,,2024-04-27 18:29:00
I006176,U0477,R0237,visited,,2024-01-21 09:09:00
I006177,U0344,R0205,viewed,,2024-10-27 00:00:00
I006178,U0145,R0081,rated,3.0,2025-01-12 01:38:00
I006179,U0189,R0077,visited,,2024-11-12 02:12:00
I006180,U0158,R0035,visited,,2024-11-28 08:16:00
I006181,U0063,R0299,saved,,2024-03-28 21:14:00
I006182,U0106,R0134,viewed,,2025-01-02 17:41:00
I006183,U0260,R0186,rated,5.0,2024-01-05 16:33:00
I006184,U0311,R0078,viewed,,2024-02-19 00:57:00
I006185,U0167,R0125,saved,,2024-11-19 23:38:00
I006186,U0407,R0223,visited,5.0,2024-08-29 16:05:00
I006187,U0414,R0058,rated,4.0,2024-03-01 13:09:00
I006188,U0405,R0246,rated,4.0,2024-08-03 18:49:00
I006189,U0038,R0199,viewed,,2024-11-10 00:31:00
I006190,U0175,R0060,visited,,2025-03-22 05:15:00
I006191,U0490,R0218,visited,,2024-02-28 15:41:00
I006192,U0444,R0151,saved,,2024-05-17 13:53:00
I006193,U0470,R0238,viewed,,2024-07-14 22:58:00
I006194,U0289,R0287,saved,,2024-04-16 10:42:00
I006195,U0500,R0059,viewed,,2025-01-01 13:47:00
I006196,U0101,R0069,viewed,,2024-10-17 07:22:00
I006197,U0390,R0028,visited,,2025-03-14 03:32:00
I006198,U0218,R0162,visited,4.0,2024-04-21 19:54:00
I006199,U0084,R0267,visited,,2024-09-06 13:59:00
I006200,U0307,R0206,viewed,,2024-05-16 09:00:00
I006201,U0214,R0202,visited,,2024-03-17 10:13:00
I006202,U0083,R0264,saved,,2024-01-03 20:35:00
I006203,U0016,R0038,saved,,2024-10-03 15:11:00
I006204,U0373,R0097,rated,4.0,2024-01-19 22:01:00
I006205,U0322,R0175,visited,,2024-10-01 13:42:00
I006206,U0036,R0298,rated,5.0,2025-02-27 23:59:00
I006207,U0466,R0250,viewed,,2025-02-17 03:32:00
I006208,U0402,R0271,visited,5.0,2024-07-17 07:11:00
I006209,U0118,R0217,visited,,2025-02-20 05:14:00
I006210,U0166,R0038,saved,,2024-11-08 00:22:00
I006211,U0461,R0267,viewed,,2025-03-20 20:36:00
I006212,U0194,R0072,visited,5.0,2024-05-10 14:36:00
I006213,U0380,R0231,viewed,,2024-06-21 23:17:00
I006214,U0198,R0141,viewed,,2024-06-14 08:25:00
I006215,U0435,R0245,viewed,,2024-01-06 01:14:00
I006216,U0374,R0004,viewed,,2024-12-07 12:51:00
I006217,U0452,R0078,rated,3.0,2024-03-31 11:15:00
I006218,U0007,R0002,viewed,,2024-06-25 04:03:00
I006219,U0250,R0258,viewed,,2024-12-02 09:06:00
I006220,U0156,R0198,visited,,2024-08-18 01:31:00
I006221,U0121,R0244,visited,,2024-02-11 08:15:00
I006222,U0180,R0135,saved,,2024-03-19 21:34:00
I006223,U0453,R0154,visited,3.0,2024-01-29 19:31:00
I006224,U0158,R0296,rated,4.0,2024-02-16 20:09:00
I006225,U0192,R0285,viewed,,2024-02-19 17:50:00
I006226,U0471,R0153,viewed,,2024-09-17 19:51:00
I006227,U0283,R0129,viewed,,2024-12-09 08:38:00
I006228,U0491,R0237,visited,,2024-02-04 05:15:00
I006229,U0150,R0009,viewed,,2024-12-23 10:08:00
I006230,U0013,R0046,visited,2.0,2025-01-02 08:10:00
I006231,U0012,R0051,viewed,,2024-03-10 05:02:00
I006232,U0304,R0154,saved,,2024-01-13 16:59:00
I006233,U0238,R0234,visited,4.0,2024-12-08 22:15:00
I006234,U0492,R0229,viewed,,2024-12-25 14:14:00
I006235,U0162,R0253,viewed,,2025-01-11 02:32:00
I006236,U0228,R0239,visited,,2024-10-30 11:13:00
I006237,U0166,R0293,viewed,,2024-02-23 09:15:00
I006238,U0216,R0028,viewed,,2024-03-06 09:15:00
I006239,U0476,R0153,saved,,2025-01-17 22:03:00
I006240,U0128,R0255,visited,,2024-02-21 10:22:00
I006241,U0001,R0220,viewed,,2024-05-27 10:17:00
I006242,U0309,R0200,saved,,2025-03-09 08:30:00
I006243,U0312,R0284,rated,3.0,2024-10-07 07:58:00
I006244,U0161,R0028,visited,4.0,2024-06-06 00:11:00
I006245,U0235,R0186,saved,,2024-12-12 01:07:00
I006246,U0467,R0142,visited,3.0,2024-05-03 20:12:00
I006247,U0220,R0295,viewed,,2024-06-02 01:09:00
I006248,U0449,R0053,viewed,,2024-06-01 18:33:00
I006249,U0022,R0148,saved,,2024-04-06 09:40:00
I006250,U0297,R0110,viewed,,2025-03-19 13:58:00
I006251,U0474,R0102,viewed,,2024-07-11 01:23:00
I006252,U0381,R0166,rated,5.0,2025-03-11 23:36:00
I006253,U0021,R0134,saved,,2024-04-08 13:11:00
I006254,U0413,R0114,visited,,2025-02-05 06:04:00
I006255,U0061,R0021,viewed,,2024-04-07 23:58:00
I006256,U0485,R0229,rated,3.0,2024-10-13 19:50:00
I006257,U0421,R0265,saved,,2024-07-25 17:49:00
I006258,U0483,R0221,visited,,2025-02-25 06:05:00
I006259,U0222,R0165,viewed,,2024-04-25 17:04:00
I006260,U0340,R0093,saved,,2024-11-06 23:02:00
I006261,U0056,R0138,viewed,,2024-11-01 07:17:00
I006262,U0193,R0265,saved,,2024-12-02 07:32:00
I006263,U0449,R0145,viewed,,2024-04-19 15:11:00
I006264,U0189,R0265,visited,3.0,2024-04-28 21:59:00
I006265,U0189,R0267,viewed,,2025-03-19 00:02:00
I006266,U0019,R0084,visited,,2024-07-13 21:34:00
I006267,U0492,R0205,viewed,,2024-04-27 16:22:00
I006268,U0166,R0187,viewed,,2024-02-18 20:34:00
I006269,U0047,R0155,saved,,2024-03-11 09:19:00
I006270,U0117,R0211,saved,,2024-01-02 08:40:00
I006271,U0393,R0046,saved,,2024-01-28 20:56:00
I006272,U0317,R0053,viewed,,2024-10-28 15:16:00
I006273,U0433,R0270,rated,2.0,2024-05-16 04:23:00
I006274,U0077,R0252,saved,,2024-08-14 15:48:00
I006275,U0300,R0036,saved,,2024-08-14 05:22:00
I006276,U0458,R0107,rated,5.0,2024-04-08 09:34:00
I006277,U0284,R0038,viewed,,2025-03-01 00:59:00
I006278,U0013,R0087,viewed,,2025-02-08 02:51:00
I006279,U0068,R0231,saved,,2024-07-18 12:56:00
I006280,U0152,R0153,viewed,,2024-09-14 09:32:00
I006281,U0147,R0090,rated,5.0,2024-03-30 15:16:00
I006282,U0394,R0077,visited,5.0,2024-12-03 23:56:00
I006283,U0148,R0243,visited,,2024-02-14 06:27:00
I006284,U0246,R0057,saved,,2024-09-25 09:48:00
I006285,U0158,R0045,saved,,2025-02-08 11:00:00
I006286,U0303,R0239,saved,,2024-04-10 01:38:00
I006287,U0473,R0267,saved,,2024-09-20 05:45:00
I006288,U0255,R0031,viewed,,2024-12-06 07:17:00
I006289,U0151,R0197,viewed,,2024-08-09 10:36:00
I006290,U0063,R0128,viewed,,2025-02-02 11:08:00
I006291,U0443,R0272,visited,,2024-10-03 17:04:00
I006292,U0499,R0288,visited,,2024-10-09 05:14:00
I006293,U0052,R0037,saved,,2024-12-29 05:11:00
I006294,U0010,R0108,viewed,,2024-12-03 03:03:00
I006295,U0143,R0241,visited,3.0,2024-02-20 09:05:00
I006296,U0225,R0184,viewed,,2024-06-24 21:17:00
I006297,U0063,R0227,saved,,2024-11-24 06:00:00
I006298,U0135,R0260,viewed,,2024-09-28 02:53:00
I006299,U0191,R0289,visited,,2025-02-04 11:21:00
I006300,U0075,R0286,saved,,2025-01-28 06:27:00
I006301,U0028,R0059,viewed,,2024-09-04 05:56:00
I006302,U0065,R0146,visited,,2024-12-27 10:05:00
I006303,U0008,R0171,viewed,,2024-09-22 10:46:00
I006304,U0310,R0140,viewed,,2025-03-24 14:48:00
I006305,U0407,R0219,saved,,2024-02-10 07:06:00
I006306,U0012,R0268,saved,,2024-06-19 14:58:00
I006307,U0222,R0242,saved,,2024-08-08 13:31:00
I006308,U0477,R0189,viewed,,2024-08-27 19:19:00
I006309,U0414,R0031,visited,,2024-05-27 22:05:00
I006310,U0286,R0175,viewed,,2024-11-24 02:05:00
I006311,U0274,R0251,viewed,,2024-01-29 17:49:00
I006312,U0232,R0192,viewed,,2024-07-13 18:20:00
I006313,U0149,R0013,viewed,,2025-02-04 06:48:00
I006314,U0177,R0237,viewed,,2024-11-21 20:39:00
I006315,U0420,R0181,viewed,,2024-08-04 17:18:00
I006316,U0483,R0032,viewed,,2024-08-15 17:39:00
I006317,U0347,R0097,viewed,,2024-05-31 23:29:00
I006318,U0201,R0027,saved,,2025-03-23 22:56:00
I006319,U0095,R0217,saved,,2024-03-23 04:22:00
I006320,U0400,R0291,rated,3.0,2024-04-13 14:27:00
I006321,U0185,R0103,viewed,,2024-08-12 04:51:00
I006322,U0187,R0296,rated,4.0,2024-05-03 14:20:00
I006323,U0342,R0124,viewed,,2025-02-07 22:57:00
I006324,U0265,R0105,viewed,,2025-02-24 04:36:00
I006325,U0134,R0265,viewed,,2025-03-30 01:17:00
I006326,U0483,R0297,visited,,2024-03-10 14:46:00
I006327,U0480,R0036,visited,,2024-08-19 22:39:00
I006328,U0268,R0015,saved,,2024-08-17 04:00:00
I006329,U0443,R0250,saved,,2025-03-24 14:30:00
I006330,U0020,R0036,viewed,,2025-01-16 09:43:00
I006331,U0065,R0294,viewed,,2024-01-12 06:25:00
I006332,U0175,R0135,viewed,,2024-10-28 16:13:00
I006333,U0484,R0280,saved,,2024-04-06 00:58:00
I006334,U0234,R0054,viewed,,2024-10-08 20:13:00
I006335,U0405,R0282,viewed,,2024-07-02 21:56:00
I006336,U0204,R0266,saved,,2024-10-31 15:17:00
I006337,U0405,R0154,viewed,,2024-10-06 04:10:00
I006338,U0205,R0131,viewed,,2024-06-04 13:17:00
I006339,U0492,R0237,saved,,2025-03-07 23:44:00
I006340,U0401,R0249,viewed,,2025-02-21 17:34:00
I006341,U0496,R0209,viewed,,2024-03-17 08:22:00
I006342,U0014,R0043,saved,,2025-02-18 03:10:00
I006343,U0059,R0284,saved,,2024-01-28 14:25:00
I006344,U0092,R0052,visited,3.0,2024-11-28 23:10:00
I006345,U0210,R0093,saved,,2024-08-28 05:46:00
I006346,U0010,R0081,viewed,,2025-02-05 09:04:00
I006347,U0067,R0144,viewed,,2024-07-01 23:57:00
I006348,U0360,R0200,visited,,2025-01-16 03:45:00
I006349,U0474,R0252,viewed,,2025-01-23 14:58:00
I006350,U0346,R0107,visited,,2024-01-19 13:58:00
I006351,U0025,R0159,viewed,,2024-04-17 14:18:00
I006352,U0244,R0038,viewed,,2024-08-11 21:30:00
I006353,U0437,R0038,rated,3.0,2024-02-20 08:01:00
I006354,U0006,R0254,viewed,,2024-04-23 18:18:00
I006355,U0089,R0237,saved,,2025-01-07 08:09:00
I006356,U0153,R0251,saved,,2024-06-01 21:42:00
I006357,U0292,R0069,viewed,,2024-12-21 14:51:00
I006358,U0417,R0050,visited,3.0,2024-01-15 08:54:00
I006359,U0257,R0293,viewed,,2024-03-01 08:14:00
I006360,U0210,R0203,viewed,,2025-02-20 16:02:00
I006361,U0431,R0047,visited,5.0,2024-05-03 11:59:00
I006362,U0486,R0253,saved,,2024-12-30 15:39:00
I006363,U0140,R0240,visited,4.0,2024-05-23 12:42:00
I006364,U0217,R0254,rated,4.0,2025-02-15 08:36:00
I006365,U0366,R0048,saved,,2024-02-22 12:58:00
I006366,U0109,R0086,viewed,,2024-02-26 13:44:00
I006367,U0131,R0181,viewed,,2024-12-13 09:46:00
I006368,U0147,R0069,viewed,,2024-01-07 00:18:00
I006369,U0293,R0264,visited,3.0,2024-01-28 10:53:00
I006370,U0490,R0288,visited,,2024-07-23 18:03:00
I006371,U0166,R0044,saved,,2024-07-30 11:13:00
I006372,U0017,R0019,rated,3.0,2024-04-20 08:05:00
I006373,U0009,R0278,viewed,,2024-10-29 10:03:00
I006374,U0140,R0191,visited,,2024-01-20 04:46:00
I006375,U0358,R0153,saved,,2024-12-18 01:42:00
I006376,U0347,R0288,viewed,,2024-04-07 03:09:00
I006377,U0467,R0294,visited,,2024-07-07 18:49:00
I006378,U0089,R0138,saved,,2024-02-26 13:25:00
I006379,U0061,R0280,saved,,2025-01-27 00:13:00
I006380,U0067,R0281,viewed,,2024-12-21 11:12:00
I006381,U0276,R0103,visited,4.0,2025-02-27 22:45:00
I006382,U0319,R0063,saved,,2024-02-06 20:26:00
I006383,U0174,R0038,visited,,2025-03-23 02:06:00
I006384,U0092,R0195,viewed,,2024-09-01 00:11:00
I006385,U0063,R0192,visited,,2024-06-28 01:55:00
I006386,U0105,R0186,saved,,2024-07-22 14:14:00
I006387,U0078,R0061,visited,,2025-01-04 05:19:00
I006388,U0041,R0172,viewed,,2025-03-16 08:00:00
I006389,U0391,R0197,visited,4.0,2025-01-07 03:44:00
I006390,U0218,R0032,viewed,,2024-02-25 06:54:00
I006391,U0351,R0097,saved,,2024-12-21 07:27:00
I006392,U0466,R0141,viewed,,2024-02-26 16:01:00
I006393,U0497,R0193,viewed,,2024-12-14 10:49:00
I006394,U0473,R0174,rated,5.0,2024-01-22 22:47:00
I006395,U0408,R0128,visited,3.0,2024-04-19 19:47:00
I006396,U0204,R0127,saved,,2024-06-20 09:31:00
I006397,U0093,R0043,visited,5.0,2025-02-26 23:12:00
I006398,U0459,R0117,viewed,,2024-08-15 05:32:00
I006399,U0273,R0262,viewed,,2024-08-01 11:47:00
I006400,U0320,R0196,viewed,,2024-10-11 21:29:00
I006401,U0145,R0157,visited,5.0,2024-10-04 02:13:00
I006402,U0123,R0173,rated,4.0,2024-03-22 19:54:00
I006403,U0302,R0080,saved,,2024-03-07 07:56:00
I006404,U0167,R0023,saved,,2024-04-20 18:15:00
I006405,U0418,R0200,visited,,2024-04-10 17:45:00
I006406,U0242,R0143,viewed,,2024-07-03 13:45:00
I006407,U0430,R0278,rated,3.0,2024-07-16 11:37:00
I006408,U0059,R0091,visited,2.0,2024-05-25 16:53:00
I006409,U0458,R0067,viewed,,2025-01-10 23:22:00
I006410,U0063,R0135,saved,,2024-07-23 09:19:00
I006411,U0348,R0229,saved,,2024-03-02 17:32:00
I006412,U0146,R0159,saved,,2025-02-12 08:28:00
I006413,U0496,R0102,saved,,2024-07-12 03:30:00
I006414,U0333,R0074,rated,5.0,2024-03-09 21:42:00
I006415,U0260,R0015,viewed,,2024-02-16 05:59:00
I006416,U0278,R0290,saved,,2024-11-21 21:30:00
I006417,U0463,R0157,visited,5.0,2024-08-15 11:27:00
I006418,U0385,R0118,viewed,,2024-09-14 06:50:00
I006419,U0398,R0241,saved,,2024-12-29 05:12:00
I006420,U0336,R0084,visited,,2024-02-26 23:08:00
I006421,U0189,R0264,viewed,,2025-01-29 19:40:00
I006422,U0318,R0170,saved,,2024-12-15 13:40:00
I006423,U0094,R0136,saved,,2024-07-06 11:32:00
I006424,U0290,R0239,visited,3.0,2024-02-02 18:42:00
I006425,U0248,R0018,saved,,2025-02-10 17:18:00
I006426,U0431,R0296,visited,,2025-03-26 21:36:00
I006427,U0206,R0230,saved,,2024-12-12 21:15:00
I006428,U0220,R0111,viewed,,2024-11-16 02:28:00
I006429,U0192,R0062,viewed,,2024-02-06 11:44:00
I006430,U0217,R0243,saved,,2024-07-11 06:31:00
I006431,U0145,R0252,visited,5.0,2024-07-20 07:54:00
I006432,U0265,R0219,viewed,,2024-07-16 20:32:00
I006433,U0233,R0060,saved,,2024-09-14 08:58:00
I006434,U0167,R0094,saved,,2024-08-28 12:46:00
I006435,U0064,R0229,viewed,,2024-08-01 01:00:00
I006436,U0126,R0151,saved,,2025-03-19 17:50:00
I006437,U0191,R0046,saved,,2024-05-17 21:47:00
I006438,U0011,R0245,viewed,,2024-12-04 08:03:00
I006439,U0055,R0050,rated,3.0,2024-11-16 10:11:00
I006440,U0287,R0095,visited,2.0,2024-04-27 00:57:00
I006441,U0264,R0117,saved,,2024-02-08 13:40:00
I006442,U0430,R0064,viewed,,2025-03-29 06:16:00
I006443,U0282,R0290,visited,,2025-02-05 02:57:00
I006444,U0380,R0112,rated,3.0,2024-07-15 12:51:00
I006445,U0288,R0032,viewed,,2024-01-28 10:45:00
I006446,U0149,R0015,viewed,,2024-04-27 05:35:00
I006447,U0374,R0142,saved,,2024-02-19 21:18:00
I006448,U0372,R0144,saved,,2024-05-19 06:58:00
I006449,U0419,R0099,viewed,,2024-04-07 23:09:00
I006450,U0443,R0149,viewed,,2024-12-08 11:10:00
I006451,U0042,R0035,saved,,2024-05-30 17:52:00
I006452,U0478,R0054,saved,,2024-10-16 04:55:00
I006453,U0357,R0113,saved,,2024-08-29 07:34:00
I006454,U0280,R0166,rated,5.0,2024-07-28 19:17:00
I006455,U0435,R0141,rated,3.0,2025-03-12 06:56:00
I006456,U0042,R0192,visited,,2024-10-16 03:11:00
I006457,U0332,R0131,viewed,,2024-11-29 22:35:00
I006458,U0159,R0169,visited,4.0,2024-11-01 20:46:00
I006459,U0120,R0030,rated,3.0,2024-02-28 09:41:00
I006460,U0017,R0077,viewed,,2024-02-08 02:32:00
I006461,U0128,R0228,saved,,2024-02-04 01:32:00
I006462,U0387,R0113,viewed,,2024-02-26 01:18:00
I006463,U0236,R0002,visited,4.0,2025-02-07 08:16:00
I006464,U0432,R0069,visited,4.0,2025-02-27 22:04:00
I006465,U0289,R0170,visited,2.0,2024-05-19 11:46:00
I006466,U0352,R0068,rated,5.0,2024-09-25 20:59:00
I006467,U0068,R0037,viewed,,2024-06-02 13:11:00
I006468,U0235,R0228,viewed,,2024-07-07 10:27:00
I006469,U0351,R0098,saved,,2024-10-15 07:22:00
I006470,U0253,R0103,visited,,2024-12-30 02:37:00
I006471,U0346,R0021,rated,4.0,2024-08-19 07:05:00
I006472,U0164,R0298,saved,,2024-10-05 10:07:00
I006473,U0321,R0152,viewed,,2024-01-11 15:16:00
I006474,U0243,R0069,viewed,,2024-11-14 16:34:00
I006475,U0499,R0042,rated,3.0,2024-03-14 03:48:00
I006476,U0478,R0025,visited,,2024-01-17 10:42:00
I006477,U0024,R0129,saved,,2024-08-12 14:26:00
I006478,U0304,R0209,viewed,,2025-03-06 11:56:00
I006479,U0139,R0201,rated,4.0,2024-09-05 00:11:00
I006480,U0281,R0241,saved,,2024-09-10 04:13:00
I006481,U0282,R0015,viewed,,2024-03-20 03:25:00
I006482,U0437,R0224,visited,,2024-09-24 20:49:00
I006483,U0353,R0093,viewed,,2024-09-25 18:55:00
I006484,U0031,R0136,viewed,,2025-01-13 21:18:00
I006485,U0270,R0295,viewed,,2024-11-05 19:50:00
I006486,U0417,R0118,viewed,,2024-05-22 09:08:00
I006487,U0146,R0160,viewed,,2025-03-14 09:43:00
I006488,U0028,R0032,viewed,,2024-01-09 08:53:00
I006489,U0452,R0226,viewed,,2024-03-08 23:58:00
I006490,U0345,R0203,rated,5.0,2025-01-22 16:01:00
I006491,U0215,R0004,rated,4.0,2024-12-07 18:06:00
I006492,U0322,R0255,rated,3.0,2024-09-14 00:28:00
I006493,U0415,R0073,rated,4.0,2024-09-01 10:15:00
I006494,U0228,R0237,viewed,,2024-11-02 13:49:00
I006495,U0023,R0271,saved,,2025-01-23 08:36:00
I006496,U0255,R0300,viewed,,2024-08-13 02:46:00
I006497,U0309,R0164,viewed,,2024-03-03 16:26:00
I006498,U0241,R0031,visited,4.0,2024-12-23 22:47:00
I006499,U0410,R0243,viewed,,2024-02-04 13:16:00
I006500,U0237,R0041,viewed,,2024-06-15 17:05:00
I006501,U0047,R0117,viewed,,2024-12-14 07:56:00
I006502,U0343,R0171,visited,,2025-03-17 21:15:00
I006503,U0256,R0195,viewed,,2024-05-23 13:24:00
I006504,U0406,R0193,saved,,2025-01-01 04:36:00
I006505,U0357,R0278,viewed,,2024-08-07 12:49:00
I006506,U0058,R0154,visited,,2024-10-14 15:35:00
I006507,U0366,R0104,viewed,,2024-06-22 02:18:00
I006508,U0347,R0041,viewed,,2025-02-21 22:10:00
I006509,U0035,R0080,saved,,2024-11-16 19:15:00
I006510,U0106,R0009,viewed,,2025-02-11 07:41:00
I006511,U0117,R0240,visited,,2025-01-14 23:44:00
I006512,U0158,R0190,viewed,,2025-01-30 10:38:00
I006513,U0140,R0004,viewed,,2024-10-26 09:44:00
I006514,U0185,R0080,viewed,,2024-07-10 10:18:00
I006515,U0087,R0261,rated,3.0,2024-02-06 08:05:00
I006516,U0378,R0104,visited,,2024-08-08 03:15:00
I006517,U0051,R0117,viewed,,2024-12-01 22:15:00
I006518,U0357,R0216,saved,,2024-01-28 16:11:00
I006519,U0091,R0078,viewed,,2024-02-23 16:37:00
I006520,U0300,R0292,saved,,2024-01-24 19:41:00
I006521,U0422,R0033,visited,,2024-11-18 20:38:00
I006522,U0011,R0083,visited,,2024-03-19 17:36:00
I006523,U0280,R0062,viewed,,2024-06-11 20:51:00
I006524,U0465,R0266,rated,3.0,2024-05-07 11:32:00
I006525,U0368,R0288,rated,4.0,2024-09-25 14:31:00
I006526,U0292,R0027,viewed,,2024-05-13 08:10:00
I006527,U0485,R0299,saved,,2024-01-15 04:36:00
I006528,U0283,R0019,viewed,,2024-10-03 18:35:00
I006529,U0098,R0056,saved,,2024-07-01 16:24:00
I006530,U0055,R0140,saved,,2024-05-18 17:54:00
I006531,U0167,R0124,saved,,2025-03-28 06:41:00
I006532,U0098,R0112,saved,,2024-01-30 16:42:00
I006533,U0184,R0194,viewed,,2024-12-26 09:19:00
I006534,U0338,R0218,viewed,,2024-05-17 18:03:00
I006535,U0269,R0180,viewed,,2024-01-23 12:07:00
I006536,U0481,R0091,viewed,,2024-11-23 10:57:00
I006537,U0430,R0214,visited,,2025-03-13 11:11:00
I006538,U0092,R0186,saved,,2024-05-27 06:27:00
I006539,U0034,R0273,viewed,,2024-08-13 23:20:00
I006540,U0348,R0007,rated,5.0,2024-10-24 21:30:00
I006541,U0025,R0114,rated,4.0,2024-12-24 01:29:00
I006542,U0240,R0141,visited,2.0,2024-04-09 09:59:00
I006543,U0234,R0028,viewed,,2024-01-16 03:44:00
I006544,U0499,R0103,rated,4.0,2025-01-31 09:55:00
I006545,U0064,R0025,rated,4.0,2025-03-08 10:55:00
I006546,U0078,R0196,viewed,,2024-02-12 01:28:00
I006547,U0322,R0173,visited,,2024-08-02 04:02:00
I006548,U0191,R0149,saved,,2024-02-14 02:33:00
I006549,U0089,R0241,viewed,,2024-06-04 01:05:00
I006550,U0145,R0290,saved,,2025-01-05 08:06:00
I006551,U0287,R0072,saved,,2024-05-18 06:50:00
I006552,U0306,R0135,viewed,,2025-01-10 03:34:00
I006553,U0409,R0271,visited,3.0,2024-05-23 15:14:00
I006554,U0429,R0239,viewed,,2024-06-08 22:50:00
I006555,U0229,R0095,rated,3.0,2025-01-15 14:38:00
I006556,U0473,R0104,visited,,2024-10-03 00:28:00
I006557,U0038,R0066,viewed,,2024-09-19 03:43:00
I006558,U0075,R0056,viewed,,2025-02-12 05:53:00
I006559,U0113,R0225,saved,,2024-08-19 14:42:00
I006560,U0360,R0011,viewed,,2025-03-02 22:21:00
I006561,U0212,R0043,viewed,,2024-03-18 07:23:00
I006562,U0289,R0017,viewed,,2024-09-15 14:28:00
I006563,U0369,R0257,visited,5.0,2024-02-04 00:50:00
I006564,U0036,R0293,viewed,,2024-12-03 12:43:00
I006565,U0227,R0294,saved,,2025-01-14 05:31:00
I006566,U0017,R0253,visited,,2024-10-17 15:47:00
I006567,U0451,R0007,saved,,2024-07-25 04:17:00
I006568,U0077,R0194,viewed,,2024-05-26 08:59:00
I006569,U0099,R0092,visited,,2024-01-12 11:19:00
I006570,U0333,R0196,saved,,2024-09-23 21:18:00
I006571,U0135,R0246,viewed,,2024-03-06 17:36:00
I006572,U0377,R0077,saved,,2024-04-23 21:28:00
I006573,U0338,R0264,viewed,,2025-01-03 14:55:00
I006574,U0401,R0293,rated,5.0,2024-06-11 15:14:00
I006575,U0271,R0173,viewed,,2025-03-06 03:11:00
I006576,U0479,R0078,viewed,,2025-02-26 10:50:00
I006577,U0025,R0169,viewed,,2024-04-04 04:17:00
I006578,U0254,R0019,saved,,2024-12-19 02:15:00
I006579,U0401,R0098,rated,4.0,2024-01-09 01:24:00
I006580,U0276,R0159,saved,,2024-05-22 04:36:00
I006581,U0436,R0186,viewed,,2024-11-17 18:12:00
I006582,U0090,R0004,saved,,2024-09-28 04:42:00
I006583,U0066,R0154,saved,,2024-10-30 03:14:00
I006584,U0001,R0263,saved,,2024-09-05 01:17:00
I006585,U0063,R0297,viewed,,2025-02-18 12:17:00
I006586,U0051,R0192,rated,4.0,2024-03-04 16:08:00
I006587,U0094,R0088,viewed,,2024-12-30 05:47:00
I006588,U0376,R0296,viewed,,2024-03-06 07:11:00
I006589,U0386,R0062,saved,,2024-12-15 04:59:00
I006590,U0145,R0096,viewed,,2024-03-29 04:06:00
I006591,U0366,R0138,rated,4.0,2024-02-13 12:54:00
I006592,U0151,R0127,rated,4.0,2024-12-30 20:39:00
I006593,U0063,R0293,saved,,2024-10-02 02:31:00
I006594,U0209,R0124,viewed,,2025-02-21 20:47:00
I006595,U0437,R0053,viewed,,2024-04-17 23:07:00
I006596,U0027,R0041,viewed,,2024-01-01 09:43:00
I006597,U0341,R0179,viewed,,2024-11-16 00:40:00
I006598,U0014,R0281,viewed,,2024-09-10 06:27:00
I006599,U0393,R0189,visited,,2024-04-14 19:29:00
I006600,U0374,R0065,rated,4.0,2024-06-10 12:22:00
I006601,U0049,R0218,visited,,2024-03-13 14:52:00
I006602,U0362,R0010,viewed,,2024-10-22 14:08:00
I006603,U0165,R0104,saved,,2024-06-07 20:37:00
I006604,U0220,R0200,visited,3.0,2024-12-17 01:06:00
I006605,U0067,R0085,viewed,,2024-09-22 03:39:00
I006606,U0388,R0010,viewed,,2025-02-28 20:47:00
I006607,U0313,R0279,visited,4.0,2024-08-30 01:21:00
I006608,U0340,R0223,saved,,2024-12-12 03:53:00
I006609,U0248,R0075,viewed,,2024-10-15 16:06:00
I006610,U0161,R0125,rated,4.0,2024-07-02 07:12:00
I006611,U0233,R0259,saved,,2024-03-01 01:45:00
I006612,U0091,R0026,visited,4.0,2024-07-04 12:16:00
I006613,U0174,R0269,viewed,,2024-05-10 01:21:00
I006614,U0276,R0184,saved,,2025-02-20 11:05:00
I006615,U0407,R0072,viewed,,2024-07-09 08:20:00
I006616,U0466,R0068,viewed,,2024-03-13 19:40:00
I006617,U0165,R0175,rated,5.0,2025-03-21 09:28:00
I006618,U0035,R0223,saved,,2024-03-27 16:42:00
I006619,U0471,R0033,saved,,2024-06-21 23:53:00
I006620,U0289,R0083,saved,,2024-03-02 16:37:00
I006621,U0373,R0145,viewed,,2024-02-23 02:27:00
I006622,U0458,R0193,visited,4.0,2024-04-24 20:27:00
I006623,U0445,R0114,visited,5.0,2024-12-13 06:12:00
I006624,U0021,R0041,visited,4.0,2024-12-07 20:23:00
I006625,U0429,R0169,visited,,2024-05-15 12:46:00
I006626,U0206,R0159,viewed,,2024-07-15 11:21:00
I006627,U0261,R0201,viewed,,2024-01-29 13:36:00
I006628,U0422,R0210,viewed,,2024-04-25 19:56:00
I006629,U0497,R0095,saved,,2024-07-27 04:14:00
I006630,U0160,R0146,saved,,2024-03-29 16:58:00
I006631,U0162,R0043,viewed,,2024-09-26 06:31:00
I006632,U0307,R0146,visited,3.0,2025-01-12 06:14:00
I006633,U0359,R0127,visited,4.0,2024-08-28 17:27:00
I006634,U0024,R0189,saved,,2024-06-20 01:13:00
I006635,U0400,R0052,saved,,2024-12-05 21:23:00
I006636,U0454,R0277,visited,,2024-07-20 03:32:00
I006637,U0434,R0160,saved,,2025-03-12 15:24:00
I006638,U0452,R0145,saved,,2024-07-26 05:09:00
I006639,U0496,R0073,viewed,,2024-07-17 23:21:00
I006640,U0223,R0215,rated,4.0,2024-01-29 12:58:00
I006641,U0463,R0082,viewed,,2024-03-24 21:12:00
I006642,U0355,R0241,visited,3.0,2024-03-21 05:25:00
I006643,U0305,R0045,saved,,2025-01-02 05:27:00
I006644,U0326,R0038,visited,,2024-11-26 15:32:00
I006645,U0384,R0060,rated,5.0,2024-09-04 00:21:00
I006646,U0428,R0021,saved,,2024-11-02 17:12:00
I006647,U0045,R0033,viewed,,2024-10-04 18:28:00
I006648,U0051,R0200,viewed,,2024-11-24 21:06:00
I006649,U0104,R0002,viewed,,2024-09-26 11:12:00
I006650,U0294,R0215,visited,,2024-01-07 09:50:00
I006651,U0470,R0004,visited,,2025-03-21 21:37:00
I006652,U0435,R0028,saved,,2024-05-04 16:29:00
I006653,U0307,R0073,saved,,2024-06-22 21:18:00
I006654,U0450,R0012,visited,,2024-04-13 20:03:00
I006655,U0308,R0166,viewed,,2024-05-21 22:22:00
I006656,U0088,R0152,saved,,2024-08-05 07:27:00
I006657,U0110,R0025,viewed,,2024-02-12 13:12:00
I006658,U0499,R0236,saved,,2024-04-11 17:53:00
I006659,U0128,R0202,visited,,2025-01-09 23:40:00
I006660,U0125,R0139,rated,5.0,2024-08-07 04:39:00
I006661,U0208,R0095,viewed,,2025-02-21 06:15:00
I006662,U0190,R0229,saved,,2024-01-09 10:31:00
I006663,U0195,R0259,saved,,2025-01-27 04:50:00
I006664,U0342,R0262,viewed,,2024-05-09 11:25:00
I006665,U0300,R0029,viewed,,2024-12-10 18:24:00
I006666,U0239,R0157,saved,,2024-06-14 18:49:00
I006667,U0116,R0143,saved,,2024-09-09 02:26:00
I006668,U0186,R0218,viewed,,2024-07-27 21:05:00
I006669,U0351,R0084,viewed,,2024-01-12 07:56:00
I006670,U0205,R0255,viewed,,2024-08-13 07:02:00
I006671,U0278,R0045,rated,2.0,2024-04-11 10:01:00
I006672,U0023,R0205,saved,,2024-06-24 23:33:00
I006673,U0382,R0005,saved,,2024-10-10 10:52:00
I006674,U0338,R0221,visited,5.0,2024-03-22 02:52:00
I006675,U0178,R0271,viewed,,2025-02-14 23:43:00
I006676,U0500,R0136,rated,5.0,2024-09-04 13:59:00
I006677,U0316,R0107,viewed,,2024-09-06 06:30:00
I006678,U0175,R0009,rated,4.0,2024-07-09 21:28:00
I006679,U0016,R0145,saved,,2024-06-21 11:16:00
I006680,U0084,R0286,saved,,2024-10-03 15:40:00
I006681,U0131,R0089,saved,,2024-04-29 17:02:00
I006682,U0303,R0262,visited,,2025-02-28 13:52:00
I006683,U0026,R0275,saved,,2024-07-07 22:14:00
I006684,U0393,R0193,saved,,2024-08-04 00:01:00
I006685,U0442,R0130,viewed,,2024-09-20 07:38:00
I006686,U0211,R0172,visited,,2024-11-17 18:56:00
I006687,U0211,R0119,rated,3.0,2024-11-18 02:59:00
I006688,U0412,R0284,saved,,2025-02-14 22:19:00
I006689,U0300,R0088,viewed,,2024-05-14 18:06:00
I006690,U0147,R0280,viewed,,2024-06-16 18:11:00
I006691,U0456,R0247,viewed,,2025-02-17 19:46:00
I006692,U0132,R0195,visited,,2024-07-15 10:46:00
I006693,U0256,R0033,saved,,2024-10-09 21:28:00
I006694,U0395,R0061,viewed,,2024-04-09 04:26:00
I006695,U0444,R0050,saved,,2024-03-26 08:20:00
I006696,U0288,R0220,visited,,2024-10-22 16:54:00
I006697,U0211,R0263,viewed,,2025-01-14 13:09:00
I006698,U0030,R0262,viewed,,2024-02-26 00:23:00
I006699,U0304,R0215,viewed,,2024-04-25 22:38:00
I006700,U0261,R0011,saved,,2024-05-05 04:59:00
I006701,U0252,R0094,saved,,2025-01-21 15:59:00
I006702,U0368,R0051,viewed,,2024-10-20 12:58:00
I006703,U0258,R0189,viewed,,2024-08-14 14:29:00
I006704,U0102,R0269,rated,4.0,2024-03-13 20:47:00
I006705,U0202,R0057,visited,3.0,2024-03-25 17:14:00
I006706,U0482,R0138,viewed,,2024-11-24 22:52:00
I006707,U0434,R0001,saved,,2024-11-17 08:59:00
I006708,U0222,R0232,saved,,2024-07-28 13:35:00
I006709,U0265,R0040,saved,,2024-11-26 06:48:00
I006710,U0104,R0251,visited,,2024-12-03 09:53:00
I006711,U0027,R0267,visited,5.0,2024-10-14 18:03:00
I006712,U0394,R0075,viewed,,2025-02-11 14:14:00
I006713,U0183,R0298,rated,5.0,2024-02-17 10:30:00
I006714,U0343,R0260,rated,4.0,2024-12-26 08:45:00
I006715,U0007,R0161,rated,4.0,2024-08-17 00:02:00
I006716,U0062,R0295,saved,,2024-05-26 13:48:00
I006717,U0181,R0208,viewed,,2024-08-24 13:51:00
I006718,U0470,R0020,visited,3.0,2024-07-31 20:59:00
I006719,U0028,R0098,viewed,,2024-01-25 02:52:00
I006720,U0451,R0187,rated,5.0,2024-04-29 16:56:00
I006721,U0353,R0106,rated,4.0,2024-08-31 20:49:00
I006722,U0242,R0280,saved,,2025-02-14 10:58:00
I006723,U0220,R0072,viewed,,2024-09-22 08:03:00
I006724,U0258,R0238,viewed,,2024-02-10 11:54:00
I006725,U0302,R0043,saved,,2024-08-23 20:18:00
I006726,U0494,R0260,rated,4.0,2024-08-04 04:57:00
I006727,U0048,R0075,viewed,,2024-07-08 13:57:00
I006728,U0066,R0207,viewed,,2024-04-29 12:08:00
I006729,U0119,R0149,viewed,,2025-01-01 16:52:00
I006730,U0256,R0224,viewed,,2024-10-30 16:25:00
I006731,U0068,R0258,saved,,2024-04-13 03:37:00
I006732,U0096,R0220,visited,,2024-08-16 16:58:00
I006733,U0458,R0064,visited,3.0,2024-04-20 06:36:00
I006734,U0062,R0252,saved,,2024-10-10 16:10:00
I006735,U0249,R0166,viewed,,2024-02-27 06:26:00
I006736,U0061,R0143,viewed,,2024-08-28 03:30:00
I006737,U0290,R0216,visited,5.0,2024-07-14 00:00:00
I006738,U0156,R0176,viewed,,2024-09-11 11:14:00
I006739,U0239,R0110,viewed,,2024-07-22 22:36:00
I006740,U0448,R0177,viewed,,2024-06-08 08:36:00
I006741,U0149,R0124,viewed,,2025-03-24 01:03:00
I006742,U0402,R0242,viewed,,2024-05-13 01:04:00
I006743,U0106,R0253,visited,,2024-10-12 04:27:00
I006744,U0195,R0065,viewed,,2024-06-18 23:58:00
I006745,U0293,R0125,visited,4.0,2024-06-02 15:38:00
I006746,U0146,R0014,saved,,2024-12-18 10:50:00
I006747,U0310,R0007,viewed,,2024-06-18 13:40:00
I006748,U0006,R0198,saved,,2024-01-21 01:49:00
I006749,U0307,R0051,viewed,,2024-11-13 20:23:00
I006750,U0126,R0226,visited,,2025-01-17 08:00:00
I006751,U0337,R0109,saved,,2024-03-01 11:47:00
I006752,U0440,R0149,rated,4.0,2024-02-02 13:19:00
I006753,U0302,R0271,viewed,,2024-07-16 14:00:00
I006754,U0021,R0234,viewed,,2025-02-21 17:35:00
I006755,U0251,R0050,rated,2.0,2024-10-06 14:52:00
I006756,U0096,R0100,visited,,2024-06-26 15:53:00
I006757,U0049,R0195,saved,,2024-02-21 23:51:00
I006758,U0101,R0004,visited,5.0,2024-03-23 05:01:00
I006759,U0209,R0150,viewed,,2024-11-29 13:31:00
I006760,U0089,R0257,saved,,2024-10-30 20:19:00
I006761,U0366,R0043,viewed,,2025-03-14 16:44:00
I006762,U0342,R0091,saved,,2025-01-19 16:43:00
I006763,U0003,R0091,saved,,2025-03-22 20:47:00
I006764,U0079,R0287,viewed,,2024-02-24 20:56:00
I006765,U0162,R0270,rated,5.0,2024-08-24 05:37:00
I006766,U0491,R0095,viewed,,2024-08-05 07:26:00
I006767,U0272,R0055,viewed,,2024-12-19 07:09:00
I006768,U0432,R0168,viewed,,2024-02-05 20:05:00
I006769,U0086,R0045,visited,,2025-01-22 21:50:00
I006770,U0417,R0213,viewed,,2025-02-25 03:03:00
I006771,U0040,R0017,saved,,2024-06-19 05:58:00
I006772,U0361,R0027,visited,2.0,2024-11-07 20:46:00
I006773,U0237,R0060,viewed,,2025-02-15 11:40:00
I006774,U0033,R0166,saved,,2024-02-24 05:52:00
I006775,U0083,R0176,viewed,,2024-03-26 16:29:00
I006776,U0399,R0170,viewed,,2024-07-21 14:51:00
I006777,U0302,R0249,viewed,,2024-11-11 18:06:00
I006778,U0146,R0124,visited,3.0,2024-02-17 01:17:00
I006779,U0163,R0210,saved,,2024-10-11 07:50:00
I006780,U0382,R0095,rated,5.0,2024-11-10 19:47:00
I006781,U0339,R0158,viewed,,2025-01-31 18:54:00
I006782,U0183,R0216,visited,,2024-05-18 01:40:00
I006783,U0480,R0189,saved,,2024-10-09 02:06:00
I006784,U0280,R0191,viewed,,2024-08-29 00:28:00
I006785,U0432,R0232,visited,,2024-03-08 14:04:00
I006786,U0030,R0200,viewed,,2024-03-29 01:15:00
I006787,U0011,R0243,saved,,2024-06-27 07:35:00
I006788,U0200,R0271,viewed,,2024-06-13 19:53:00
I006789,U0334,R0288,viewed,,2025-03-28 13:38:00
I006790,U0163,R0126,saved,,2024-06-10 01:47:00
I006791,U0135,R0144,saved,,2024-07-23 12:11:00
I006792,U0357,R0268,visited,,2024-04-29 06:17:00
I006793,U0242,R0233,viewed,,2024-11-12 19:52:00
I006794,U0332,R0211,rated,4.0,2024-01-12 01:05:00
I006795,U0105,R0054,visited,,2025-02-05 21:40:00
I006796,U0253,R0257,visited,,2024-12-03 19:50:00
I006797,U0237,R0269,visited,,2024-05-03 01:36:00
I006798,U0325,R0170,rated,4.0,2024-05-19 13:45:00
I006799,U0197,R0203,visited,,2024-08-01 16:36:00
I006800,U0442,R0259,visited,,2024-08-23 20:35:00
I006801,U0135,R0014,viewed,,2025-03-28 03:37:00
I006802,U0421,R0062,saved,,2024-02-23 15:28:00
I006803,U0100,R0029,saved,,2024-06-17 03:54:00
I006804,U0145,R0230,viewed,,2025-01-14 10:02:00
I006805,U0088,R0105,saved,,2025-01-21 23:18:00
I006806,U0184,R0027,viewed,,2024-06-14 23:45:00
I006807,U0465,R0016,viewed,,2024-09-20 07:57:00
I006808,U0262,R0077,viewed,,2024-01-29 02:09:00
I006809,U0439,R0089,visited,,2024-08-05 21:30:00
I006810,U0054,R0259,visited,,2024-03-13 11:01:00
I006811,U0305,R0239,saved,,2025-02-07 16:28:00
I006812,U0411,R0299,saved,,2025-03-12 21:13:00
I006813,U0062,R0178,viewed,,2024-11-20 17:05:00
I006814,U0413,R0253,viewed,,2024-04-26 10:54:00
I006815,U0248,R0210,rated,4.0,2024-02-13 16:50:00
I006816,U0231,R0040,viewed,,2024-12-18 01:57:00
I006817,U0231,R0177,visited,,2025-02-15 21:30:00
I006818,U0490,R0275,visited,,2024-01-30 17:12:00
I006819,U0139,R0140,saved,,2024-04-03 16:33:00
I006820,U0172,R0161,rated,4.0,2024-01-29 16:29:00
I006821,U0232,R0056,visited,4.0,2024-12-15 07:20:00
I006822,U0251,R0298,viewed,,2025-01-14 16:04:00
I006823,U0104,R0083,visited,,2024-10-10 23:43:00
I006824,U0120,R0228,viewed,,2024-07-20 19:37:00
I006825,U0332,R0070,visited,,2024-02-16 19:49:00
I006826,U0348,R0113,viewed,,2024-08-30 20:43:00
I006827,U0196,R0023,viewed,,2024-12-31 19:34:00
I006828,U0473,R0220,visited,5.0,2024-03-04 10:48:00
I006829,U0072,R0200,saved,,2024-08-21 03:44:00
I006830,U0005,R0207,visited,,2025-03-28 13:22:00
I006831,U0440,R0214,saved,,2024-05-25 05:40:00
I006832,U0366,R0297,viewed,,2025-02-26 14:17:00
I006833,U0154,R0186,rated,5.0,2024-03-22 02:44:00
I006834,U0083,R0154,visited,,2024-11-23 09:04:00
I006835,U0165,R0181,rated,5.0,2025-01-15 21:08:00
I006836,U0319,R0043,rated,4.0,2024-09-26 07:51:00
I006837,U0303,R0025,saved,,2024-03-22 18:28:00
I006838,U0330,R0040,viewed,,2025-02-20 20:45:00
I006839,U0117,R0097,viewed,,2025-03-15 18:18:00
I006840,U0254,R0287,viewed,,2024-05-22 09:31:00
I006841,U0170,R0232,visited,,2025-03-15 11:17:00
I006842,U0352,R0206,viewed,,2025-01-09 05:57:00
I006843,U0057,R0249,rated,5.0,2024-10-29 09:17:00
I006844,U0159,R0095,visited,,2024-04-19 05:17:00
I006845,U0159,R0086,visited,4.0,2024-06-13 23:45:00
I006846,U0085,R0026,viewed,,2024-02-15 12:35:00
I006847,U0022,R0275,saved,,2024-04-02 08:09:00
I006848,U0027,R0186,saved,,2024-02-29 18:48:00
I006849,U0350,R0060,viewed,,2024-01-03 07:46:00
I006850,U0139,R0206,rated,3.0,2024-08-04 03:48:00
I006851,U0136,R0252,viewed,,2025-01-24 22:25:00
I006852,U0477,R0225,saved,,2024-01-19 17:08:00
I006853,U0071,R0202,viewed,,2024-01-24 10:18:00
I006854,U0421,R0159,rated,3.0,2024-02-06 14:23:00
I006855,U0186,R0013,saved,,2024-06-15 14:35:00
I006856,U0059,R0148,rated,3.0,2024-09-05 00:04:00
I006857,U0430,R0185,rated,4.0,2024-09-23 15:38:00
I006858,U0143,R0024,saved,,2024-04-24 04:24:00
I006859,U0323,R0130,rated,5.0,2024-12-04 15:24:00
I006860,U0022,R0110,saved,,2024-03-11 18:17:00
I006861,U0141,R0075,viewed,,2025-03-15 04:10:00
I006862,U0463,R0217,viewed,,2024-09-13 07:41:00
I006863,U0126,R0113,viewed,,2024-11-19 12:02:00
I006864,U0396,R0112,viewed,,2024-08-16 10:24:00
I006865,U0037,R0234,saved,,2025-02-16 16:51:00
I006866,U0448,R0043,visited,3.0,2025-01-15 18:45:00
I006867,U0480,R0074,visited,,2024-05-23 03:51:00
I006868,U0253,R0190,viewed,,2024-09-17 07:09:00
I006869,U0394,R0135,viewed,,2024-01-14 19:11:00
I006870,U0313,R0119,viewed,,2024-07-07 02:17:00
I006871,U0481,R0179,rated,5.0,2024-10-31 09:18:00
I006872,U0140,R0157,rated,5.0,2024-11-26 14:58:00
I006873,U0114,R0251,saved,,2024-03-24 07:13:00
I006874,U0191,R0230,rated,4.0,2025-03-19 07:31:00
I006875,U0278,R0175,rated,2.0,2024-04-10 02:06:00
I006876,U0443,R0200,viewed,,2025-03-16 13:16:00
I006877,U0316,R0194,viewed,,2024-08-14 01:22:00
I006878,U0116,R0119,saved,,2024-11-19 20:51:00
I006879,U0191,R0173,viewed,,2025-01-25 17:19:00
I006880,U0125,R0134,visited,,2025-02-24 21:08:00
I006881,U0013,R0066,viewed,,2024-08-21 07:52:00
I006882,U0001,R0247,saved,,2024-07-30 09:34:00
I006883,U0161,R0220,viewed,,2024-03-27 19:36:00
I006884,U0493,R0042,viewed,,2024-11-12 16:19:00
I006885,U0098,R0164,visited,3.0,2024-08-14 11:12:00
I006886,U0098,R0065,visited,,2025-01-06 00:54:00
I006887,U0104,R0088,visited,5.0,2025-03-04 19:04:00
I006888,U0222,R0300,viewed,,2024-01-02 09:29:00
I006889,U0002,R0102,viewed,,2025-01-15 00:52:00
I006890,U0271,R0259,visited,,2024-12-03 06:58:00
I006891,U0289,R0042,rated,4.0,2024-11-13 14:15:00
I006892,U0109,R0288,visited,,2024-02-21 05:39:00
I006893,U0361,R0005,rated,3.0,2024-05-19 05:32:00
I006894,U0450,R0075,viewed,,2024-08-08 01:48:00
I006895,U0319,R0252,rated,4.0,2024-10-13 19:40:00
I006896,U0088,R0036,rated,4.0,2024-11-23 03:02:00
I006897,U0155,R0289,viewed,,2024-12-11 20:09:00
I006898,U0208,R0219,saved,,2024-01-17 01:38:00
I006899,U0040,R0143,visited,3.0,2025-01-15 07:10:00
I006900,U0243,R0041,visited,,2024-04-01 20:43:00
I006901,U0194,R0079,visited,,2024-08-22 11:02:00
I006902,U0005,R0038,visited,,2025-01-16 22:24:00
I006903,U0103,R0239,visited,,2024-09-03 11:34:00
I006904,U0134,R0272,viewed,,2024-03-01 14:52:00
I006905,U0280,R0053,saved,,2025-02-25 14:35:00
I006906,U0267,R0065,saved,,2024-04-28 21:54:00
I006907,U0070,R0110,visited,,2024-04-26 09:58:00
I006908,U0390,R0068,viewed,,2024-01-09 03:16:00
I006909,U0232,R0216,saved,,2024-02-25 20:40:00
I006910,U0249,R0133,viewed,,2024-01-15 17:19:00
I006911,U0358,R0291,saved,,2024-08-10 19:26:00
I006912,U0134,R0200,viewed,,2025-01-27 04:52:00
I006913,U0381,R0287,visited,4.0,2025-02-27 13:42:00
I006914,U0488,R0219,viewed,,2025-02-14 21:24:00
I006915,U0354,R0300,viewed,,2025-02-05 13:36:00
I006916,U0081,R0222,saved,,2024-11-22 01:11:00
I006917,U0279,R0094,viewed,,2024-06-09 14:24:00
I006918,U0125,R0151,viewed,,2024-10-12 05:02:00
I006919,U0025,R0056,visited,,2024-07-04 05:46:00
I006920,U0249,R0067,saved,,2025-01-20 01:18:00
I006921,U0215,R0188,visited,4.0,2024-12-01 15:40:00
I006922,U0423,R0244,saved,,2024-08-20 18:35:00
I006923,U0025,R0075,viewed,,2024-01-20 08:12:00
I006924,U0249,R0238,viewed,,2024-01-15 20:05:00
I006925,U0452,R0100,viewed,,2024-06-07 01:54:00
I006926,U0292,R0174,viewed,,2025-02-14 13:53:00
I006927,U0083,R0249,viewed,,2024-07-15 06:04:00
I006928,U0142,R0279,visited,,2024-07-14 08:45:00
I006929,U0496,R0222,saved,,2024-12-16 01:42:00
I006930,U0446,R0216,viewed,,2024-02-13 04:25:00
I006931,U0431,R0101,viewed,,2025-02-05 20:04:00
I006932,U0403,R0156,viewed,,2024-10-11 14:28:00
I006933,U0483,R0271,viewed,,2024-01-14 00:36:00
I006934,U0272,R0175,saved,,2024-07-27 20:38:00
I006935,U0264,R0060,visited,,2024-11-26 06:41:00
I006936,U0110,R0221,viewed,,2024-01-03 06:31:00
I006937,U0212,R0029,rated,3.0,2024-11-18 15:02:00
I006938,U0229,R0127,rated,3.0,2024-08-02 17:02:00
I006939,U0312,R0227,viewed,,2024-11-06 00:17:00
I006940,U0012,R0023,saved,,2024-05-01 23:04:00
I006941,U0097,R0141,saved,,2024-02-04 20:41:00
I006942,U0200,R0044,viewed,,2025-02-08 17:28:00
I006943,U0214,R0089,saved,,2024-06-19 14:56:00
I006944,U0491,R0023,rated,5.0,2024-01-20 13:24:00
I006945,U0013,R0119,viewed,,2024-10-25 20:05:00
I006946,U0444,R0102,viewed,,2024-06-14 05:34:00
I006947,U0198,R0132,visited,,2024-02-18 12:19:00
I006948,U0300,R0140,viewed,,2024-06-17 05:40:00
I006949,U0301,R0130,visited,,2024-11-08 22:01:00
I006950,U0278,R0051,viewed,,2024-02-01 12:01:00
I006951,U0487,R0076,viewed,,2025-04-01 22:28:00
I006952,U0035,R0160,rated,4.0,2024-09-06 11:38:00
I006953,U0201,R0169,saved,,2024-01-10 21:42:00
I006954,U0331,R0228,saved,,2024-10-12 13:42:00
I006955,U0015,R0043,viewed,,2024-03-13 09:27:00
I006956,U0211,R0069,rated,5.0,2024-06-26 02:09:00
I006957,U0434,R0191,saved,,2025-03-18 04:32:00
I006958,U0372,R0016,rated,5.0,2025-02-06 08:11:00
I006959,U0454,R0063,rated,4.0,2024-02-07 19:17:00
I006960,U0461,R0277,viewed,,2025-01-10 12:14:00
I006961,U0231,R0071,visited,4.0,2024-02-24 04:06:00
I006962,U0480,R0258,saved,,2024-04-10 12:40:00
I006963,U0324,R0087,visited,,2024-02-16 07:44:00
I006964,U0155,R0300,viewed,,2024-09-19 02:46:00
I006965,U0262,R0082,rated,4.0,2024-03-06 03:37:00
I006966,U0176,R0084,visited,4.0,2024-02-03 09:59:00
I006967,U0095,R0116,viewed,,2024-06-08 15:52:00
I006968,U0323,R0005,saved,,2024-11-16 21:36:00
I006969,U0482,R0117,visited,,2024-01-09 12:42:00
I006970,U0086,R0264,rated,3.0,2024-02-09 04:53:00
I006971,U0306,R0289,viewed,,2024-09-24 16:17:00
I006972,U0104,R0040,viewed,,2024-02-11 08:33:00
I006973,U0092,R0227,visited,,2024-01-27 03:34:00
I006974,U0288,R0249,saved,,2024-11-22 19:47:00
I006975,U0321,R0279,saved,,2024-03-16 08:03:00
I006976,U0045,R0213,viewed,,2025-03-27 14:15:00
I006977,U0188,R0017,viewed,,2024-09-14 17:39:00
I006978,U0010,R0221,rated,5.0,2024-11-25 01:42:00
I006979,U0172,R0218,viewed,,2024-05-23 00:03:00
I006980,U0409,R0077,visited,3.0,2024-02-05 14:08:00
I006981,U0411,R0235,saved,,2024-11-08 18:59:00
I006982,U0323,R0220,viewed,,2024-07-27 18:33:00
I006983,U0060,R0260,saved,,2024-05-03 01:59:00
I006984,U0141,R0075,saved,,2024-07-30 17:39:00
I006985,U0019,R0026,viewed,,2024-10-20 05:03:00
I006986,U0477,R0244,saved,,2024-12-23 13:25:00
I006987,U0170,R0248,viewed,,2024-05-15 02:41:00
I006988,U0118,R0280,viewed,,2024-08-25 12:31:00
I006989,U0077,R0249,visited,,2024-01-15 12:12:00
I006990,U0177,R0113,saved,,2024-12-23 11:04:00
I006991,U0340,R0024,saved,,2024-11-05 03:11:00
I006992,U0320,R0270,saved,,2024-05-19 16:59:00
I006993,U0489,R0222,saved,,2024-02-19 00:12:00
I006994,U0014,R0233,saved,,2024-01-30 18:05:00
I006995,U0130,R0175,visited,,2024-11-07 11:38:00
I006996,U0468,R0193,saved,,2024-06-13 07:20:00
I006997,U0197,R0089,rated,5.0,2025-01-04 21:03:00
I006998,U0120,R0201,saved,,2024-12-15 11:30:00
I006999,U0478,R0019,saved,,2024-12-21 17:53:00
I007000,U0449,R0277,saved,,2024-09-26 05:26:00
I007001,U0312,R0228,rated,3.0,2024-08-30 10:28:00
I007002,U0479,R0037,saved,,2024-02-02 05:23:00
I007003,U0348,R0208,saved,,2025-02-23 15:36:00
I007004,U0369,R0171,visited,,2024-09-26 09:59:00
I007005,U0296,R0088,viewed,,2024-05-11 10:54:00
I007006,U0097,R0077,visited,4.0,2024-01-17 16:47:00
I007007,U0299,R0038,visited,,2024-05-24 06:39:00
I007008,U0161,R0019,viewed,,2025-03-29 21:15:00
I007009,U0293,R0153,saved,,2024-12-10 22:37:00
I007010,U0155,R0021,visited,,2024-05-13 19:40:00
I007011,U0475,R0261,viewed,,2024-07-08 03:07:00
I007012,U0429,R0232,visited,,2024-11-14 02:04:00
I007013,U0312,R0115,rated,4.0,2024-11-25 17:49:00
I007014,U0232,R0238,saved,,2024-08-29 08:47:00
I007015,U0237,R0076,saved,,2024-09-05 17:11:00
I007016,U0483,R0070,saved,,2024-12-31 01:25:00
I007017,U0380,R0263,rated,2.0,2024-07-20 09:11:00
I007018,U0478,R0199,rated,4.0,2024-09-19 23:29:00
I007019,U0099,R0050,visited,2.0,2025-01-07 19:11:00
I007020,U0161,R0288,viewed,,2024-07-27 09:19:00
I007021,U0115,R0062,rated,4.0,2024-02-26 23:23:00
I007022,U0478,R0198,viewed,,2024-04-05 07:56:00
I007023,U0018,R0241,visited,,2025-03-19 01:48:00
I007024,U0320,R0248,visited,,2024-01-12 17:51:00
I007025,U0131,R0286,visited,,2024-09-07 14:44:00
I007026,U0055,R0038,rated,2.0,2024-09-09 10:44:00
I007027,U0424,R0123,viewed,,2025-02-13 12:53:00
I007028,U0100,R0199,viewed,,2024-02-18 20:53:00
I007029,U0405,R0043,viewed,,2024-08-03 12:05:00
I007030,U0409,R0208,viewed,,2024-08-13 18:27:00
I007031,U0195,R0089,saved,,2025-01-22 08:04:00
I007032,U0222,R0280,saved,,2024-07-05 18:31:00
I007033,U0022,R0028,rated,4.0,2024-02-26 04:28:00
I007034,U0038,R0072,visited,,2025-02-13 14:56:00
I007035,U0133,R0074,viewed,,2025-01-11 02:52:00
I007036,U0005,R0166,viewed,,2024-11-28 03:08:00
I007037,U0009,R0209,rated,5.0,2024-09-19 15:56:00
I007038,U0128,R0241,viewed,,2024-11-12 21:54:00
I007039,U0440,R0065,rated,4.0,2024-09-09 17:51:00
I007040,U0306,R0260,saved,,2024-10-15 21:36:00
I007041,U0341,R0297,viewed,,2025-02-23 08:10:00
I007042,U0061,R0162,visited,4.0,2025-02-16 12:04:00
I007043,U0271,R0078,viewed,,2024-12-03 11:12:00
I007044,U0311,R0291,rated,4.0,2024-09-08 13:45:00
I007045,U0321,R0240,visited,,2025-03-09 09:10:00
I007046,U0227,R0109,viewed,,2024-03-09 06:21:00
I007047,U0338,R0071,visited,4.0,2024-05-24 01:59:00
I007048,U0461,R0208,saved,,2024-07-24 13:16:00
I007049,U0015,R0162,rated,5.0,2024-03-01 07:05:00
I007050,U0314,R0254,saved,,2024-03-01 06:46:00
I007051,U0182,R0211,visited,5.0,2024-05-13 16:00:00
I007052,U0206,R0284,visited,,2025-03-19 18:53:00
I007053,U0076,R0221,viewed,,2024-06-14 00:21:00
I007054,U0378,R0151,rated,5.0,2025-01-03 13:00:00
I007055,U0499,R0082,viewed,,2024-07-18 22:58:00
I007056,U0193,R0265,visited,5.0,2025-01-18 08:45:00
I007057,U0183,R0269,saved,,2025-02-12 04:13:00
I007058,U0385,R0010,saved,,2024-01-23 23:21:00
I007059,U0193,R0157,viewed,,2024-08-18 09:06:00
I007060,U0191,R0269,saved,,2024-12-10 04:18:00
I007061,U0009,R0233,rated,4.0,2024-05-12 09:36:00
I007062,U0294,R0094,saved,,2024-03-02 18:25:00
I007063,U0393,R0101,saved,,2024-06-14 02:37:00
I007064,U0039,R0219,saved,,2024-12-28 04:09:00
I007065,U0317,R0081,viewed,,2024-04-27 08:57:00
I007066,U0361,R0200,saved,,2024-10-12 12:06:00
I007067,U0153,R0209,visited,,2024-02-29 22:04:00
I007068,U0435,R0299,saved,,2024-10-02 14:48:00
I007069,U0186,R0246,viewed,,2024-03-29 22:32:00
I007070,U0243,R0220,visited,4.0,2024-08-30 02:34:00
I007071,U0199,R0290,viewed,,2024-11-04 01:16:00
I007072,U0019,R0277,visited,5.0,2025-01-09 16:48:00
I007073,U0412,R0119,rated,5.0,2024-11-20 15:06:00
I007074,U0145,R0095,saved,,2024-02-12 19:05:00
I007075,U0118,R0172,viewed,,2024-05-27 03:10:00
I007076,U0442,R0218,saved,,2024-12-02 01:27:00
I007077,U0288,R0168,rated,5.0,2025-01-24 01:53:00
I007078,U0264,R0281,viewed,,2024-02-05 02:45:00
I007079,U0061,R0068,visited,4.0,2024-07-11 02:55:00
I007080,U0437,R0172,visited,,2024-08-25 22:28:00
I007081,U0034,R0027,viewed,,2025-03-23 16:34:00
I007082,U0242,R0209,viewed,,2024-09-18 00:51:00
I007083,U0130,R0165,viewed,,2024-12-26 03:47:00
I007084,U0444,R0104,visited,,2024-02-24 04:10:00
I007085,U0118,R0213,viewed,,2024-11-07 10:23:00
I007086,U0138,R0279,rated,5.0,2024-10-15 22:56:00
I007087,U0178,R0251,viewed,,2024-07-29 04:33:00
I007088,U0359,R0149,rated,4.0,2025-03-26 04:39:00
I007089,U0461,R0278,viewed,,2024-01-23 22:53:00
I007090,U0305,R0211,visited,,2024-06-16 23:50:00
I007091,U0453,R0223,viewed,,2024-06-15 03:00:00
I007092,U0463,R0004,viewed,,2024-11-21 18:43:00
I007093,U0146,R0255,visited,,2024-12-26 19:04:00
I007094,U0318,R0004,viewed,,2025-01-06 17:59:00
I007095,U0432,R0015,saved,,2025-01-30 01:22:00
I007096,U0421,R0066,visited,,2025-02-25 04:46:00
I007097,U0029,R0120,visited,3.0,2024-08-27 01:15:00
I007098,U0474,R0246,saved,,2024-08-03 17:41:00
I007099,U0218,R0151,saved,,2024-11-14 21:04:00
I007100,U0223,R0254,viewed,,2024-09-26 10:22:00
I007101,U0407,R0294,visited,5.0,2024-01-26 01:14:00
I007102,U0494,R0021,viewed,,2024-11-30 07:59:00
I007103,U0146,R0252,viewed,,2024-07-24 17:21:00
I007104,U0299,R0120,saved,,2024-02-02 11:08:00
I007105,U0183,R0215,viewed,,2024-07-23 11:03:00
I007106,U0221,R0152,viewed,,2024-01-14 11:18:00
I007107,U0190,R0052,viewed,,2025-03-13 17:11:00
I007108,U0234,R0073,saved,,2025-03-07 07:58:00
I007109,U0320,R0127,saved,,2024-11-20 04:57:00
I007110,U0350,R0080,saved,,2024-02-16 15:30:00
I007111,U0061,R0189,viewed,,2024-09-08 07:07:00
I007112,U0054,R0176,saved,,2025-02-09 18:59:00
I007113,U0382,R0122,saved,,2024-09-10 01:30:00
I007114,U0098,R0190,viewed,,2024-01-13 07:40:00
I007115,U0395,R0278,visited,3.0,2024-10-31 09:06:00
I007116,U0073,R0116,saved,,2025-03-20 11:24:00
I007117,U0130,R0080,viewed,,2024-09-17 11:04:00
I007118,U0057,R0080,visited,3.0,2024-05-15 04:47:00
I007119,U0030,R0126,visited,5.0,2024-05-10 13:16:00
I007120,U0094,R0080,saved,,2025-03-22 04:31:00
I007121,U0005,R0241,viewed,,2024-02-24 09:43:00
I007122,U0266,R0198,visited,,2024-09-17 06:08:00
I007123,U0230,R0022,viewed,,2024-07-07 22:05:00
I007124,U0032,R0031,saved,,2024-05-07 20:05:00
I007125,U0499,R0083,saved,,2024-08-01 09:37:00
I007126,U0496,R0096,viewed,,2024-06-01 20:19:00
I007127,U0460,R0107,viewed,,2024-05-23 19:37:00
I007128,U0165,R0094,saved,,2025-03-10 10:12:00
I007129,U0373,R0243,viewed,,2024-04-02 05:40:00
I007130,U0211,R0227,viewed,,2024-05-10 07:48:00
I007131,U0208,R0069,viewed,,2024-04-27 16:23:00
I007132,U0458,R0182,viewed,,2024-10-19 18:06:00
I007133,U0468,R0032,viewed,,2024-08-23 21:59:00
I007134,U0296,R0179,rated,4.0,2024-06-20 06:45:00
I007135,U0312,R0054,rated,5.0,2025-03-04 02:14:00
I007136,U0420,R0107,visited,5.0,2024-04-05 03:54:00
I007137,U0428,R0219,rated,4.0,2025-01-24 20:57:00
I007138,U0232,R0215,visited,,2024-10-21 14:13:00
I007139,U0074,R0224,rated,3.0,2024-11-30 16:06:00
I007140,U0335,R0276,rated,5.0,2024-07-01 08:33:00
I007141,U0150,R0019,saved,,2025-02-18 17:56:00
I007142,U0195,R0210,viewed,,2024-12-01 02:20:00
I007143,U0435,R0107,rated,5.0,2024-07-12 04:09:00
I007144,U0479,R0108,saved,,2024-10-20 11:17:00
I007145,U0291,R0160,viewed,,2024-10-15 04:00:00
I007146,U0269,R0186,visited,4.0,2024-08-25 19:05:00
I007147,U0461,R0245,saved,,2024-07-05 05:13:00
I007148,U0473,R0067,visited,,2024-03-15 14:57:00
I007149,U0455,R0069,viewed,,2024-01-06 02:08:00
I007150,U0396,R0020,visited,4.0,2024-07-06 16:32:00
I007151,U0083,R0067,viewed,,2024-06-08 16:20:00
I007152,U0259,R0242,visited,,2024-05-19 01:22:00
I007153,U0120,R0277,viewed,,2024-12-21 12:28:00
I007154,U0234,R0007,rated,4.0,2025-03-31 20:52:00
I007155,U0098,R0227,saved,,2024-08-31 04:35:00
I007156,U0423,R0017,viewed,,2024-06-21 15:33:00
I007157,U0075,R0090,saved,,2024-11-09 23:29:00
I007158,U0113,R0157,viewed,,2024-03-13 19:23:00
I007159,U0347,R0119,viewed,,2024-05-18 17:54:00
I007160,U0375,R0290,viewed,,2024-04-26 12:32:00
I007161,U0388,R0003,rated,5.0,2024-09-25 22:47:00
I007162,U0032,R0099,viewed,,2024-07-18 09:18:00
I007163,U0392,R0180,rated,5.0,2024-01-15 00:48:00
I007164,U0445,R0099,saved,,2025-02-11 14:59:00
I007165,U0026,R0090,viewed,,2024-01-29 06:55:00
I007166,U0107,R0021,visited,5.0,2025-02-26 11:33:00
I007167,U0124,R0201,viewed,,2024-11-28 03:59:00
I007168,U0225,R0163,visited,4.0,2024-10-29 09:45:00
I007169,U0265,R0007,visited,,2024-12-18 11:04:00
I007170,U0434,R0120,viewed,,2025-01-28 08:10:00
I007171,U0290,R0209,saved,,2024-01-08 14:16:00
I007172,U0388,R0051,viewed,,2024-11-03 08:39:00
I007173,U0075,R0248,visited,3.0,2024-11-24 03:33:00
I007174,U0479,R0186,viewed,,2024-05-01 06:34:00
I007175,U0431,R0122,visited,,2024-01-18 07:28:00
I007176,U0300,R0131,saved,,2024-07-02 02:12:00
I007177,U0027,R0251,viewed,,2024-11-02 01:40:00
I007178,U0005,R0102,visited,,2024-07-06 15:41:00
I007179,U0439,R0120,viewed,,2024-11-24 13:50:00
I007180,U0134,R0076,saved,,2025-01-08 12:06:00
I007181,U0063,R0085,visited,3.0,2024-08-03 00:52:00
I007182,U0346,R0191,rated,3.0,2024-02-10 02:18:00
I007183,U0373,R0049,rated,5.0,2024-09-17 00:51:00
I007184,U0145,R0029,visited,2.0,2025-04-01 15:34:00
I007185,U0483,R0052,saved,,2024-09-19 18:15:00
I007186,U0126,R0068,visited,4.0,2024-12-04 04:48:00
I007187,U0489,R0082,viewed,,2024-08-09 10:28:00
I007188,U0443,R0161,viewed,,2024-05-25 05:05:00
I007189,U0096,R0004,saved,,2025-01-22 02:44:00
I007190,U0066,R0139,viewed,,2024-02-19 19:19:00
I007191,U0417,R0209,saved,,2024-01-02 19:09:00
I007192,U0112,R0262,visited,,2024-04-30 05:40:00
I007193,U0500,R0226,viewed,,2024-10-09 18:52:00
I007194,U0034,R0255,viewed,,2024-12-28 10:32:00
I007195,U0062,R0192,saved,,2024-06-28 04:16:00
I007196,U0259,R0242,viewed,,2024-02-22 12:05:00
I007197,U0387,R0036,rated,2.0,2025-03-30 02:42:00
I007198,U0067,R0198,saved,,2024-12-23 20:00:00
I007199,U0218,R0061,saved,,2025-01-06 18:49:00
I007200,U0467,R0200,visited,,2024-10-31 15:28:00
I007201,U0262,R0013,saved,,2024-04-09 03:27:00
I007202,U0410,R0120,rated,5.0,2024-12-22 09:34:00
I007203,U0160,R0296,viewed,,2024-06-02 15:05:00
I007204,U0252,R0227,viewed,,2024-05-29 16:36:00
I007205,U0354,R0193,saved,,2024-12-31 08:49:00
I007206,U0201,R0198,visited,,2024-02-21 10:58:00
I007207,U0273,R0216,saved,,2024-12-26 20:40:00
I007208,U0082,R0199,viewed,,2024-11-02 04:27:00
I007209,U0263,R0070,viewed,,2024-06-26 04:04:00
I007210,U0420,R0228,viewed,,2024-11-16 05:18:00
I007211,U0405,R0245,saved,,2024-06-23 17:55:00
I007212,U0430,R0267,viewed,,2025-02-01 16:23:00
I007213,U0330,R0274,viewed,,2025-02-09 09:14:00
I007214,U0043,R0293,visited,,2024-06-30 20:28:00
I007215,U0359,R0109,saved,,2025-01-22 16:56:00
I007216,U0243,R0032,saved,,2024-12-20 23:18:00
I007217,U0069,R0253,rated,5.0,2025-01-04 11:23:00
I007218,U0415,R0081,visited,4.0,2024-06-13 22:14:00
I007219,U0222,R0140,rated,3.0,2025-01-20 07:53:00
I007220,U0279,R0091,visited,,2024-08-19 22:05:00
I007221,U0084,R0293,saved,,2024-05-09 23:04:00
I007222,U0457,R0036,visited,,2024-02-25 04:44:00
I007223,U0100,R0198,viewed,,2024-07-28 20:51:00
I007224,U0394,R0078,viewed,,2025-03-31 08:29:00
I007225,U0298,R0220,saved,,2024-08-20 02:27:00
I007226,U0075,R0120,rated,4.0,2024-07-01 04:27:00
I007227,U0209,R0264,viewed,,2025-03-12 00:02:00
I007228,U0446,R0184,saved,,2024-06-11 11:59:00
I007229,U0125,R0025,saved,,2024-09-03 23:17:00
I007230,U0244,R0186,saved,,2024-06-29 19:41:00
I007231,U0417,R0091,viewed,,2024-06-02 08:35:00
I007232,U0462,R0067,viewed,,2024-10-28 00:06:00
I007233,U0204,R0104,visited,,2024-03-03 17:27:00
I007234,U0389,R0260,viewed,,2024-07-07 17:56:00
I007235,U0272,R0238,saved,,2024-11-10 23:56:00
I007236,U0048,R0291,viewed,,2024-11-29 14:14:00
I007237,U0494,R0072,saved,,2024-05-19 00:43:00
I007238,U0284,R0279,rated,5.0,2024-04-17 14:43:00
I007239,U0267,R0250,saved,,2024-06-16 23:33:00
I007240,U0282,R0083,rated,4.0,2024-10-26 16:38:00
I007241,U0354,R0174,saved,,2024-05-24 16:34:00
I007242,U0172,R0035,saved,,2024-05-20 12:19:00
I007243,U0069,R0094,viewed,,2024-07-31 07:25:00
I007244,U0151,R0238,visited,,2024-05-30 04:33:00
I007245,U0313,R0056,visited,,2024-05-18 14:27:00
I007246,U0402,R0021,visited,5.0,2024-08-20 13:55:00
I007247,U0301,R0051,visited,,2025-02-06 10:29:00
I007248,U0297,R0230,viewed,,2024-01-27 23:11:00
I007249,U0488,R0217,visited,,2024-07-07 15:33:00
I007250,U0005,R0128,viewed,,2024-02-29 07:52:00
I007251,U0008,R0158,visited,5.0,2024-09-10 05:49:00
I007252,U0159,R0005,viewed,,2025-03-06 09:36:00
I007253,U0094,R0109,visited,,2024-08-29 23:39:00
I007254,U0299,R0119,viewed,,2024-02-06 07:37:00
I007255,U0494,R0087,visited,,2025-03-05 10:54:00
I007256,U0068,R0163,visited,5.0,2025-03-22 17:53:00
I007257,U0232,R0121,visited,5.0,2024-03-12 13:12:00
I007258,U0058,R0240,saved,,2024-04-08 17:53:00
I007259,U0015,R0184,saved,,2024-06-13 00:12:00
I007260,U0275,R0109,viewed,,2025-01-19 03:59:00
I007261,U0493,R0135,viewed,,2024-08-22 18:36:00
I007262,U0250,R0281,viewed,,2024-06-23 05:10:00
I007263,U0249,R0044,visited,5.0,2024-06-28 10:59:00
I007264,U0021,R0208,visited,2.0,2024-11-30 00:01:00
I007265,U0097,R0081,viewed,,2024-01-12 20:18:00
I007266,U0239,R0005,viewed,,2024-05-31 16:20:00
I007267,U0025,R0039,viewed,,2024-05-31 10:01:00
I007268,U0288,R0122,viewed,,2024-01-12 16:20:00
I007269,U0034,R0292,viewed,,2024-06-01 08:42:00
I007270,U0193,R0157,viewed,,2024-10-28 03:47:00
I007271,U0452,R0069,viewed,,2024-11-30 10:58:00
I007272,U0253,R0059,rated,5.0,2025-03-30 15:56:00
I007273,U0267,R0217,viewed,,2024-10-31 05:29:00
I007274,U0297,R0296,viewed,,2024-10-11 06:11:00
I007275,U0253,R0136,visited,4.0,2024-08-17 11:03:00
I007276,U0049,R0239,viewed,,2025-03-09 11:02:00
I007277,U0453,R0264,viewed,,2024-08-06 13:19:00
I007278,U0312,R0214,viewed,,2024-01-14 00:13:00
I007279,U0227,R0208,saved,,2024-05-31 09:57:00
I007280,U0101,R0252,rated,3.0,2024-10-20 06:01:00
I007281,U0009,R0267,visited,,2024-07-27 00:45:00
I007282,U0365,R0146,viewed,,2025-02-04 17:31:00
I007283,U0119,R0282,viewed,,2024-02-21 11:48:00
I007284,U0452,R0249,visited,,2024-03-06 07:32:00
I007285,U0122,R0271,viewed,,2024-06-25 22:59:00
I007286,U0130,R0037,visited,4.0,2024-08-29 20:53:00
I007287,U0141,R0129,saved,,2024-10-18 04:44:00
I007288,U0396,R0002,saved,,2024-03-11 05:07:00
I007289,U0396,R0074,saved,,2024-12-02 00:42:00
I007290,U0346,R0223,visited,5.0,2024-08-04 03:01:00
I007291,U0387,R0269,rated,3.0,2025-02-18 12:48:00
I007292,U0299,R0254,saved,,2024-06-21 06:57:00
I007293,U0072,R0125,viewed,,2024-11-23 15:30:00
I007294,U0075,R0060,viewed,,2025-03-23 21:30:00
I007295,U0137,R0115,viewed,,2025-01-14 09:53:00
I007296,U0028,R0275,visited,,2024-02-12 16:03:00
I007297,U0294,R0276,viewed,,2024-06-12 10:44:00
I007298,U0005,R0013,viewed,,2024-01-18 05:47:00
I007299,U0396,R0082,saved,,2024-02-10 02:25:00
I007300,U0452,R0065,saved,,2024-05-04 17:38:00
I007301,U0222,R0168,viewed,,2024-09-22 19:31:00
I007302,U0076,R0114,viewed,,2024-01-20 02:34:00
I007303,U0179,R0181,visited,,2024-05-12 09:33:00
I007304,U0459,R0285,visited,5.0,2025-02-21 08:30:00
I007305,U0395,R0243,saved,,2024-09-26 11:12:00
I007306,U0121,R0248,viewed,,2024-01-13 22:21:00
I007307,U0389,R0228,visited,,2024-01-26 22:54:00
I007308,U0237,R0086,viewed,,2024-11-04 07:07:00
I007309,U0223,R0073,saved,,2024-07-18 06:37:00
I007310,U0096,R0069,saved,,2024-10-26 01:37:00
I007311,U0300,R0081,rated,5.0,2024-06-06 08:19:00
I007312,U0288,R0108,viewed,,2024-01-10 11:19:00
I007313,U0449,R0087,rated,5.0,2024-06-11 20:48:00
I007314,U0013,R0252,viewed,,2024-12-18 23:58:00
I007315,U0236,R0064,viewed,,2024-09-19 00:26:00
I007316,U0089,R0219,viewed,,2024-04-13 02:16:00
I007317,U0405,R0079,viewed,,2024-08-16 12:22:00
I007318,U0250,R0294,viewed,,2024-08-21 11:33:00
I007319,U0042,R0106,saved,,2024-12-20 08:29:00
I007320,U0195,R0087,saved,,2024-10-18 12:26:00
I007321,U0345,R0127,visited,,2024-04-03 00:53:00
I007322,U0247,R0130,saved,,2025-02-16 00:25:00
I007323,U0404,R0086,viewed,,2024-11-05 21:59:00
I007324,U0064,R0045,visited,4.0,2025-02-11 05:39:00
I007325,U0441,R0073,saved,,2024-11-18 06:25:00
I007326,U0404,R0028,visited,,2024-12-04 05:43:00
I007327,U0464,R0198,visited,5.0,2024-02-15 07:20:00
I007328,U0381,R0018,visited,,2025-03-09 10:05:00
I007329,U0154,R0037,visited,4.0,2025-01-27 18:01:00
I007330,U0118,R0214,saved,,2024-04-30 14:59:00
I007331,U0238,R0213,saved,,2024-09-29 23:18:00
I007332,U0260,R0156,viewed,,2024-02-08 01:22:00
I007333,U0435,R0073,viewed,,2024-12-07 15:27:00
I007334,U0200,R0196,viewed,,2024-09-21 06:29:00
I007335,U0117,R0105,visited,,2025-02-27 09:28:00
I007336,U0136,R0041,viewed,,2024-03-25 15:50:00
I007337,U0391,R0190,rated,2.0,2024-10-01 17:00:00
I007338,U0030,R0101,rated,3.0,2024-02-06 04:00:00
I007339,U0489,R0272,visited,2.0,2025-01-17 12:31:00
I007340,U0446,R0029,viewed,,2024-12-15 17:29:00
I007341,U0404,R0266,saved,,2024-01-17 06:17:00
I007342,U0052,R0062,viewed,,2024-02-07 01:05:00
I007343,U0005,R0272,viewed,,2024-04-09 10:48:00
I007344,U0230,R0285,visited,5.0,2024-01-20 16:34:00
I007345,U0488,R0148,rated,3.0,2024-03-12 17:19:00
I007346,U0134,R0135,viewed,,2024-01-15 23:23:00
I007347,U0254,R0297,viewed,,2025-01-09 02:49:00
I007348,U0455,R0177,saved,,2024-04-07 10:24:00
I007349,U0065,R0137,saved,,2024-08-26 17:25:00
I007350,U0212,R0263,visited,2.0,2024-12-21 14:44:00
I007351,U0373,R0186,viewed,,2024-01-17 23:33:00
I007352,U0166,R0209,viewed,,2024-07-14 06:44:00
I007353,U0283,R0194,rated,4.0,2025-03-23 16:01:00
I007354,U0064,R0027,viewed,,2024-02-17 16:18:00
I007355,U0064,R0003,visited,4.0,2024-09-30 07:20:00
I007356,U0357,R0273,viewed,,2025-03-14 05:46:00
I007357,U0499,R0230,visited,,2024-04-02 14:25:00
I007358,U0498,R0009,visited,5.0,2024-03-15 11:00:00
I007359,U0498,R0051,rated,4.0,2024-10-02 22:03:00
I007360,U0372,R0093,saved,,2024-08-08 15:44:00
I007361,U0473,R0123,saved,,2024-05-10 23:03:00
I007362,U0245,R0110,viewed,,2024-03-28 00:54:00
I007363,U0087,R0092,saved,,2024-02-04 15:18:00
I007364,U0172,R0276,viewed,,2024-08-11 18:11:00
I007365,U0128,R0072,saved,,2024-08-07 04:16:00
I007366,U0230,R0142,viewed,,2024-04-14 06:32:00
I007367,U0475,R0044,visited,,2024-01-05 05:52:00
I007368,U0114,R0242,saved,,2025-01-20 21:46:00
I007369,U0444,R0210,rated,5.0,2025-03-29 21:12:00
I007370,U0037,R0147,visited,,2024-05-07 12:07:00
I007371,U0104,R0281,saved,,2024-06-24 20:17:00
I007372,U0349,R0173,saved,,2024-12-14 10:35:00
I007373,U0295,R0225,viewed,,2025-02-09 12:29:00
I007374,U0365,R0039,viewed,,2024-12-15 07:28:00
I007375,U0453,R0122,saved,,2024-07-19 09:18:00
I007376,U0360,R0043,rated,3.0,2024-04-23 18:57:00
I007377,U0172,R0287,rated,3.0,2024-04-06 22:08:00
I007378,U0417,R0217,visited,3.0,2024-03-30 16:04:00
I007379,U0335,R0104,saved,,2024-01-21 12:40:00
I007380,U0410,R0015,viewed,,2024-03-15 03:43:00
I007381,U0249,R0093,visited,,2024-10-03 17:58:00
I007382,U0368,R0226,viewed,,2025-03-24 10:58:00
I007383,U0452,R0105,visited,,2024-03-10 06:46:00
I007384,U0304,R0191,saved,,2024-03-09 21:40:00
I007385,U0208,R0258,viewed,,2024-07-02 05:25:00
I007386,U0476,R0020,visited,3.0,2024-01-09 08:40:00
I007387,U0171,R0056,viewed,,2024-10-15 22:39:00
I007388,U0175,R0002,visited,,2024-08-28 05:25:00
I007389,U0139,R0215,viewed,,2024-08-21 11:51:00
I007390,U0067,R0005,viewed,,2025-01-25 23:53:00
I007391,U0375,R0081,viewed,,2024-04-04 08:50:00
I007392,U0238,R0145,viewed,,2024-10-28 03:39:00
I007393,U0440,R0298,visited,,2025-01-21 09:27:00
I007394,U0167,R0046,saved,,2024-12-14 11:24:00
I007395,U0016,R0105,saved,,2024-10-10 16:37:00
I007396,U0462,R0133,rated,3.0,2024-09-04 17:53:00
I007397,U0491,R0156,visited,,2024-08-08 07:44:00
I007398,U0362,R0183,saved,,2025-03-24 16:00:00
I007399,U0348,R0272,viewed,,2024-06-08 06:42:00
I007400,U0078,R0179,viewed,,2024-03-05 18:48:00
I007401,U0294,R0281,viewed,,2024-03-29 10:15:00
I007402,U0134,R0194,viewed,,2024-10-26 14:56:00
I007403,U0037,R0197,viewed,,2024-03-18 03:29:00
I007404,U0345,R0045,viewed,,2024-08-04 12:39:00
I007405,U0261,R0244,visited,4.0,2024-05-01 07:58:00
I007406,U0272,R0148,viewed,,2024-02-05 02:29:00
I007407,U0291,R0163,visited,,2024-08-22 02:43:00
I007408,U0493,R0043,viewed,,2024-11-11 08:41:00
I007409,U0198,R0063,rated,2.0,2024-12-17 21:41:00
I007410,U0118,R0078,saved,,2024-02-26 22:24:00
I007411,U0155,R0299,viewed,,2025-03-03 03:00:00
I007412,U0030,R0250,viewed,,2024-07-13 16:43:00
I007413,U0449,R0181,rated,4.0,2024-05-29 23:56:00
I007414,U0218,R0148,visited,2.0,2025-01-26 23:45:00
I007415,U0148,R0151,saved,,2024-03-09 16:56:00
I007416,U0146,R0244,saved,,2025-01-17 07:50:00
I007417,U0165,R0254,saved,,2024-11-14 03:48:00
I007418,U0494,R0113,saved,,2024-10-24 18:49:00
I007419,U0404,R0283,rated,5.0,2024-10-07 17:05:00
I007420,U0258,R0251,saved,,2024-07-15 23:28:00
I007421,U0393,R0177,visited,,2025-01-20 04:48:00
I007422,U0310,R0094,saved,,2024-07-27 16:02:00
I007423,U0242,R0070,saved,,2024-08-14 11:53:00
I007424,U0324,R0038,viewed,,2024-05-22 13:12:00
I007425,U0490,R0078,saved,,2025-02-22 00:27:00
I007426,U0070,R0160,saved,,2024-07-18 19:37:00
I007427,U0256,R0161,saved,,2024-09-27 18:54:00
I007428,U0253,R0059,visited,,2024-12-17 14:31:00
I007429,U0475,R0140,viewed,,2024-12-22 19:25:00
I007430,U0041,R0135,saved,,2025-03-15 14:29:00
I007431,U0419,R0159,viewed,,2024-02-22 04:58:00
I007432,U0070,R0237,rated,3.0,2024-04-07 22:42:00
I007433,U0452,R0114,viewed,,2025-02-27 12:39:00
I007434,U0328,R0143,viewed,,2024-08-16 22:37:00
I007435,U0136,R0252,rated,3.0,2024-07-31 17:33:00
I007436,U0214,R0067,viewed,,2024-07-28 20:15:00
I007437,U0025,R0297,viewed,,2024-10-05 05:28:00
I007438,U0286,R0282,saved,,2025-02-02 13:15:00
I007439,U0208,R0280,viewed,,2024-06-02 01:28:00
I007440,U0435,R0272,rated,3.0,2025-03-26 13:55:00
I007441,U0143,R0111,viewed,,2024-03-10 14:31:00
I007442,U0112,R0058,rated,3.0,2024-05-31 21:56:00
I007443,U0275,R0136,viewed,,2024-10-12 15:10:00
I007444,U0257,R0042,saved,,2024-06-16 01:46:00
I007445,U0170,R0280,saved,,2024-10-19 20:23:00
I007446,U0110,R0056,viewed,,2024-01-25 11:39:00
I007447,U0460,R0135,visited,,2024-06-22 06:44:00
I007448,U0139,R0019,visited,,2024-04-02 17:40:00
I007449,U0121,R0074,rated,5.0,2024-02-03 20:58:00
I007450,U0074,R0280,viewed,,2024-04-19 06:16:00
I007451,U0292,R0246,rated,5.0,2024-11-19 19:50:00
I007452,U0451,R0127,viewed,,2024-10-04 07:22:00
I007453,U0175,R0141,visited,,2024-11-20 16:06:00
I007454,U0373,R0051,rated,3.0,2024-09-12 22:25:00
I007455,U0128,R0125,visited,,2024-12-09 05:57:00
I007456,U0262,R0085,viewed,,2024-07-23 21:56:00
I007457,U0256,R0234,viewed,,2025-02-20 09:11:00
I007458,U0297,R0259,viewed,,2025-03-01 14:02:00
I007459,U0326,R0072,visited,,2025-01-03 21:16:00
I007460,U0446,R0217,visited,3.0,2025-01-15 00:05:00
I007461,U0193,R0037,viewed,,2024-10-27 02:46:00
I007462,U0061,R0273,rated,4.0,2024-09-15 01:53:00
I007463,U0091,R0004,viewed,,2024-06-14 20:49:00
I007464,U0331,R0086,saved,,2024-11-25 17:00:00
I007465,U0292,R0211,viewed,,2024-11-09 04:03:00
I007466,U0007,R0267,viewed,,2024-03-15 15:56:00
I007467,U0097,R0267,saved,,2024-06-22 17:19:00
I007468,U0436,R0186,viewed,,2024-05-08 11:18:00
I007469,U0116,R0222,viewed,,2024-09-16 03:48:00
I007470,U0187,R0081,saved,,2024-04-03 20:54:00
I007471,U0290,R0224,viewed,,2024-04-05 07:46:00
I007472,U0212,R0247,saved,,2024-08-01 02:42:00
I007473,U0226,R0098,viewed,,2024-01-13 21:28:00
I007474,U0335,R0130,rated,4.0,2024-02-20 20:33:00
I007475,U0369,R0154,saved,,2024-11-27 13:58:00
I007476,U0382,R0188,saved,,2024-01-13 14:05:00
I007477,U0064,R0273,rated,5.0,2025-02-05 16:33:00
I007478,U0123,R0234,visited,,2024-06-11 20:33:00
I007479,U0096,R0195,visited,3.0,2024-01-14 23:29:00
I007480,U0162,R0029,saved,,2024-08-20 10:49:00
I007481,U0446,R0075,viewed,,2024-09-16 00:26:00
I007482,U0156,R0257,saved,,2024-04-12 00:45:00
I007483,U0488,R0140,visited,,2024-05-03 06:27:00
I007484,U0049,R0122,visited,,2025-01-04 13:23:00
I007485,U0235,R0084,viewed,,2025-02-28 17:07:00
I007486,U0438,R0238,visited,,2024-09-17 01:10:00
I007487,U0202,R0251,visited,3.0,2024-02-05 17:27:00
I007488,U0237,R0248,rated,3.0,2025-03-27 08:04:00
I007489,U0266,R0064,viewed,,2024-05-10 21:43:00
I007490,U0295,R0297,saved,,2024-04-23 13:57:00
I007491,U0103,R0075,viewed,,2025-01-12 21:10:00
I007492,U0427,R0038,saved,,2024-03-18 23:52:00
I007493,U0022,R0290,rated,4.0,2024-10-02 23:59:00
I007494,U0217,R0199,viewed,,2024-08-08 11:13:00
I007495,U0318,R0044,visited,4.0,2024-08-14 21:20:00
I007496,U0420,R0001,viewed,,2024-10-08 20:12:00
I007497,U0180,R0039,visited,,2024-09-21 17:57:00
I007498,U0027,R0124,rated,5.0,2024-05-31 23:32:00
I007499,U0230,R0138,visited,4.0,2025-02-01 23:15:00
I007500,U0292,R0156,viewed,,2024-03-07 15:21:00
I007501,U0469,R0081,viewed,,2024-06-04 14:38:00
I007502,U0096,R0088,visited,4.0,2024-10-29 04:16:00
I007503,U0335,R0193,saved,,2024-09-04 19:40:00
I007504,U0197,R0106,viewed,,2024-12-18 02:38:00
I007505,U0103,R0164,viewed,,2024-10-09 14:58:00
I007506,U0057,R0214,viewed,,2024-02-26 14:03:00
I007507,U0105,R0225,viewed,,2024-03-24 09:09:00
I007508,U0453,R0141,visited,,2024-05-12 10:21:00
I007509,U0416,R0238,viewed,,2025-03-19 14:22:00
I007510,U0389,R0104,rated,2.0,2024-10-10 14:40:00
I007511,U0332,R0299,viewed,,2024-01-18 02:18:00
I007512,U0455,R0266,visited,2.0,2024-09-04 19:53:00
I007513,U0408,R0093,saved,,2025-03-24 21:38:00
I007514,U0342,R0165,viewed,,2024-03-02 02:25:00
I007515,U0482,R0205,viewed,,2024-01-15 07:20:00
I007516,U0187,R0190,rated,2.0,2024-10-05 21:03:00
I007517,U0345,R0027,visited,3.0,2025-03-10 21:48:00
I007518,U0096,R0054,viewed,,2024-01-21 17:50:00
I007519,U0309,R0120,viewed,,2025-03-13 07:27:00
I007520,U0300,R0059,saved,,2025-01-06 15:42:00
I007521,U0270,R0232,rated,4.0,2024-10-22 03:51:00
I007522,U0095,R0053,saved,,2025-03-31 21:02:00
I007523,U0031,R0096,visited,2.0,2024-06-16 21:23:00
I007524,U0231,R0271,rated,5.0,2024-01-30 20:20:00
I007525,U0393,R0135,viewed,,2024-06-26 21:16:00
I007526,U0451,R0104,saved,,2024-03-28 21:49:00
I007527,U0102,R0004,viewed,,2024-11-21 06:15:00
I007528,U0355,R0009,saved,,2024-05-02 04:08:00
I007529,U0135,R0153,saved,,2024-04-27 00:38:00
I007530,U0325,R0263,visited,,2024-08-15 20:46:00
I007531,U0423,R0195,viewed,,2024-04-15 06:18:00
I007532,U0180,R0236,saved,,2024-01-21 02:43:00
I007533,U0105,R0201,saved,,2024-06-16 00:26:00
I007534,U0012,R0161,viewed,,2025-01-04 11:06:00
I007535,U0460,R0058,saved,,2025-01-07 21:49:00
I007536,U0124,R0007,saved,,2024-03-05 13:50:00
I007537,U0444,R0002,visited,3.0,2024-03-06 12:56:00
I007538,U0238,R0014,saved,,2025-01-16 00:01:00
I007539,U0434,R0036,viewed,,2024-05-01 19:40:00
I007540,U0295,R0295,viewed,,2025-03-13 17:36:00
I007541,U0346,R0269,rated,4.0,2024-08-14 02:13:00
I007542,U0449,R0020,visited,4.0,2024-10-14 09:19:00
I007543,U0089,R0086,visited,,2024-04-21 04:05:00
I007544,U0332,R0026,visited,,2024-07-11 00:12:00
I007545,U0094,R0014,rated,4.0,2024-07-01 04:03:00
I007546,U0011,R0089,viewed,,2024-04-18 02:32:00
I007547,U0222,R0004,viewed,,2025-02-21 20:50:00
I007548,U0060,R0137,visited,3.0,2024-09-09 07:00:00
I007549,U0316,R0215,viewed,,2024-04-30 00:02:00
I007550,U0377,R0251,saved,,2025-01-30 20:11:00
I007551,U0167,R0071,viewed,,2024-08-13 12:31:00
I007552,U0500,R0133,viewed,,2024-10-23 03:17:00
I007553,U0075,R0005,viewed,,2025-02-01 12:39:00
I007554,U0485,R0159,viewed,,2024-02-05 09:01:00
I007555,U0104,R0237,visited,2.0,2025-01-20 05:34:00
I007556,U0454,R0145,viewed,,2024-11-17 17:48:00
I007557,U0398,R0260,saved,,2024-09-13 00:11:00
I007558,U0077,R0036,viewed,,2025-02-26 09:41:00
I007559,U0047,R0207,visited,,2024-07-03 22:05:00
I007560,U0441,R0189,visited,2.0,2024-09-01 01:12:00
I007561,U0266,R0238,visited,,2025-01-06 21:35:00
I007562,U0401,R0282,saved,,2025-02-08 07:42:00
I007563,U0283,R0036,saved,,2024-04-14 21:45:00
I007564,U0171,R0187,visited,,2024-08-18 04:52:00
I007565,U0068,R0237,saved,,2024-05-31 14:59:00
I007566,U0305,R0096,visited,,2024-05-15 08:24:00
I007567,U0051,R0231,viewed,,2024-01-29 13:45:00
I007568,U0357,R0251,saved,,2024-02-02 21:10:00
I007569,U0198,R0016,viewed,,2024-11-22 01:01:00
I007570,U0056,R0014,viewed,,2024-01-28 04:49:00
I007571,U0433,R0051,viewed,,2024-11-21 19:19:00
I007572,U0199,R0169,saved,,2024-04-02 08:45:00
I007573,U0318,R0043,saved,,2025-02-05 23:07:00
I007574,U0338,R0298,saved,,2025-01-03 14:26:00
I007575,U0351,R0285,visited,,2024-11-24 21:33:00
I007576,U0272,R0228,visited,3.0,2024-11-18 17:53:00
I007577,U0227,R0109,viewed,,2024-09-22 03:14:00
I007578,U0214,R0034,saved,,2024-11-11 07:25:00
I007579,U0158,R0025,viewed,,2024-01-24 22:40:00
I007580,U0365,R0015,saved,,2024-10-27 10:45:00
I007581,U0316,R0210,rated,5.0,2024-02-15 20:15:00
I007582,U0472,R0074,saved,,2025-01-10 03:46:00
I007583,U0043,R0139,visited,,2024-06-24 08:49:00
I007584,U0076,R0177,viewed,,2025-01-07 12:43:00
I007585,U0179,R0036,viewed,,2025-02-01 02:23:00
I007586,U0279,R0097,viewed,,2024-09-21 07:22:00
I007587,U0426,R0070,viewed,,2024-08-16 15:41:00
I007588,U0373,R0039,visited,2.0,2024-03-14 07:25:00
I007589,U0429,R0024,visited,3.0,2024-04-03 07:18:00
I007590,U0054,R0235,viewed,,2024-05-27 10:55:00
I007591,U0319,R0202,viewed,,2024-03-22 15:54:00
I007592,U0148,R0009,saved,,2024-11-25 18:17:00
I007593,U0312,R0251,rated,3.0,2025-02-21 13:46:00
I007594,U0047,R0189,visited,,2024-07-23 08:42:00
I007595,U0146,R0166,viewed,,2025-01-27 23:26:00
I007596,U0477,R0082,viewed,,2025-02-22 20:42:00
I007597,U0104,R0211,saved,,2024-04-07 03:14:00
I007598,U0125,R0061,viewed,,2024-09-07 23:03:00
I007599,U0046,R0010,saved,,2024-04-25 15:37:00
I007600,U0312,R0060,rated,4.0,2024-06-20 22:00:00
I007601,U0083,R0237,viewed,,2024-08-07 08:18:00
I007602,U0432,R0045,viewed,,2024-10-26 23:09:00
I007603,U0201,R0012,viewed,,2024-10-12 13:13:00
I007604,U0178,R0251,visited,,2024-12-04 10:06:00
I007605,U0227,R0158,viewed,,2024-02-08 07:48:00
I007606,U0180,R0176,viewed,,2024-04-15 07:34:00
I007607,U0045,R0028,viewed,,2024-01-02 10:38:00
I007608,U0324,R0181,saved,,2024-03-04 08:00:00
I007609,U0260,R0240,visited,,2024-09-03 07:54:00
I007610,U0116,R0285,viewed,,2024-11-03 05:03:00
I007611,U0024,R0056,saved,,2024-09-26 19:08:00
I007612,U0060,R0196,rated,4.0,2024-10-20 16:53:00
I007613,U0008,R0219,rated,4.0,2024-09-23 23:09:00
I007614,U0471,R0076,viewed,,2024-11-19 22:10:00
I007615,U0094,R0123,visited,5.0,2024-09-11 04:29:00
I007616,U0355,R0020,viewed,,2024-11-22 10:01:00
I007617,U0437,R0275,viewed,,2024-11-11 12:23:00
I007618,U0444,R0226,viewed,,2025-01-07 14:34:00
I007619,U0131,R0258,viewed,,2024-01-01 01:25:00
I007620,U0361,R0218,saved,,2024-08-06 16:36:00
I007621,U0277,R0193,viewed,,2025-01-30 18:48:00
I007622,U0400,R0125,visited,,2024-08-08 23:04:00
I007623,U0005,R0002,viewed,,2025-01-03 09:41:00
I007624,U0029,R0132,saved,,2024-01-02 02:22:00
I007625,U0436,R0105,rated,3.0,2024-01-04 00:48:00
I007626,U0185,R0273,visited,5.0,2024-10-04 10:41:00
I007627,U0457,R0285,viewed,,2024-06-17 12:04:00
I007628,U0227,R0267,visited,,2024-08-19 12:01:00
I007629,U0102,R0096,visited,,2024-03-01 22:24:00
I007630,U0188,R0077,visited,,2024-10-30 06:48:00
I007631,U0352,R0219,rated,4.0,2024-04-04 10:36:00
I007632,U0478,R0298,saved,,2024-12-14 21:45:00
I007633,U0121,R0096,rated,3.0,2025-03-31 11:31:00
I007634,U0160,R0094,viewed,,2024-02-08 05:09:00
I007635,U0372,R0257,rated,5.0,2024-08-10 04:34:00
I007636,U0021,R0235,visited,5.0,2024-04-03 23:52:00
I007637,U0408,R0010,viewed,,2024-06-15 16:33:00
I007638,U0182,R0023,visited,5.0,2025-03-02 11:50:00
I007639,U0435,R0057,saved,,2025-01-26 07:53:00
I007640,U0396,R0163,saved,,2024-07-03 19:51:00
I007641,U0486,R0008,viewed,,2024-12-25 15:39:00
I007642,U0105,R0243,saved,,2025-02-22 01:06:00
I007643,U0177,R0094,viewed,,2024-04-12 14:18:00
I007644,U0141,R0280,saved,,2024-01-09 11:09:00
I007645,U0146,R0149,viewed,,2025-03-11 05:21:00
I007646,U0234,R0262,visited,4.0,2024-02-26 06:01:00
I007647,U0016,R0119,visited,,2024-06-26 09:02:00
I007648,U0369,R0118,viewed,,2024-10-01 12:22:00
I007649,U0259,R0164,viewed,,2025-03-28 22:47:00
I007650,U0289,R0106,visited,,2024-01-12 12:59:00
I007651,U0489,R0035,saved,,2025-03-16 00:05:00
I007652,U0308,R0041,saved,,2024-09-18 22:28:00
I007653,U0289,R0161,rated,3.0,2024-08-26 20:44:00
I007654,U0205,R0094,visited,,2024-02-08 14:52:00
I007655,U0253,R0171,visited,4.0,2024-10-06 20:37:00
I007656,U0020,R0092,saved,,2025-02-23 07:26:00
I007657,U0329,R0144,viewed,,2025-01-06 20:01:00
I007658,U0215,R0222,viewed,,2024-11-11 12:57:00
I007659,U0165,R0066,saved,,2025-02-07 17:15:00
I007660,U0442,R0082,visited,,2024-11-02 17:28:00
I007661,U0405,R0005,rated,3.0,2024-12-15 09:43:00
I007662,U0131,R0138,viewed,,2024-07-29 02:13:00
I007663,U0251,R0008,viewed,,2024-10-04 21:18:00
I007664,U0311,R0244,saved,,2024-06-11 22:02:00
I007665,U0124,R0289,saved,,2025-03-25 03:54:00
I007666,U0195,R0181,saved,,2024-10-03 00:26:00
I007667,U0325,R0203,viewed,,2024-02-01 19:12:00
I007668,U0012,R0076,visited,,2025-02-12 04:00:00
I007669,U0262,R0145,viewed,,2024-02-27 06:16:00
I007670,U0465,R0115,viewed,,2024-01-17 06:35:00
I007671,U0080,R0058,viewed,,2024-01-04 10:50:00
I007672,U0388,R0023,visited,,2024-02-03 07:03:00
I007673,U0312,R0153,saved,,2024-07-27 09:41:00
I007674,U0009,R0244,viewed,,2024-07-12 05:04:00
I007675,U0183,R0184,visited,4.0,2025-03-12 03:25:00
I007676,U0291,R0156,saved,,2024-01-08 08:20:00
I007677,U0136,R0295,viewed,,2025-01-03 15:33:00
I007678,U0219,R0207,visited,4.0,2024-09-27 14:55:00
I007679,U0007,R0007,saved,,2024-03-19 01:58:00
I007680,U0222,R0238,saved,,2024-04-05 03:56:00
I007681,U0410,R0081,rated,4.0,2024-06-03 11:57:00
I007682,U0486,R0015,rated,3.0,2024-06-05 14:33:00
I007683,U0459,R0263,rated,1.0,2025-02-10 11:39:00
I007684,U0152,R0075,saved,,2025-02-03 06:49:00
I007685,U0007,R0006,viewed,,2024-05-03 05:15:00
I007686,U0069,R0018,viewed,,2024-10-28 06:45:00
I007687,U0294,R0168,viewed,,2024-01-08 15:04:00
I007688,U0354,R0262,viewed,,2024-11-06 00:15:00
I007689,U0367,R0170,viewed,,2024-01-27 20:13:00
I007690,U0127,R0292,viewed,,2024-01-19 11:44:00
I007691,U0027,R0231,viewed,,2025-03-04 21:48:00
I007692,U0344,R0111,visited,,2024-05-20 05:25:00
I007693,U0109,R0145,viewed,,2025-01-22 15:22:00
I007694,U0191,R0038,rated,2.0,2024-07-24 19:33:00
I007695,U0116,R0081,visited,4.0,2025-02-18 17:57:00
I007696,U0270,R0096,visited,,2024-02-29 14:37:00
I007697,U0204,R0224,viewed,,2024-08-18 15:45:00
I007698,U0133,R0160,visited,4.0,2024-05-26 06:56:00
I007699,U0172,R0271,visited,4.0,2024-03-15 17:50:00
I007700,U0316,R0188,viewed,,2024-05-20 10:28:00
I007701,U0476,R0097,viewed,,2024-01-18 14:06:00
I007702,U0476,R0293,viewed,,2024-05-15 13:59:00
I007703,U0372,R0191,viewed,,2025-01-07 08:22:00
I007704,U0222,R0129,saved,,2024-02-04 20:11:00
I007705,U0295,R0029,visited,,2024-02-20 04:48:00
I007706,U0294,R0299,saved,,2024-04-09 14:02:00
I007707,U0463,R0018,viewed,,2024-04-21 21:38:00
I007708,U0095,R0075,saved,,2024-08-09 03:22:00
I007709,U0178,R0044,visited,,2024-08-30 22:18:00
I007710,U0477,R0093,viewed,,2024-06-17 16:13:00
I007711,U0045,R0112,visited,,2024-04-12 09:58:00
I007712,U0442,R0275,visited,4.0,2024-04-27 12:09:00
I007713,U0374,R0055,saved,,2024-09-02 23:35:00
I007714,U0448,R0161,viewed,,2024-05-28 05:52:00
I007715,U0474,R0261,rated,3.0,2024-07-18 17:20:00
I007716,U0064,R0079,visited,,2025-01-28 11:43:00
I007717,U0026,R0028,visited,5.0,2024-01-22 04:32:00
I007718,U0485,R0052,viewed,,2024-05-28 22:57:00
I007719,U0411,R0241,viewed,,2024-01-26 11:08:00
I007720,U0061,R0238,viewed,,2024-09-12 07:36:00
I007721,U0029,R0041,viewed,,2024-03-04 13:08:00
I007722,U0297,R0162,viewed,,2024-01-27 14:30:00
I007723,U0058,R0298,rated,4.0,2024-08-10 15:55:00
I007724,U0383,R0132,viewed,,2025-02-28 01:25:00
I007725,U0147,R0160,viewed,,2024-06-23 01:57:00
I007726,U0150,R0182,saved,,2025-01-17 09:20:00
I007727,U0055,R0089,rated,3.0,2024-09-09 13:26:00
I007728,U0109,R0094,viewed,,2024-10-02 03:35:00
I007729,U0212,R0265,visited,5.0,2024-06-01 10:33:00
I007730,U0346,R0175,visited,,2024-09-05 02:00:00
I007731,U0384,R0284,rated,2.0,2024-04-30 09:11:00
I007732,U0419,R0156,viewed,,2024-04-04 16:55:00
I007733,U0267,R0243,viewed,,2024-03-10 11:05:00
I007734,U0408,R0108,viewed,,2025-03-12 05:20:00
I007735,U0274,R0207,viewed,,2024-02-03 20:16:00
I007736,U0006,R0281,rated,5.0,2024-09-13 14:16:00
I007737,U0080,R0212,saved,,2024-06-08 14:07:00
I007738,U0411,R0088,saved,,2024-03-05 15:23:00
I007739,U0233,R0099,saved,,2024-01-17 00:26:00
I007740,U0347,R0115,visited,,2024-11-10 22:42:00
I007741,U0415,R0277,visited,5.0,2024-11-21 11:10:00
I007742,U0306,R0222,saved,,2024-12-06 20:33:00
I007743,U0158,R0201,viewed,,2024-02-06 12:47:00
I007744,U0163,R0168,viewed,,2025-02-09 19:27:00
I007745,U0004,R0149,rated,4.0,2024-06-13 17:16:00
I007746,U0304,R0298,viewed,,2025-02-13 10:30:00
I007747,U0281,R0185,visited,,2024-10-29 19:50:00
I007748,U0139,R0012,rated,5.0,2025-01-14 14:29:00
I007749,U0498,R0076,visited,4.0,2024-01-13 19:55:00
I007750,U0382,R0038,rated,3.0,2025-03-15 21:18:00
I007751,U0027,R0271,viewed,,2024-08-30 07:27:00
I007752,U0269,R0173,viewed,,2024-05-18 11:10:00
I007753,U0467,R0059,rated,4.0,2024-11-28 01:44:00
I007754,U0498,R0048,viewed,,2024-09-25 05:49:00
I007755,U0352,R0167,saved,,2024-11-28 10:08:00
I007756,U0058,R0187,saved,,2024-08-04 07:12:00
I007757,U0127,R0288,visited,,2024-10-18 21:34:00
I007758,U0130,R0076,viewed,,2024-10-30 01:06:00
I007759,U0240,R0240,viewed,,2024-11-25 01:44:00
I007760,U0465,R0101,saved,,2024-11-02 20:15:00
I007761,U0354,R0209,rated,4.0,2025-04-01 08:40:00
I007762,U0462,R0111,viewed,,2024-10-18 12:45:00
I007763,U0358,R0293,viewed,,2024-06-23 05:04:00
I007764,U0086,R0203,viewed,,2024-06-12 17:50:00
I007765,U0429,R0141,saved,,2024-07-31 01:32:00
I007766,U0014,R0225,rated,4.0,2024-08-03 01:00:00
I007767,U0362,R0131,visited,,2025-02-22 13:33:00
I007768,U0429,R0078,viewed,,2024-10-22 07:15:00
I007769,U0209,R0280,viewed,,2024-01-08 21:39:00
I007770,U0227,R0217,visited,4.0,2025-01-07 15:57:00
I007771,U0316,R0174,viewed,,2024-12-09 20:30:00
I007772,U0122,R0241,viewed,,2024-04-05 12:55:00
I007773,U0314,R0214,saved,,2024-04-26 19:04:00
I007774,U0196,R0054,viewed,,2024-10-09 19:14:00
I007775,U0121,R0066,viewed,,2025-02-22 02:24:00
I007776,U0144,R0269,viewed,,2024-03-18 04:21:00
I007777,U0092,R0158,viewed,,2024-07-12 07:38:00
I007778,U0003,R0270,viewed,,2024-01-18 12:00:00
I007779,U0321,R0203,saved,,2024-10-07 18:47:00
I007780,U0004,R0206,viewed,,2024-04-02 06:57:00
I007781,U0262,R0069,visited,3.0,2024-06-02 17:49:00
I007782,U0303,R0215,visited,5.0,2024-04-05 01:08:00
I007783,U0084,R0133,viewed,,2024-12-13 05:35:00
I007784,U0251,R0129,viewed,,2024-11-12 09:00:00
I007785,U0154,R0125,viewed,,2024-05-25 02:07:00
I007786,U0119,R0136,rated,3.0,2024-02-10 06:02:00
I007787,U0024,R0179,viewed,,2024-07-10 06:11:00
I007788,U0232,R0290,viewed,,2024-04-22 03:26:00
I007789,U0486,R0282,viewed,,2024-06-19 09:35:00
I007790,U0498,R0048,visited,,2024-05-06 07:22:00
I007791,U0162,R0208,saved,,2024-11-20 05:19:00
I007792,U0452,R0254,viewed,,2024-09-26 15:36:00
I007793,U0068,R0253,viewed,,2025-01-12 02:14:00
I007794,U0240,R0028,viewed,,2025-02-17 23:37:00
I007795,U0260,R0149,viewed,,2024-08-02 15:39:00
I007796,U0458,R0111,viewed,,2024-06-03 23:47:00
I007797,U0095,R0016,viewed,,2024-06-11 05:07:00
I007798,U0468,R0050,visited,,2024-09-27 20:05:00
I007799,U0408,R0117,viewed,,2024-08-08 06:43:00
I007800,U0311,R0101,visited,4.0,2024-05-22 03:29:00
I007801,U0451,R0037,visited,,2024-01-14 07:39:00
I007802,U0337,R0205,viewed,,2024-10-11 00:27:00
I007803,U0314,R0019,visited,,2024-02-10 03:19:00
I007804,U0332,R0263,visited,,2024-02-27 05:00:00
I007805,U0130,R0148,viewed,,2024-01-11 02:42:00
I007806,U0463,R0214,rated,5.0,2024-12-08 02:21:00
I007807,U0424,R0045,viewed,,2024-04-23 02:21:00
I007808,U0115,R0095,rated,3.0,2024-05-12 18:14:00
I007809,U0436,R0206,visited,,2024-03-26 13:10:00
I007810,U0477,R0102,viewed,,2024-03-10 21:16:00
I007811,U0450,R0006,viewed,,2025-01-19 01:00:00
I007812,U0454,R0085,saved,,2024-12-04 09:00:00
I007813,U0233,R0217,viewed,,2024-03-15 15:47:00
I007814,U0081,R0296,viewed,,2024-11-21 12:20:00
I007815,U0377,R0171,viewed,,2024-05-13 18:12:00
I007816,U0003,R0016,visited,,2024-04-21 17:11:00
I007817,U0131,R0007,saved,,2024-03-11 21:32:00
I007818,U0115,R0159,viewed,,2024-06-02 11:24:00
I007819,U0218,R0103,saved,,2025-03-19 20:02:00
I007820,U0194,R0219,visited,,2024-05-26 19:17:00
I007821,U0430,R0155,visited,4.0,2024-08-25 03:31:00
I007822,U0340,R0296,viewed,,2024-01-26 00:08:00
I007823,U0270,R0258,saved,,2024-10-22 21:08:00
I007824,U0467,R0275,viewed,,2024-06-16 01:30:00
I007825,U0348,R0264,viewed,,2024-04-10 22:31:00
I007826,U0006,R0034,rated,2.0,2024-08-09 16:57:00
I007827,U0296,R0248,viewed,,2025-01-05 13:53:00
I007828,U0132,R0193,viewed,,2024-12-08 04:53:00
I007829,U0222,R0289,rated,4.0,2025-02-20 18:14:00
I007830,U0431,R0151,rated,4.0,2024-11-13 13:56:00
I007831,U0097,R0185,viewed,,2025-04-01 21:12:00
I007832,U0372,R0044,saved,,2024-12-10 12:02:00
I007833,U0185,R0235,visited,5.0,2024-06-12 16:07:00
I007834,U0013,R0019,viewed,,2024-06-06 14:23:00
I007835,U0033,R0092,viewed,,2024-04-30 15:43:00
I007836,U0292,R0277,visited,,2024-03-16 00:51:00
I007837,U0350,R0115,rated,5.0,2024-09-10 20:48:00
I007838,U0366,R0035,visited,,2025-02-12 04:42:00
I007839,U0453,R0069,viewed,,2024-12-26 03:50:00
I007840,U0189,R0185,viewed,,2024-03-15 05:15:00
I007841,U0360,R0070,viewed,,2024-08-20 11:18:00
I007842,U0490,R0106,rated,5.0,2024-11-10 18:52:00
I007843,U0324,R0041,viewed,,2024-06-08 17:12:00
I007844,U0041,R0265,viewed,,2024-12-22 22:30:00
I007845,U0246,R0101,visited,,2024-12-04 23:37:00
I007846,U0246,R0227,viewed,,2024-04-29 06:41:00
I007847,U0424,R0081,viewed,,2025-02-14 06:07:00
I007848,U0124,R0134,viewed,,2025-01-24 11:55:00
I007849,U0192,R0032,viewed,,2024-05-13 10:38:00
I007850,U0287,R0072,viewed,,2024-07-05 02:30:00
I007851,U0115,R0032,rated,5.0,2024-04-23 11:20:00
I007852,U0169,R0185,viewed,,2024-01-06 22:48:00
I007853,U0229,R0045,saved,,2024-01-12 03:47:00
I007854,U0324,R0003,viewed,,2024-12-07 05:15:00
I007855,U0182,R0157,saved,,2025-01-04 08:20:00
I007856,U0172,R0205,viewed,,2024-08-31 22:19:00
I007857,U0042,R0203,viewed,,2024-05-08 10:37:00
I007858,U0326,R0250,saved,,2024-10-02 08:13:00
I007859,U0293,R0219,rated,3.0,2024-01-26 19:57:00
I007860,U0298,R0041,rated,3.0,2024-06-29 20:01:00
I007861,U0380,R0236,visited,,2024-09-28 02:26:00
I007862,U0388,R0190,rated,2.0,2024-10-21 22:42:00
I007863,U0273,R0186,viewed,,2024-07-05 20:12:00
I007864,U0321,R0080,saved,,2024-10-12 07:41:00
I007865,U0191,R0122,visited,,2024-06-18 00:45:00
I007866,U0028,R0214,viewed,,2024-07-28 03:40:00
I007867,U0407,R0298,rated,5.0,2024-04-04 08:25:00
I007868,U0471,R0222,viewed,,2024-11-28 18:36:00
I007869,U0211,R0261,viewed,,2024-08-03 12:36:00
I007870,U0317,R0140,saved,,2024-04-01 17:05:00
I007871,U0080,R0173,visited,5.0,2025-02-08 23:38:00
I007872,U0094,R0225,viewed,,2024-04-04 03:15:00
I007873,U0220,R0010,viewed,,2024-07-24 07:04:00
I007874,U0060,R0093,viewed,,2024-12-06 00:47:00
I007875,U0348,R0107,visited,,2024-08-01 00:42:00
I007876,U0345,R0250,visited,,2025-03-07 19:13:00
I007877,U0267,R0194,saved,,2025-02-24 00:17:00
I007878,U0422,R0078,visited,,2025-02-14 12:46:00
I007879,U0215,R0097,visited,3.0,2024-01-08 22:44:00
I007880,U0039,R0077,saved,,2024-03-01 10:15:00
I007881,U0337,R0166,viewed,,2024-09-15 15:51:00
I007882,U0464,R0076,saved,,2024-03-12 23:23:00
I007883,U0466,R0114,viewed,,2024-01-05 22:49:00
I007884,U0255,R0151,saved,,2024-05-15 02:26:00
I007885,U0069,R0262,saved,,2025-03-31 00:08:00
I007886,U0108,R0070,visited,3.0,2024-04-15 18:11:00
I007887,U0257,R0020,visited,,2024-09-19 11:50:00
I007888,U0170,R0033,saved,,2024-08-05 12:44:00
I007889,U0121,R0058,viewed,,2024-09-17 07:51:00
I007890,U0201,R0300,saved,,2024-07-11 06:53:00
I007891,U0162,R0012,viewed,,2025-01-18 03:35:00
I007892,U0422,R0275,saved,,2025-03-16 14:29:00
I007893,U0186,R0123,saved,,2024-12-21 08:40:00
I007894,U0318,R0011,visited,,2024-02-15 21:58:00
I007895,U0204,R0257,saved,,2024-03-16 15:49:00
I007896,U0216,R0029,rated,3.0,2024-04-25 23:31:00
I007897,U0007,R0165,viewed,,2024-12-29 10:06:00
I007898,U0429,R0143,saved,,2024-10-02 13:04:00
I007899,U0498,R0157,saved,,2024-03-04 07:40:00
I007900,U0335,R0285,visited,,2024-02-02 08:45:00
I007901,U0500,R0056,visited,5.0,2024-12-05 09:46:00
I007902,U0053,R0215,viewed,,2024-12-18 23:02:00
I007903,U0333,R0271,visited,4.0,2024-04-25 10:22:00
I007904,U0074,R0205,saved,,2024-07-01 10:26:00
I007905,U0191,R0283,viewed,,2024-10-12 04:44:00
I007906,U0439,R0130,viewed,,2024-03-17 01:23:00
I007907,U0197,R0012,viewed,,2024-09-22 09:43:00
I007908,U0300,R0224,visited,,2024-03-03 18:11:00
I007909,U0239,R0206,viewed,,2024-06-26 11:42:00
I007910,U0153,R0119,visited,5.0,2024-07-15 12:28:00
I007911,U0085,R0184,viewed,,2024-11-06 07:48:00
I007912,U0287,R0204,visited,,2024-10-01 15:40:00
I007913,U0380,R0240,saved,,2024-11-16 14:40:00
I007914,U0051,R0111,rated,2.0,2024-06-16 16:47:00
I007915,U0499,R0284,visited,3.0,2024-10-26 08:58:00
I007916,U0141,R0044,rated,4.0,2025-03-26 13:19:00
I007917,U0332,R0279,viewed,,2024-07-23 14:44:00
I007918,U0080,R0004,saved,,2024-05-16 14:19:00
I007919,U0003,R0175,viewed,,2024-08-31 10:00:00
I007920,U0064,R0210,visited,,2024-05-22 15:32:00
I007921,U0469,R0068,saved,,2024-03-31 17:30:00
I007922,U0363,R0122,saved,,2025-03-20 16:22:00
I007923,U0223,R0130,viewed,,2024-04-18 19:54:00
I007924,U0146,R0242,saved,,2025-02-14 08:56:00
I007925,U0374,R0050,viewed,,2024-05-24 22:17:00
I007926,U0337,R0222,saved,,2024-05-10 09:13:00
I007927,U0187,R0275,viewed,,2025-01-24 03:00:00
I007928,U0188,R0114,saved,,2024-12-23 14:40:00
I007929,U0097,R0144,viewed,,2024-05-21 21:09:00
I007930,U0276,R0063,rated,3.0,2024-11-07 09:15:00
I007931,U0405,R0270,saved,,2025-03-19 01:34:00
I007932,U0233,R0153,rated,3.0,2025-01-06 13:01:00
I007933,U0217,R0225,saved,,2024-09-19 12:04:00
I007934,U0338,R0132,viewed,,2024-03-18 09:34:00
I007935,U0274,R0234,rated,3.0,2024-01-16 05:48:00
I007936,U0288,R0074,viewed,,2025-01-19 13:22:00
I007937,U0408,R0163,viewed,,2024-04-06 17:18:00
I007938,U0434,R0269,viewed,,2024-06-29 03:22:00
I007939,U0366,R0153,viewed,,2024-11-01 00:48:00
I007940,U0020,R0228,saved,,2024-04-16 16:12:00
I007941,U0430,R0177,viewed,,2024-07-03 09:29:00
I007942,U0373,R0235,viewed,,2024-10-17 07:45:00
I007943,U0332,R0146,rated,4.0,2024-09-05 06:29:00
I007944,U0009,R0095,saved,,2024-07-19 03:30:00
I007945,U0424,R0133,saved,,2024-06-04 23:58:00
I007946,U0345,R0095,viewed,,2024-06-27 17:51:00
I007947,U0064,R0278,saved,,2024-01-08 19:05:00
I007948,U0006,R0056,saved,,2025-03-21 18:43:00
I007949,U0286,R0127,visited,,2024-08-04 21:00:00
I007950,U0480,R0237,visited,,2024-04-07 08:20:00
I007951,U0341,R0023,viewed,,2024-07-23 21:49:00
I007952,U0390,R0242,viewed,,2024-09-08 15:37:00
I007953,U0373,R0262,viewed,,2024-11-25 04:06:00
I007954,U0141,R0165,viewed,,2025-02-15 06:15:00
I007955,U0087,R0047,visited,3.0,2024-10-30 06:35:00
I007956,U0070,R0204,saved,,2024-06-24 13:06:00
I007957,U0033,R0148,viewed,,2024-09-08 10:24:00
I007958,U0077,R0127,visited,3.0,2024-02-06 17:59:00
I007959,U0436,R0132,viewed,,2025-02-08 12:38:00
I007960,U0103,R0172,rated,5.0,2024-09-07 03:52:00
I007961,U0270,R0030,rated,4.0,2024-08-22 02:03:00
I007962,U0305,R0201,viewed,,2024-07-04 00:03:00
I007963,U0075,R0102,saved,,2025-02-03 02:19:00
I007964,U0391,R0018,viewed,,2024-05-09 04:05:00
I007965,U0418,R0044,viewed,,2024-04-29 22:16:00
I007966,U0313,R0053,rated,3.0,2025-03-23 01:28:00
I007967,U0166,R0044,saved,,2024-10-28 21:43:00
I007968,U0301,R0220,rated,4.0,2024-04-26 17:55:00
I007969,U0121,R0134,visited,,2024-07-28 08:27:00
I007970,U0012,R0173,viewed,,2024-01-18 23:48:00
I007971,U0438,R0131,viewed,,2024-08-19 00:14:00
I007972,U0155,R0238,viewed,,2024-07-21 06:30:00
I007973,U0405,R0145,viewed,,2024-06-26 01:41:00
I007974,U0230,R0134,viewed,,2024-10-15 17:53:00
I007975,U0279,R0111,saved,,2024-04-27 00:04:00
I007976,U0290,R0227,viewed,,2024-10-27 04:23:00
I007977,U0248,R0168,viewed,,2024-05-09 09:54:00
I007978,U0208,R0227,saved,,2025-01-09 03:49:00
I007979,U0025,R0064,viewed,,2025-03-09 05:28:00
I007980,U0446,R0043,saved,,2024-04-13 09:35:00
I007981,U0063,R0030,saved,,2024-11-23 10:13:00
I007982,U0394,R0294,visited,4.0,2024-03-07 04:05:00
I007983,U0257,R0050,saved,,2025-02-02 15:49:00
I007984,U0481,R0102,saved,,2024-12-06 16:41:00
I007985,U0307,R0175,visited,,2024-03-15 17:03:00
I007986,U0196,R0280,viewed,,2024-09-09 20:54:00
I007987,U0488,R0096,viewed,,2024-02-04 02:43:00
I007988,U0410,R0109,viewed,,2025-03-17 23:07:00
I007989,U0499,R0082,viewed,,2025-01-09 05:34:00
I007990,U0133,R0180,rated,5.0,2024-01-23 20:42:00
I007991,U0108,R0091,viewed,,2024-12-25 11:41:00
I007992,U0416,R0151,rated,4.0,2024-05-21 09:45:00
I007993,U0111,R0094,rated,4.0,2024-09-20 20:41:00
I007994,U0057,R0013,rated,4.0,2025-03-05 17:37:00
I007995,U0237,R0083,saved,,2024-04-19 12:37:00
I007996,U0126,R0191,visited,,2024-09-19 11:04:00
I007997,U0163,R0112,viewed,,2024-08-05 15:56:00
I007998,U0403,R0147,viewed,,2024-12-09 00:56:00
I007999,U0316,R0155,viewed,,2024-07-07 10:26:00
I008000,U0005,R0003,saved,,2024-10-30 13:51:00
